policy,policy_vector,st_economic_costs,d_costs,h_costs,mh_costs,num_deaths,num_cases,humanitarian_costs,economic_costs,total_costs
No_Measure-No_Measure-No_Measure,"['No_Measure', 'No_Measure', 'No_Measure']",25831720508.16697,1395324880695.9211,36078216717.743126,132779469804.68634,236662,3618630,1564182567218.3506,25831720508.16697,1590014287726.5176
No_Measure-No_Measure-Restrict_Mass_Gatherings,"['No_Measure', 'No_Measure', 'Restrict_Mass_Gatherings']",28725622020.568665,1394727725369.3022,36056754786.136566,132762794426.74234,236546,3614974,1563547274582.1812,28725622020.568665,1592272896602.7498
No_Measure-No_Measure-Restrict_Mass_Gatherings_and_Schools,"['No_Measure', 'No_Measure', 'Restrict_Mass_Gatherings_and_Schools']",37597907803.99274,1392513775373.633,35988689670.00443,132709944972.62935,236176,3603387,1561212410016.2668,37597907803.99274,1598810317820.2595
No_Measure-No_Measure-Authorize_Schools_but_Restrict_Mass_Gatherings_and_Others,"['No_Measure', 'No_Measure', 'Authorize_Schools_but_Restrict_Mass_Gatherings_and_Others']",30558960677.555958,1394256339071.8796,36043154229.8256,132752148821.67635,236472,3612640,1563051642123.3816,30558960677.555958,1593610602800.9375
No_Measure-No_Measure-Restrict_Mass_Gatherings_and_Schools_and_Others,"['No_Measure', 'No_Measure', 'Restrict_Mass_Gatherings_and_Schools_and_Others']",38754273381.73019,1390905384017.5845,35938076350.65031,132670883720.79335,235901,3594823,1559514344089.0283,38754273381.73019,1598268617470.7585
No_Measure-No_Measure-Lockdown,"['No_Measure', 'No_Measure', 'Lockdown']",43125185843.92015,1391864539777.6624,35969944218.00177,132695426994.51234,236074,3600204,1560529910990.1765,43125185843.92015,1603655096834.0967
No_Measure-Restrict_Mass_Gatherings-No_Measure,"['No_Measure', 'Restrict_Mass_Gatherings', 'No_Measure']",28441886630.369026,1377645992665.368,35578795447.457886,132581504424.78934,233654,3575227,1545806292537.615,28441886630.369026,1574248179167.9841
No_Measure-Restrict_Mass_Gatherings-Restrict_Mass_Gatherings,"['No_Measure', 'Restrict_Mass_Gatherings', 'Restrict_Mass_Gatherings']",31337465698.729584,1377010867698.417,35560988182.27165,132565900905.11035,233555,3571806,1545137756785.799,31337465698.729584,1576475222484.5286
No_Measure-Restrict_Mass_Gatherings-Restrict_Mass_Gatherings_and_Schools,"['No_Measure', 'Restrict_Mass_Gatherings', 'Restrict_Mass_Gatherings_and_Schools']",40217603871.74834,1375196691779.655,35505508681.90216,132518068659.89734,233250,3561319,1543220269121.4546,40217603871.74834,1583437872993.203
No_Measure-Restrict_Mass_Gatherings-Authorize_Schools_but_Restrict_Mass_Gatherings_and_Others,"['No_Measure', 'Restrict_Mass_Gatherings', 'Authorize_Schools_but_Restrict_Mass_Gatherings_and_Others']",33172303448.27586,1376613389906.5374,35549887503.325455,132556213130.83435,233493,3569682,1544719490540.6973,33172303448.27586,1577891793988.9731
No_Measure-Restrict_Mass_Gatherings-Restrict_Mass_Gatherings_and_Schools_and_Others,"['No_Measure', 'Restrict_Mass_Gatherings', 'Restrict_Mass_Gatherings_and_Schools_and_Others']",41381586267.392624,1373928618477.2524,35465508741.908066,132483874100.69435,233030,3553822,1541878001319.8547,41381586267.392624,1583259587587.2473
No_Measure-Restrict_Mass_Gatherings-Lockdown,"['No_Measure', 'Restrict_Mass_Gatherings', 'Lockdown']",45747358983.66606,1374806429853.9893,35490415551.211945,132505133383.13335,233167,3558483,1542801978788.3345,45747358983.66606,1588549337772.0005
No_Measure-Restrict_Mass_Gatherings_and_Schools-No_Measure,"['No_Measure', 'Restrict_Mass_Gatherings_and_Schools', 'No_Measure']",36123635934.664246,1306469662469.4353,33544035742.90571,131767973123.85236,221580,3396864,1471781671336.1934,36123635934.664246,1507905307270.8577
No_Measure-Restrict_Mass_Gatherings_and_Schools-Restrict_Mass_Gatherings,"['No_Measure', 'Restrict_Mass_Gatherings_and_Schools', 'Restrict_Mass_Gatherings']",38981516394.434364,1304929948840.6738,33496074445.277863,131728282440.35434,221317,3388162,1470154305726.306,38981516394.434364,1509135822120.7402
No_Measure-Restrict_Mass_Gatherings_and_Schools-Restrict_Mass_Gatherings_and_Schools,"['No_Measure', 'Restrict_Mass_Gatherings_and_Schools', 'Restrict_Mass_Gatherings_and_Schools']",47753705626.1343,1300288568428.9583,33355277616.575527,131611477256.06334,220547,3362553,1465255323301.597,47753705626.1343,1513009028927.7312
No_Measure-Restrict_Mass_Gatherings_and_Schools-Authorize_Schools_but_Restrict_Mass_Gatherings_and_Others,"['No_Measure', 'Restrict_Mass_Gatherings_and_Schools', 'Authorize_Schools_but_Restrict_Mass_Gatherings_and_Others']",40793903448.27586,1303925078630.5894,33467248451.89181,131704250009.72334,221160,3382893,1469096577092.2046,40793903448.27586,1509890480540.4805
No_Measure-Restrict_Mass_Gatherings_and_Schools-Restrict_Mass_Gatherings_and_Schools_and_Others,"['No_Measure', 'Restrict_Mass_Gatherings_and_Schools', 'Restrict_Mass_Gatherings_and_Schools_and_Others']",48843361584.99698,1297089526528.322,33255294213.937336,131529792534.07234,220002,3344644,1461874613276.3315,48843361584.99698,1510717974861.3286
No_Measure-Restrict_Mass_Gatherings_and_Schools-Lockdown,"['No_Measure', 'Restrict_Mass_Gatherings_and_Schools', 'Lockdown']",53255470538.41501,1299131850047.851,33317756099.800476,131580657910.12035,220344,3355796,1464030264057.772,53255470538.41501,1517285734596.187
No_Measure-Authorize_Schools_but_Restrict_Mass_Gatherings_and_Others-No_Measure,"['No_Measure', 'Authorize_Schools_but_Restrict_Mass_Gatherings_and_Others', 'No_Measure']",30099852873.563217,1366287566021.048,35258480715.341415,132458806300.59035,231724,3548326,1534004853036.9797,30099852873.563217,1564104705910.543
No_Measure-Authorize_Schools_but_Restrict_Mass_Gatherings_and_Others-Restrict_Mass_Gatherings,"['No_Measure', 'Authorize_Schools_but_Restrict_Mass_Gatherings_and_Others', 'Restrict_Mass_Gatherings']",32976493405.928616,1365034755873.7605,35222340445.49956,132431102185.26434,231527,3542252,1532688198504.5244,32976493405.928616,1565664691910.4531
No_Measure-Authorize_Schools_but_Restrict_Mass_Gatherings_and_Others-Restrict_Mass_Gatherings_and_Schools,"['No_Measure', 'Authorize_Schools_but_Restrict_Mass_Gatherings_and_Others', 'Restrict_Mass_Gatherings_and_Schools']",41798067029.64307,1361458407745.6687,35110447536.46911,132345850683.85535,230920,3523561,1528914705965.9932,41798067029.64307,1570712772995.6362
No_Measure-Authorize_Schools_but_Restrict_Mass_Gatherings_and_Others-Authorize_Schools_but_Restrict_Mass_Gatherings_and_Others,"['No_Measure', 'Authorize_Schools_but_Restrict_Mass_Gatherings_and_Others', 'Authorize_Schools_but_Restrict_Mass_Gatherings_and_Others']",34799573986.69086,1364400495984.6501,35199822376.33018,132413902280.93535,231405,3538481,1532014220641.9155,34799573986.69086,1566813794628.6064
No_Measure-Authorize_Schools_but_Restrict_Mass_Gatherings_and_Others-Restrict_Mass_Gatherings_and_Schools_and_Others,"['No_Measure', 'Authorize_Schools_but_Restrict_Mass_Gatherings_and_Others', 'Restrict_Mass_Gatherings_and_Schools_and_Others']",42919425226.86026,1358951094404.2537,35029224100.09607,132284421802.52335,230481,3510093,1526264740306.873,42919425226.86026,1569184165533.7334
No_Measure-Authorize_Schools_but_Restrict_Mass_Gatherings_and_Others-Lockdown,"['No_Measure', 'Authorize_Schools_but_Restrict_Mass_Gatherings_and_Others', 'Lockdown']",47311746158.499695,1360550824061.3357,35079814602.53473,132322643812.14334,230755,3518473,1527953282476.0137,47311746158.499695,1575265028634.5134
No_Measure-Restrict_Mass_Gatherings_and_Schools_and_Others-No_Measure,"['No_Measure', 'Restrict_Mass_Gatherings_and_Schools_and_Others', 'No_Measure']",35983593405.92862,1234998156471.6775,31453280397.09577,130900584365.92334,209462,3206693,1397352021234.6965,35983593405.92862,1433335614640.6252
No_Measure-Restrict_Mass_Gatherings_and_Schools_and_Others-Restrict_Mass_Gatherings,"['No_Measure', 'Restrict_Mass_Gatherings_and_Schools_and_Others', 'Restrict_Mass_Gatherings']",38807544404.11373,1232661792618.4148,31382877340.082767,130839214778.87834,209076,3193238,1394883884737.376,38807544404.11373,1433691429141.4897
No_Measure-Restrict_Mass_Gatherings_and_Schools_and_Others-Restrict_Mass_Gatherings_and_Schools,"['No_Measure', 'Restrict_Mass_Gatherings_and_Schools_and_Others', 'Restrict_Mass_Gatherings_and_Schools']",47483948759.83061,1225979634423.252,31177211600.05912,130661208768.20535,207946,3154211,1387818054791.5164,47483948759.83061,1435302003551.347
No_Measure-Restrict_Mass_Gatherings_and_Schools_and_Others-Authorize_Schools_but_Restrict_Mass_Gatherings_and_Others,"['No_Measure', 'Restrict_Mass_Gatherings_and_Schools_and_Others', 'Authorize_Schools_but_Restrict_Mass_Gatherings_and_Others']",40599222565.03327,1231289267469.959,31340007381.76175,130801950600.04834,208840,3185068,1393431225451.769,40599222565.03327,1434030448016.8022
No_Measure-Restrict_Mass_Gatherings_and_Schools_and_Others-Restrict_Mass_Gatherings_and_Schools_and_Others,"['No_Measure', 'Restrict_Mass_Gatherings_and_Schools_and_Others', 'Restrict_Mass_Gatherings_and_Schools_and_Others']",48523006775.559586,1221789882893.2156,31046081185.707954,130547194976.50235,207227,3129214,1383383159055.426,48523006775.559586,1431906165830.9856
No_Measure-Restrict_Mass_Gatherings_and_Schools_and_Others-Lockdown,"['No_Measure', 'Restrict_Mass_Gatherings_and_Schools_and_Others', 'Lockdown']",52986434664.246826,1225054378174.9414,31147667000.70204,130630850093.26135,207782,3147555,1386832895268.9048,52986434664.246826,1439819329933.1516
No_Measure-Lockdown-No_Measure,"['No_Measure', 'Lockdown', 'No_Measure']",41214927888.68724,1281850659220.387,32827302860.626663,131474886024.31035,217400,3332606,1446152848105.324,41214927888.68724,1487367775994.0112
No_Measure-Lockdown-Restrict_Mass_Gatherings,"['No_Measure', 'Lockdown', 'Restrict_Mass_Gatherings']",44061936358.13672,1280052213416.5264,32772074346.32723,131428248787.03534,217097,3322381,1444252536549.889,44061936358.13672,1488314472908.0256
No_Measure-Lockdown-Restrict_Mass_Gatherings_and_Schools,"['No_Measure', 'Lockdown', 'Restrict_Mass_Gatherings_and_Schools']",52798789836.660614,1274658619597.6965,32606016951.189774,131288866162.69434,216188,3291822,1438553502711.5806,52798789836.660614,1491352292548.2412
No_Measure-Lockdown-Authorize_Schools_but_Restrict_Mass_Gatherings_and_Others,"['No_Measure', 'Lockdown', 'Authorize_Schools_but_Restrict_Mass_Gatherings_and_Others']",45867356200.84695,1278855792974.2126,32738053323.418564,131399764723.78033,216910,3316136,1442993611021.4114,45867356200.84695,1488860967222.2583
No_Measure-Lockdown-Restrict_Mass_Gatherings_and_Schools_and_Others,"['No_Measure', 'Lockdown', 'Restrict_Mass_Gatherings_and_Schools_and_Others']",53867686932.849365,1270944187620.9985,32491596720.846886,131193917764.81134,215563,3271005,1434629702106.6567,53867686932.849365,1488497389039.506
No_Measure-Lockdown-Lockdown,"['No_Measure', 'Lockdown', 'Lockdown']",58292224077.43497,1273283896068.2341,32562695947.01448,131252724014.21835,215951,3283898,1437099316029.4668,58292224077.43497,1495391540106.9019
Restrict_Mass_Gatherings-No_Measure-No_Measure,"['Restrict_Mass_Gatherings', 'No_Measure', 'No_Measure']",28626310707.803993,1344679955402.436,35485345727.571686,132699340417.45435,228069,3601062,1512864641547.4622,28626310707.803993,1541490952255.266
Restrict_Mass_Gatherings-No_Measure-Restrict_Mass_Gatherings,"['Restrict_Mass_Gatherings', 'No_Measure', 'Restrict_Mass_Gatherings']",31520790441.621296,1344018931665.3228,35467057437.59238,132683034488.52934,227966,3597487,1512169023591.4443,31520790441.621296,1543689814033.0657
Restrict_Mass_Gatherings-No_Measure-Restrict_Mass_Gatherings_and_Schools,"['Restrict_Mass_Gatherings', 'No_Measure', 'Restrict_Mass_Gatherings_and_Schools']",40396938173.01875,1342261439352.4395,35409271242.94266,132632652588.97534,227648,3586441,1510303363184.3574,40396938173.01875,1550700301357.3762
Restrict_Mass_Gatherings-No_Measure-Authorize_Schools_but_Restrict_Mass_Gatherings_and_Others,"['Restrict_Mass_Gatherings', 'No_Measure', 'Authorize_Schools_but_Restrict_Mass_Gatherings_and_Others']",33354864367.816093,1343749787479.97,35455378983.85309,132672858676.66034,227902,3595256,1511878025140.4834,33354864367.816093,1545232889508.2996
Restrict_Mass_Gatherings-No_Measure-Restrict_Mass_Gatherings_and_Schools_and_Others,"['Restrict_Mass_Gatherings', 'No_Measure', 'Restrict_Mass_Gatherings_and_Schools_and_Others']",41473866122.20206,1338204261212.0083,35281572143.437775,132542835427.46735,226962,3566749,1506028668782.9133,41473866122.20206,1547502534905.1155
Restrict_Mass_Gatherings-No_Measure-Lockdown,"['Restrict_Mass_Gatherings', 'No_Measure', 'Lockdown']",45862282274.652145,1339683744925.1533,35328581690.73308,132578562515.93434,227217,3574582,1507590889131.8208,45862282274.652145,1553453171406.473
Restrict_Mass_Gatherings-Restrict_Mass_Gatherings-No_Measure,"['Restrict_Mass_Gatherings', 'Restrict_Mass_Gatherings', 'No_Measure']",31224683968.542046,1325449172175.4277,34939120010.493645,132493840102.00934,224802,3556007,1492882132287.9307,31224683968.542046,1524106816256.4727
Restrict_Mass_Gatherings-Restrict_Mass_Gatherings-Restrict_Mass_Gatherings,"['Restrict_Mass_Gatherings', 'Restrict_Mass_Gatherings', 'Restrict_Mass_Gatherings']",34091637507.562008,1324052378914.5684,34894297495.455215,132459946575.34035,224560,3548576,1491406622985.364,34091637507.562008,1525498260492.926
Restrict_Mass_Gatherings-Restrict_Mass_Gatherings-Restrict_Mass_Gatherings_and_Schools,"['Restrict_Mass_Gatherings', 'Restrict_Mass_Gatherings', 'Restrict_Mass_Gatherings_and_Schools']",42881508892.92196,1319518982221.9194,34754501632.0943,132354439233.27234,223802,3525444,1486627923087.2861,42881508892.92196,1529509431980.208
Restrict_Mass_Gatherings-Restrict_Mass_Gatherings-Authorize_Schools_but_Restrict_Mass_Gatherings_and_Others,"['Restrict_Mass_Gatherings', 'Restrict_Mass_Gatherings', 'Authorize_Schools_but_Restrict_Mass_Gatherings_and_Others']",35908564670.29643,1323086548403.2686,34866380724.20928,132438815003.67334,224408,3543943,1490391744131.1511,35908564670.29643,1526300308801.4475
Restrict_Mass_Gatherings-Restrict_Mass_Gatherings-Restrict_Mass_Gatherings_and_Schools_and_Others,"['Restrict_Mass_Gatherings', 'Restrict_Mass_Gatherings', 'Restrict_Mass_Gatherings_and_Schools_and_Others']",43978310526.315796,1316276026323.0696,34651896915.60745,132277320171.38034,223247,3508536,1483205243410.0574,43978310526.315796,1527183553936.373
Restrict_Mass_Gatherings-Restrict_Mass_Gatherings-Lockdown,"['Restrict_Mass_Gatherings', 'Restrict_Mass_Gatherings', 'Lockdown']",48386072111.31277,1318338675981.2437,34715935956.69524,132325407838.13734,223594,3519079,1485380019776.0764,48386072111.31277,1533766091887.3892
Restrict_Mass_Gatherings-Restrict_Mass_Gatherings_and_Schools-No_Measure,"['Restrict_Mass_Gatherings', 'Restrict_Mass_Gatherings_and_Schools', 'No_Measure']",38790610526.315796,1246264392138.4746,32644988549.06887,131606304969.79735,211363,3361419,1410515685657.3408,38790610526.315796,1449306296183.6567
Restrict_Mass_Gatherings-Restrict_Mass_Gatherings_and_Schools-Restrict_Mass_Gatherings,"['Restrict_Mass_Gatherings', 'Restrict_Mass_Gatherings_and_Schools', 'Restrict_Mass_Gatherings']",41619437144.5856,1243932398438.9695,32574233319.501923,131548050613.36934,210976,3348647,1408054682371.8408,41619437144.5856,1449674119516.4265
Restrict_Mass_Gatherings-Restrict_Mass_Gatherings_and_Schools-Restrict_Mass_Gatherings_and_Schools,"['Restrict_Mass_Gatherings', 'Restrict_Mass_Gatherings_and_Schools', 'Restrict_Mass_Gatherings_and_Schools']",50296955111.917725,1236934201069.0356,32357654411.395214,131370756134.14035,209792,3309776,1400662611614.5713,50296955111.917725,1450959566726.489
Restrict_Mass_Gatherings-Restrict_Mass_Gatherings_and_Schools-Authorize_Schools_but_Restrict_Mass_Gatherings_and_Others,"['Restrict_Mass_Gatherings', 'Restrict_Mass_Gatherings_and_Schools', 'Authorize_Schools_but_Restrict_Mass_Gatherings_and_Others']",43413099818.511795,1242546363900.374,32530426885.641445,131512054420.06134,210737,3340755,1406588845206.0767,43413099818.511795,1450001945024.5884
Restrict_Mass_Gatherings-Restrict_Mass_Gatherings_and_Schools-Restrict_Mass_Gatherings_and_Schools_and_Others,"['Restrict_Mass_Gatherings', 'Restrict_Mass_Gatherings_and_Schools', 'Restrict_Mass_Gatherings_and_Schools_and_Others']",51317902661.82698,1231957523947.976,32202524001.588825,131245170834.27435,208946,3282242,1395405218783.8394,51317902661.82698,1446723121445.6663
Restrict_Mass_Gatherings-Restrict_Mass_Gatherings_and_Schools-Lockdown,"['Restrict_Mass_Gatherings', 'Restrict_Mass_Gatherings_and_Schools', 'Lockdown']",55772307441.016335,1235032036077.655,32298992459.61425,131323060721.89734,209472,3299319,1398654089259.1665,55772307441.016335,1454426396700.1829
Restrict_Mass_Gatherings-Authorize_Schools_but_Restrict_Mass_Gatherings_and_Others-No_Measure,"['Restrict_Mass_Gatherings', 'Authorize_Schools_but_Restrict_Mass_Gatherings_and_Others', 'No_Measure']",32844915910.46582,1312012547772.9185,34555527847.98995,132347032008.49634,222533,3523820,1478915107629.4048,32844915910.46582,1511760023539.8706
Restrict_Mass_Gatherings-Authorize_Schools_but_Restrict_Mass_Gatherings_and_Others-Restrict_Mass_Gatherings,"['Restrict_Mass_Gatherings', 'Authorize_Schools_but_Restrict_Mass_Gatherings_and_Others', 'Restrict_Mass_Gatherings']",35708207380.52026,1310543187622.1187,34508854279.63346,132310798638.04034,222280,3515876,1477362840539.7925,35708207380.52026,1513071047920.3127
Restrict_Mass_Gatherings-Authorize_Schools_but_Restrict_Mass_Gatherings_and_Others-Restrict_Mass_Gatherings_and_Schools,"['Restrict_Mass_Gatherings', 'Authorize_Schools_but_Restrict_Mass_Gatherings_and_Others', 'Restrict_Mass_Gatherings_and_Schools']",44487520871.14337,1305952414039.0925,34363830523.980194,132198545430.55135,221492,3491265,1472514789993.624,44487520871.14337,1517002310864.7673
Restrict_Mass_Gatherings-Authorize_Schools_but_Restrict_Mass_Gatherings_and_Others-Authorize_Schools_but_Restrict_Mass_Gatherings_and_Others,"['Restrict_Mass_Gatherings', 'Authorize_Schools_but_Restrict_Mass_Gatherings_and_Others', 'Authorize_Schools_but_Restrict_Mass_Gatherings_and_Others']",37522914458.560196,1309679040398.5835,34479801574.97044,132288248564.58435,222122,3510932,1476447090538.1382,37522914458.560196,1513970004996.6985
Restrict_Mass_Gatherings-Authorize_Schools_but_Restrict_Mass_Gatherings_and_Others-Restrict_Mass_Gatherings_and_Schools_and_Others,"['Restrict_Mass_Gatherings', 'Authorize_Schools_but_Restrict_Mass_Gatherings_and_Others', 'Restrict_Mass_Gatherings_and_Schools_and_Others']",45577462371.44586,1302582989373.898,34257976774.90393,132117043152.52034,220918,3473396,1468958009301.322,45577462371.44586,1514535471672.7678
Restrict_Mass_Gatherings-Authorize_Schools_but_Restrict_Mass_Gatherings_and_Others-Lockdown,"['Restrict_Mass_Gatherings', 'Authorize_Schools_but_Restrict_Mass_Gatherings_and_Others', 'Lockdown']",49989414277.07199,1304577584293.172,34323994992.610107,132167808184.39035,221276,3484526,1471069387470.1726,49989414277.07199,1521058801747.2446
Restrict_Mass_Gatherings-Restrict_Mass_Gatherings_and_Schools_and_Others-No_Measure,"['Restrict_Mass_Gatherings', 'Restrict_Mass_Gatherings_and_Schools_and_Others', 'No_Measure']",38490950332.72838,1165359725259.678,30250974265.592667,130636930038.22835,197654,3148888,1326247629563.499,38490950332.72838,1364738579896.2273
Restrict_Mass_Gatherings-Restrict_Mass_Gatherings_and_Schools_and_Others-Restrict_Mass_Gatherings,"['Restrict_Mass_Gatherings', 'Restrict_Mass_Gatherings_and_Schools_and_Others', 'Restrict_Mass_Gatherings']",41282956382.335144,1162407999713.61,30159826456.65829,130555149533.15836,197151,3130958,1323122975703.4268,41282956382.335144,1364405932085.762
Restrict_Mass_Gatherings-Restrict_Mass_Gatherings_and_Schools_and_Others-Restrict_Mass_Gatherings_and_Schools,"['Restrict_Mass_Gatherings', 'Restrict_Mass_Gatherings_and_Schools_and_Others', 'Restrict_Mass_Gatherings_and_Schools']",49850162552.93406,1153391500533.2756,29880830060.11676,130307372391.08235,195616,3076634,1313579702984.4746,49850162552.93406,1363429865537.4087
Restrict_Mass_Gatherings-Restrict_Mass_Gatherings_and_Schools_and_Others-Authorize_Schools_but_Restrict_Mass_Gatherings_and_Others,"['Restrict_Mass_Gatherings', 'Restrict_Mass_Gatherings_and_Schools_and_Others', 'Authorize_Schools_but_Restrict_Mass_Gatherings_and_Others']",43042047126.43678,1160182690162.2036,30092288157.441624,130497063937.39334,196782,3118223,1320772042257.0386,43042047126.43678,1363814089383.4753
Restrict_Mass_Gatherings-Restrict_Mass_Gatherings_and_Schools_and_Others-Restrict_Mass_Gatherings_and_Schools_and_Others,"['Restrict_Mass_Gatherings', 'Restrict_Mass_Gatherings_and_Schools_and_Others', 'Restrict_Mass_Gatherings_and_Schools_and_Others']",50777766606.17059,1146319996302.085,29663291922.738693,130122146160.69235,194424,3036024,1306105434385.516,50777766606.17059,1356883200991.6868
Restrict_Mass_Gatherings-Restrict_Mass_Gatherings_and_Schools_and_Others-Lockdown,"['Restrict_Mass_Gatherings', 'Restrict_Mass_Gatherings_and_Schools_and_Others', 'Lockdown']",55285389171.20387,1150508654430.2598,29794587664.53592,130234039041.36035,195144,3060556,1310537281136.156,55285389171.20387,1365822670307.3599
Restrict_Mass_Gatherings-Lockdown-No_Measure,"['Restrict_Mass_Gatherings', 'Lockdown', 'No_Measure']",43818747852.389595,1217986601809.2336,31814511580.069466,131272865827.40234,206585,3288314,1381073979216.7056,43818747852.389595,1424892727069.0952
Restrict_Mass_Gatherings-Lockdown-Restrict_Mass_Gatherings,"['Restrict_Mass_Gatherings', 'Lockdown', 'Restrict_Mass_Gatherings']",46670574833.63582,1216569749918.9434,31771538406.73958,131229307331.95235,206345,3278764,1379570595657.6353,46670574833.63582,1426241170491.271
Restrict_Mass_Gatherings-Lockdown-Restrict_Mass_Gatherings_and_Schools,"['Restrict_Mass_Gatherings', 'Lockdown', 'Restrict_Mass_Gatherings_and_Schools']",55257304900.18149,1207252392440.1516,31479352982.744606,130994004795.64134,204752,3227175,1369725750218.5376,55257304900.18149,1424983055118.719
Restrict_Mass_Gatherings-Lockdown-Authorize_Schools_but_Restrict_Mass_Gatherings_and_Others,"['Restrict_Mass_Gatherings', 'Lockdown', 'Authorize_Schools_but_Restrict_Mass_Gatherings_and_Others']",48447169267.99758,1214699680317.2837,31713788370.71386,131182405550.93535,206030,3268481,1377595874238.9329,48447169267.99758,1426043043506.9304
Restrict_Mass_Gatherings-Lockdown-Restrict_Mass_Gatherings_and_Schools_and_Others,"['Restrict_Mass_Gatherings', 'Lockdown', 'Restrict_Mass_Gatherings_and_Schools_and_Others']",56305685843.92015,1203329673446.6052,31361386275.864616,130885947799.23235,204099,3203484,1365577007521.7021,56305685843.92015,1421882693365.6223
Restrict_Mass_Gatherings-Lockdown-Lockdown,"['Restrict_Mass_Gatherings', 'Lockdown', 'Lockdown']",60742765396.249245,1205796023313.661,31434811971.10553,130952767899.58234,204504,3218134,1368183603184.3486,60742765396.249245,1428926368580.598
Restrict_Mass_Gatherings_and_Schools-No_Measure-No_Measure,"['Restrict_Mass_Gatherings_and_Schools', 'No_Measure', 'No_Measure']",37269370961.88748,1193281246545.954,33391870453.00029,132500029513.35234,202382,3557364,1359173146512.3066,37269370961.88748,1396442517474.194
Restrict_Mass_Gatherings_and_Schools-No_Measure-Restrict_Mass_Gatherings,"['Restrict_Mass_Gatherings_and_Schools', 'No_Measure', 'Restrict_Mass_Gatherings']",40108648396.8542,1191112762192.303,33325091481.56222,132448452605.86035,202019,3546056,1356886306279.7256,40108648396.8542,1396994954676.5798
Restrict_Mass_Gatherings_and_Schools-No_Measure-Restrict_Mass_Gatherings_and_Schools,"['Restrict_Mass_Gatherings_and_Schools', 'No_Measure', 'Restrict_Mass_Gatherings_and_Schools']",48803513006.65457,1184274906086.8188,33111075704.55217,132282241597.20134,200856,3509615,1349668223388.5725,48803513006.65457,1398471736395.227
Restrict_Mass_Gatherings_and_Schools-No_Measure-Authorize_Schools_but_Restrict_Mass_Gatherings_and_Others,"['Restrict_Mass_Gatherings_and_Schools', 'No_Measure', 'Authorize_Schools_but_Restrict_Mass_Gatherings_and_Others']",41907615003.0248,1189802751667.2075,33282955150.273422,132415845309.10934,201791,3538907,1355501552126.5903,41907615003.0248,1397409167129.6152
Restrict_Mass_Gatherings_and_Schools-No_Measure-Restrict_Mass_Gatherings_and_Schools_and_Others,"['Restrict_Mass_Gatherings_and_Schools', 'No_Measure', 'Restrict_Mass_Gatherings_and_Schools_and_Others']",49822683061.10103,1179076334249.344,32948566845.736034,132155520583.68434,199973,3481832,1344180421678.7644,49822683061.10103,1394003104739.8655
Restrict_Mass_Gatherings_and_Schools-No_Measure-Lockdown,"['Restrict_Mass_Gatherings_and_Schools', 'No_Measure', 'Lockdown']",54279650574.71265,1182321330501.2913,33050514150.199524,132235047905.84834,200527,3499268,1347606892557.339,54279650574.71265,1401886543132.0518
Restrict_Mass_Gatherings_and_Schools-Restrict_Mass_Gatherings-No_Measure,"['Restrict_Mass_Gatherings_and_Schools', 'Restrict_Mass_Gatherings', 'No_Measure']",39763064730.7925,1164019334866.1492,32545363154.81821,132227645242.17134,197427,3497645,1328792343263.1387,39763064730.7925,1368555407993.9312
Restrict_Mass_Gatherings_and_Schools-Restrict_Mass_Gatherings-Restrict_Mass_Gatherings,"['Restrict_Mass_Gatherings_and_Schools', 'Restrict_Mass_Gatherings', 'Restrict_Mass_Gatherings']",42588778947.36842,1161551075660.2434,32470439561.48389,132167402246.57935,197018,3484437,1326188917468.3066,42588778947.36842,1368777696415.675
Restrict_Mass_Gatherings_and_Schools-Restrict_Mass_Gatherings-Restrict_Mass_Gatherings_and_Schools,"['Restrict_Mass_Gatherings_and_Schools', 'Restrict_Mass_Gatherings', 'Restrict_Mass_Gatherings_and_Schools']",51241561887.47731,1153952697879.2239,32232121591.339046,131974303559.31534,195717,3442101,1318159123029.8784,51241561887.47731,1369400684917.3557
Restrict_Mass_Gatherings_and_Schools-Restrict_Mass_Gatherings-Authorize_Schools_but_Restrict_Mass_Gatherings_and_Others,"['Restrict_Mass_Gatherings_and_Schools', 'Restrict_Mass_Gatherings', 'Authorize_Schools_but_Restrict_Mass_Gatherings_and_Others']",44379322081.064735,1160052344584.7495,32423336623.226425,132129412853.00835,196761,3476108,1324605094060.9841,44379322081.064735,1368984416142.0488
Restrict_Mass_Gatherings_and_Schools-Restrict_Mass_Gatherings-Restrict_Mass_Gatherings_and_Schools_and_Others,"['Restrict_Mass_Gatherings_and_Schools', 'Restrict_Mass_Gatherings', 'Restrict_Mass_Gatherings_and_Schools_and_Others']",52230593042.95221,1148118753266.4631,32052669118.829437,131828325585.82034,194737,3410096,1311999747971.1128,52230593042.95221,1364230341014.065
Restrict_Mass_Gatherings_and_Schools-Restrict_Mass_Gatherings-Lockdown,"['Restrict_Mass_Gatherings_and_Schools', 'Restrict_Mass_Gatherings', 'Lockdown']",56706242105.26315,1151756845579.2488,32165082950.74638,131919789304.06735,195351,3430149,1315841717834.0625,56706242105.26315,1372547959939.3257
Restrict_Mass_Gatherings_and_Schools-Restrict_Mass_Gatherings_and_Schools-No_Measure,"['Restrict_Mass_Gatherings_and_Schools', 'Restrict_Mass_Gatherings_and_Schools', 'No_Measure']",47061160556.56383,1051825838809.8921,29209049935.486256,131168982236.57834,178389,3265538,1212203870981.9565,47061160556.56383,1259265031538.5203
Restrict_Mass_Gatherings_and_Schools-Restrict_Mass_Gatherings_and_Schools-Restrict_Mass_Gatherings,"['Restrict_Mass_Gatherings_and_Schools', 'Restrict_Mass_Gatherings_and_Schools', 'Restrict_Mass_Gatherings']",49737508045.97701,1045370323307.8298,29010544268.105232,131013302805.51035,177309,3231406,1205394170381.4453,49737508045.97701,1255131678427.4224
Restrict_Mass_Gatherings_and_Schools-Restrict_Mass_Gatherings_and_Schools-Restrict_Mass_Gatherings_and_Schools,"['Restrict_Mass_Gatherings_and_Schools', 'Restrict_Mass_Gatherings_and_Schools', 'Restrict_Mass_Gatherings_and_Schools']",57900480338.77798,1024985580572.0446,28375265604.160507,130507244310.36134,173846,3120455,1183868090486.5664,57900480338.77798,1241768570825.3445
Restrict_Mass_Gatherings_and_Schools-Restrict_Mass_Gatherings_and_Schools-Authorize_Schools_but_Restrict_Mass_Gatherings_and_Others,"['Restrict_Mass_Gatherings_and_Schools', 'Restrict_Mass_Gatherings_and_Schools', 'Authorize_Schools_but_Restrict_Mass_Gatherings_and_Others']",51432530429.52208,1041448130587.1448,28885152623.07863,130914281346.22034,176627,3209696,1201247564556.4438,51432530429.52208,1252680094985.9658
Restrict_Mass_Gatherings_and_Schools-Restrict_Mass_Gatherings_and_Schools-Restrict_Mass_Gatherings_and_Schools_and_Others,"['Restrict_Mass_Gatherings_and_Schools', 'Restrict_Mass_Gatherings_and_Schools', 'Restrict_Mass_Gatherings_and_Schools_and_Others']",58518821597.09619,1009728950978.9683,27899969808.89743,130124417587.99434,171256,3036522,1167753338375.86,58518821597.09619,1226272159972.9563
Restrict_Mass_Gatherings_and_Schools-Restrict_Mass_Gatherings_and_Schools-Lockdown,"['Restrict_Mass_Gatherings_and_Schools', 'Restrict_Mass_Gatherings_and_Schools', 'Lockdown']",63225959104.658195,1019207116087.7484,28196946783.476204,130363788624.61334,172874,3089003,1177767851495.838,63225959104.658195,1240993810600.496
Restrict_Mass_Gatherings_and_Schools-Authorize_Schools_but_Restrict_Mass_Gatherings_and_Others-No_Measure,"['Restrict_Mass_Gatherings_and_Schools', 'Authorize_Schools_but_Restrict_Mass_Gatherings_and_Others', 'No_Measure']",41307892316.99939,1143767814008.3757,31948787465.48921,132032658259.92134,193981,3454895,1307749259733.7864,41307892316.99939,1349057152050.7856
Restrict_Mass_Gatherings_and_Schools-Authorize_Schools_but_Restrict_Mass_Gatherings_and_Others-Restrict_Mass_Gatherings,"['Restrict_Mass_Gatherings_and_Schools', 'Authorize_Schools_but_Restrict_Mass_Gatherings_and_Others', 'Restrict_Mass_Gatherings']",44116267029.64307,1140844428563.0632,31861206636.49128,131961336354.85834,193501,3439258,1304666971554.4128,44116267029.64307,1348783238584.056
Restrict_Mass_Gatherings_and_Schools-Authorize_Schools_but_Restrict_Mass_Gatherings_and_Others-Restrict_Mass_Gatherings_and_Schools,"['Restrict_Mass_Gatherings_and_Schools', 'Authorize_Schools_but_Restrict_Mass_Gatherings_and_Others', 'Restrict_Mass_Gatherings_and_Schools']",52741795039.32245,1132728774521.6985,31609500085.24239,131750823391.61234,192122,3393104,1296089097998.5532,52741795039.32245,1348830893037.8757
Restrict_Mass_Gatherings_and_Schools-Authorize_Schools_but_Restrict_Mass_Gatherings_and_Others-Authorize_Schools_but_Restrict_Mass_Gatherings_and_Others,"['Restrict_Mass_Gatherings_and_Schools', 'Authorize_Schools_but_Restrict_Mass_Gatherings_and_Others', 'Authorize_Schools_but_Restrict_Mass_Gatherings_and_Others']",45901184996.9752,1139239517079.7358,31811356257.352943,131919752815.27534,193228,3430141,1302970626152.3643,45901184996.9752,1348871811149.3394
Restrict_Mass_Gatherings_and_Schools-Authorize_Schools_but_Restrict_Mass_Gatherings_and_Others-Restrict_Mass_Gatherings_and_Schools_and_Others,"['Restrict_Mass_Gatherings_and_Schools', 'Authorize_Schools_but_Restrict_Mass_Gatherings_and_Others', 'Restrict_Mass_Gatherings_and_Schools_and_Others']",53712094676.34604,1126684634552.8933,31421091152.527344,131592877094.34134,191089,3358475,1289698602799.762,53712094676.34604,1343410697476.108
Restrict_Mass_Gatherings_and_Schools-Authorize_Schools_but_Restrict_Mass_Gatherings_and_Others-Lockdown,"['Restrict_Mass_Gatherings_and_Schools', 'Authorize_Schools_but_Restrict_Mass_Gatherings_and_Others', 'Lockdown']",58199315305.50514,1130535764075.0857,31538980788.75998,131691734354.06735,191735,3380149,1293766479217.913,58199315305.50514,1351965794523.4182
Restrict_Mass_Gatherings_and_Schools-Restrict_Mass_Gatherings_and_Schools_and_Others-No_Measure,"['Restrict_Mass_Gatherings_and_Schools', 'Restrict_Mass_Gatherings_and_Schools_and_Others', 'No_Measure']",46238067211.13128,932847048508.9816,25566597601.2415,129865164720.83435,158217,2979682,1088278810831.0574,46238067211.13128,1134516878042.1887
Restrict_Mass_Gatherings_and_Schools-Restrict_Mass_Gatherings_and_Schools_and_Others-Restrict_Mass_Gatherings,"['Restrict_Mass_Gatherings_and_Schools', 'Restrict_Mass_Gatherings_and_Schools_and_Others', 'Restrict_Mass_Gatherings']",48801076164.5493,924355066064.1539,25306172012.341118,129637068720.94334,156784,2929673,1079298306797.4384,48801076164.5493,1128099382961.9875
Restrict_Mass_Gatherings_and_Schools-Restrict_Mass_Gatherings_and_Schools_and_Others-Restrict_Mass_Gatherings_and_Schools,"['Restrict_Mass_Gatherings_and_Schools', 'Restrict_Mass_Gatherings_and_Schools_and_Others', 'Restrict_Mass_Gatherings_and_Schools']",56626402843.315186,898054354868.6488,24495168839.898018,128915274804.19334,152318,2771423,1051464798512.7402,56626402843.315186,1108091201356.0554
Restrict_Mass_Gatherings_and_Schools-Restrict_Mass_Gatherings_and_Schools_and_Others-Authorize_Schools_but_Restrict_Mass_Gatherings_and_Others,"['Restrict_Mass_Gatherings_and_Schools', 'Restrict_Mass_Gatherings_and_Schools_and_Others', 'Authorize_Schools_but_Restrict_Mass_Gatherings_and_Others']",50426069509.98185,919165409403.5416,25143391156.59178,129493302880.46335,155888,2898153,1073802103440.5968,50426069509.98185,1124228172950.5786
Restrict_Mass_Gatherings_and_Schools-Restrict_Mass_Gatherings_and_Schools_and_Others-Restrict_Mass_Gatherings_and_Schools_and_Others,"['Restrict_Mass_Gatherings_and_Schools', 'Restrict_Mass_Gatherings_and_Schools_and_Others', 'Restrict_Mass_Gatherings_and_Schools_and_Others']",57028653478.523895,879248012413.6746,23915892435.523205,128394379053.99734,149131,2657219,1031558283903.1951,57028653478.523895,1088586937381.719
Restrict_Mass_Gatherings_and_Schools-Restrict_Mass_Gatherings_and_Schools_and_Others-Lockdown,"['Restrict_Mass_Gatherings_and_Schools', 'Restrict_Mass_Gatherings_and_Schools_and_Others', 'Lockdown']",61865976467.02965,890969331480.5011,24274983402.2687,128716930853.07935,151107,2727937,1043961245735.8491,61865976467.02965,1105827222202.8787
Restrict_Mass_Gatherings_and_Schools-Lockdown-No_Measure,"['Restrict_Mass_Gatherings_and_Schools', 'Lockdown', 'No_Measure']",51877283363.58137,1008781163995.9183,27894897895.21135,130700078453.88335,171086,3162733,1167376140345.013,51877283363.58137,1219253423708.5942
Restrict_Mass_Gatherings_and_Schools-Lockdown-Restrict_Mass_Gatherings,"['Restrict_Mass_Gatherings_and_Schools', 'Lockdown', 'Restrict_Mass_Gatherings']",54526654325.46884,1002074508364.6772,27687203542.085426,130527162629.69434,169949,3124822,1160288874536.457,54526654325.46884,1214815528861.9258
Restrict_Mass_Gatherings_and_Schools-Lockdown-Restrict_Mass_Gatherings_and_Schools,"['Restrict_Mass_Gatherings_and_Schools', 'Lockdown', 'Restrict_Mass_Gatherings_and_Schools']",62612751724.13793,980861878995.947,27029882128.621048,129971985659.41434,166349,3003102,1137863746783.9824,62612751724.13793,1200476498508.1204
Restrict_Mass_Gatherings_and_Schools-Lockdown-Authorize_Schools_but_Restrict_Mass_Gatherings_and_Others,"['Restrict_Mass_Gatherings_and_Schools', 'Lockdown', 'Authorize_Schools_but_Restrict_Mass_Gatherings_and_Others']",56205350877.192986,997781637886.3473,27556543853.27372,130417709936.99135,169234,3100825,1155755891676.6123,56205350877.192986,1211961242553.8052
Restrict_Mass_Gatherings_and_Schools-Lockdown-Restrict_Mass_Gatherings_and_Schools_and_Others,"['Restrict_Mass_Gatherings_and_Schools', 'Lockdown', 'Restrict_Mass_Gatherings_and_Schools_and_Others']",63187547912.885666,965189280467.149,26547720630.283775,129561336233.14734,163704,2913069,1121298337330.58,63187547912.885666,1184485885243.4658
Restrict_Mass_Gatherings_and_Schools-Lockdown-Lockdown,"['Restrict_Mass_Gatherings_and_Schools', 'Lockdown', 'Lockdown']",67920398427.102234,974898467140.6305,26848398000.554245,129817136348.36435,165352,2969152,1131564001489.549,67920398427.102234,1199484399916.6514
Authorize_Schools_but_Restrict_Mass_Gatherings_and_Others-No_Measure-No_Measure,"['Authorize_Schools_but_Restrict_Mass_Gatherings_and_Others', 'No_Measure', 'No_Measure']",30397586932.84937,1311703183101.2659,35068511664.01862,132649040617.68234,222480,3590034,1479420735382.9668,30397586932.84937,1509818322315.8162
Authorize_Schools_but_Restrict_Mass_Gatherings_and_Others-No_Measure-Restrict_Mass_Gatherings,"['Authorize_Schools_but_Restrict_Mass_Gatherings_and_Others', 'No_Measure', 'Restrict_Mass_Gatherings']",33275747973.381733,1310671956473.3237,35034475524.94088,132622308016.44334,222296,3584173,1478328740014.708,33275747973.381733,1511604487988.0898
Authorize_Schools_but_Restrict_Mass_Gatherings_and_Others-No_Measure-Restrict_Mass_Gatherings_and_Schools,"['Authorize_Schools_but_Restrict_Mass_Gatherings_and_Others', 'No_Measure', 'Restrict_Mass_Gatherings_and_Schools']",42098349546.279495,1307221588807.6902,34926871655.6311,132537713313.29034,221710,3565626,1474686173776.6116,42098349546.279495,1516784523322.891
Authorize_Schools_but_Restrict_Mass_Gatherings_and_Others-No_Measure-Authorize_Schools_but_Restrict_Mass_Gatherings_and_Others,"['Authorize_Schools_but_Restrict_Mass_Gatherings_and_Others', 'No_Measure', 'Authorize_Schools_but_Restrict_Mass_Gatherings_and_Others']",35099099818.511795,1309920117840.856,35012800286.949455,132605281433.87634,222178,3580440,1477538199561.6816,35099099818.511795,1512637299380.1934
Authorize_Schools_but_Restrict_Mass_Gatherings_and_Others-No_Measure-Restrict_Mass_Gatherings_and_Schools_and_Others,"['Authorize_Schools_but_Restrict_Mass_Gatherings_and_Others', 'No_Measure', 'Restrict_Mass_Gatherings_and_Schools_and_Others']",43216581064.73079,1304548269979.4155,34845744874.15016,132474286670.59634,221268,3551720,1471868301524.162,43216581064.73079,1515084882588.8928
Authorize_Schools_but_Restrict_Mass_Gatherings_and_Others-No_Measure-Lockdown,"['Authorize_Schools_but_Restrict_Mass_Gatherings_and_Others', 'No_Measure', 'Lockdown']",47610800846.94495,1306157893875.168,34896249654.78126,132513721932.55035,221543,3560366,1473567865462.4995,47610800846.94495,1521178666309.4443
Authorize_Schools_but_Restrict_Mass_Gatherings_and_Others-Restrict_Mass_Gatherings-No_Measure,"['Authorize_Schools_but_Restrict_Mass_Gatherings_and_Others', 'Restrict_Mass_Gatherings', 'No_Measure']",32978584996.975193,1291144590462.4412,34480285377.512566,132432438587.27135,218994,3542545,1458057314427.2249,32978584996.975193,1491035899424.2
Authorize_Schools_but_Restrict_Mass_Gatherings_and_Others-Restrict_Mass_Gatherings-Restrict_Mass_Gatherings,"['Authorize_Schools_but_Restrict_Mass_Gatherings_and_Others', 'Restrict_Mass_Gatherings', 'Restrict_Mass_Gatherings']",35837464851.78464,1289524437168.0999,34429260878.47325,132393386457.63335,218717,3533983,1456347084504.2063,35837464851.78464,1492184549355.991
Authorize_Schools_but_Restrict_Mass_Gatherings_and_Others-Restrict_Mass_Gatherings-Restrict_Mass_Gatherings_and_Schools,"['Authorize_Schools_but_Restrict_Mass_Gatherings_and_Others', 'Restrict_Mass_Gatherings', 'Restrict_Mass_Gatherings_and_Schools']",44603207985.48094,1284510057699.3572,34271758144.287613,132272462600.94534,217862,3507471,1451054278444.59,44603207985.48094,1495657486430.071
Authorize_Schools_but_Restrict_Mass_Gatherings_and_Others-Restrict_Mass_Gatherings-Authorize_Schools_but_Restrict_Mass_Gatherings_and_Others,"['Authorize_Schools_but_Restrict_Mass_Gatherings_and_Others', 'Restrict_Mass_Gatherings', 'Authorize_Schools_but_Restrict_Mass_Gatherings_and_Others']",37649423593.46643,1288571959018.6848,34397578461.868164,132369080361.06235,218545,3528654,1455338617841.6152,37649423593.46643,1492988041435.0815
Authorize_Schools_but_Restrict_Mass_Gatherings_and_Others-Restrict_Mass_Gatherings-Restrict_Mass_Gatherings_and_Schools_and_Others,"['Authorize_Schools_but_Restrict_Mass_Gatherings_and_Others', 'Restrict_Mass_Gatherings', 'Restrict_Mass_Gatherings_and_Schools_and_Others']",45683662371.445854,1280861232867.157,34157790386.084835,132184898622.34335,217244,3488273,1447203921875.585,45683662371.445854,1492887584247.0308
Authorize_Schools_but_Restrict_Mass_Gatherings_and_Others-Restrict_Mass_Gatherings-Lockdown,"['Authorize_Schools_but_Restrict_Mass_Gatherings_and_Others', 'Restrict_Mass_Gatherings', 'Lockdown']",50101475015.124016,1283169094138.4128,34228743520.543896,132239408316.49234,217629,3500224,1449637245975.4492,50101475015.124016,1499738720990.5732
Authorize_Schools_but_Restrict_Mass_Gatherings_and_Others-Restrict_Mass_Gatherings_and_Schools-No_Measure,"['Authorize_Schools_but_Restrict_Mass_Gatherings_and_Others', 'Restrict_Mass_Gatherings_and_Schools', 'No_Measure']",40582188747.7314,1210559017948.0193,32133873508.35058,131568976935.58134,205328,3353235,1374261868391.9512,40582188747.7314,1414844057139.6826
Authorize_Schools_but_Restrict_Mass_Gatherings_and_Others-Restrict_Mass_Gatherings_and_Schools-Restrict_Mass_Gatherings,"['Authorize_Schools_but_Restrict_Mass_Gatherings_and_Others', 'Restrict_Mass_Gatherings_and_Schools', 'Restrict_Mass_Gatherings']",43345347973.38173,1206302726137.0022,31998041448.97281,131468765029.45235,204590,3331264,1369769532615.4275,43345347973.38173,1413114880588.8093
Authorize_Schools_but_Restrict_Mass_Gatherings_and_Others-Restrict_Mass_Gatherings_and_Schools-Restrict_Mass_Gatherings_and_Schools,"['Authorize_Schools_but_Restrict_Mass_Gatherings_and_Others', 'Restrict_Mass_Gatherings_and_Schools', 'Restrict_Mass_Gatherings_and_Schools']",51905101512.401695,1196020582596.7617,31676056985.73751,131216226100.02034,202843,3275896,1358912865682.5195,51905101512.401695,1410817967194.9211
Authorize_Schools_but_Restrict_Mass_Gatherings_and_Others-Restrict_Mass_Gatherings_and_Schools-Authorize_Schools_but_Restrict_Mass_Gatherings_and_Others,"['Authorize_Schools_but_Restrict_Mass_Gatherings_and_Others', 'Restrict_Mass_Gatherings_and_Schools', 'Authorize_Schools_but_Restrict_Mass_Gatherings_and_Others']",45115810405.323654,1204207488926.126,31933304559.045227,131417945264.39435,204239,3320122,1367558738749.5654,45115810405.323654,1412674549154.8892
Authorize_Schools_but_Restrict_Mass_Gatherings_and_Others-Restrict_Mass_Gatherings_and_Schools-Restrict_Mass_Gatherings_and_Schools_and_Others,"['Authorize_Schools_but_Restrict_Mass_Gatherings_and_Others', 'Restrict_Mass_Gatherings_and_Schools', 'Restrict_Mass_Gatherings_and_Schools_and_Others']",52838537749.54628,1188548638661.3945,31443438869.49453,131034726287.51334,201581,3236103,1351026803818.4026,52838537749.54628,1403865341567.949
Authorize_Schools_but_Restrict_Mass_Gatherings_and_Others-Restrict_Mass_Gatherings_and_Schools-Lockdown,"['Authorize_Schools_but_Restrict_Mass_Gatherings_and_Others', 'Restrict_Mass_Gatherings_and_Schools', 'Lockdown']",57347516636.41863,1193123392681.957,31588183434.932014,131147485776.99135,202366,3260825,1355859061893.8806,57347516636.41863,1413206578530.2993
Authorize_Schools_but_Restrict_Mass_Gatherings_and_Others-Authorize_Schools_but_Restrict_Mass_Gatherings_and_Others-No_Measure,"['Authorize_Schools_but_Restrict_Mass_Gatherings_and_Others', 'Authorize_Schools_but_Restrict_Mass_Gatherings_and_Others', 'No_Measure']",34584504174.228676,1276852618862.3936,34065316926.101097,132276485490.26335,216561,3508353,1443194421278.758,34584504174.228676,1477778925452.9868
Authorize_Schools_but_Restrict_Mass_Gatherings_and_Others-Authorize_Schools_but_Restrict_Mass_Gatherings_and_Others-Restrict_Mass_Gatherings,"['Authorize_Schools_but_Restrict_Mass_Gatherings_and_Others', 'Authorize_Schools_but_Restrict_Mass_Gatherings_and_Others', 'Restrict_Mass_Gatherings']",37439300786.44888,1275164907850.882,34012520979.382202,132234824411.99734,216274,3499219,1441412253242.2615,37439300786.44888,1478851554028.7104
Authorize_Schools_but_Restrict_Mass_Gatherings_and_Others-Authorize_Schools_but_Restrict_Mass_Gatherings_and_Others-Restrict_Mass_Gatherings_and_Schools,"['Authorize_Schools_but_Restrict_Mass_Gatherings_and_Others', 'Authorize_Schools_but_Restrict_Mass_Gatherings_and_Others', 'Restrict_Mass_Gatherings_and_Schools']",46193579431.33696,1269955404637.669,33850211926.95093,132106575430.31534,215390,3471101,1435912191994.9353,46193579431.33696,1482105771426.2722
Authorize_Schools_but_Restrict_Mass_Gatherings_and_Others-Authorize_Schools_but_Restrict_Mass_Gatherings_and_Others-Authorize_Schools_but_Restrict_Mass_Gatherings_and_Others,"['Authorize_Schools_but_Restrict_Mass_Gatherings_and_Others', 'Authorize_Schools_but_Restrict_Mass_Gatherings_and_Others', 'Authorize_Schools_but_Restrict_Mass_Gatherings_and_Others']",39248825287.35632,1274166032139.185,33979707129.36004,132208962980.66734,216095,3493549,1440354702249.2124,39248825287.35632,1479603527536.5688
Authorize_Schools_but_Restrict_Mass_Gatherings_and_Others-Authorize_Schools_but_Restrict_Mass_Gatherings_and_Others-Restrict_Mass_Gatherings_and_Schools_and_Others,"['Authorize_Schools_but_Restrict_Mass_Gatherings_and_Others', 'Authorize_Schools_but_Restrict_Mass_Gatherings_and_Others', 'Restrict_Mass_Gatherings_and_Schools_and_Others']",47266916696.9147,1266191361924.369,33733467065.84393,132014464036.01035,214755,3450906,1431939293026.2231,47266916696.9147,1479206209723.138
Authorize_Schools_but_Restrict_Mass_Gatherings_and_Others-Authorize_Schools_but_Restrict_Mass_Gatherings_and_Others-Lockdown,"['Authorize_Schools_but_Restrict_Mass_Gatherings_and_Others', 'Authorize_Schools_but_Restrict_Mass_Gatherings_and_Others', 'Lockdown']",51689041016.33394,1268567261903.8987,33806010697.236183,132071728633.95535,215150,3463461,1434445001235.09,51689041016.33394,1486134042251.424
Authorize_Schools_but_Restrict_Mass_Gatherings_and_Others-Restrict_Mass_Gatherings_and_Schools_and_Others-No_Measure,"['Authorize_Schools_but_Restrict_Mass_Gatherings_and_Others', 'Restrict_Mass_Gatherings_and_Schools_and_Others', 'No_Measure']",40173330369.02602,1123529111925.729,29529265132.53769,130529830872.60934,190547,3125407,1283588207930.876,40173330369.02602,1323761538299.902
Authorize_Schools_but_Restrict_Mass_Gatherings_and_Others-Restrict_Mass_Gatherings_and_Schools_and_Others-Restrict_Mass_Gatherings,"['Authorize_Schools_but_Restrict_Mass_Gatherings_and_Others', 'Restrict_Mass_Gatherings_and_Schools_and_Others', 'Restrict_Mass_Gatherings']",42900939685.42045,1118708367946.388,29383565964.528526,130406904693.46034,189750,3098456,1278498838604.377,42900939685.42045,1321399778289.7974
Authorize_Schools_but_Restrict_Mass_Gatherings_and_Others-Restrict_Mass_Gatherings_and_Schools_and_Others-Restrict_Mass_Gatherings_and_Schools,"['Authorize_Schools_but_Restrict_Mass_Gatherings_and_Others', 'Restrict_Mass_Gatherings_and_Schools_and_Others', 'Restrict_Mass_Gatherings_and_Schools']",51264162189.95766,1104168904392.4702,28931360403.857525,130028794147.45935,187279,3015557,1263129058943.787,51264162189.95766,1314393221133.7449
Authorize_Schools_but_Restrict_Mass_Gatherings_and_Others-Restrict_Mass_Gatherings_and_Schools_and_Others-Authorize_Schools_but_Restrict_Mass_Gatherings_and_Others,"['Authorize_Schools_but_Restrict_Mass_Gatherings_and_Others', 'Restrict_Mass_Gatherings_and_Schools_and_Others', 'Authorize_Schools_but_Restrict_Mass_Gatherings_and_Others']",44651357108.287964,1116476817682.1606,29312221963.56784,130343277362.41034,189359,3084506,1276132317008.139,44651357108.287964,1320783674116.4268
Authorize_Schools_but_Restrict_Mass_Gatherings_and_Others-Restrict_Mass_Gatherings_and_Schools_and_Others-Restrict_Mass_Gatherings_and_Schools_and_Others,"['Authorize_Schools_but_Restrict_Mass_Gatherings_and_Others', 'Restrict_Mass_Gatherings_and_Schools_and_Others', 'Restrict_Mass_Gatherings_and_Schools_and_Others']",52193458076.225044,1097649290512.671,28732787140.703518,129844648897.53235,186180,2975184,1256226726550.9067,52193458076.225044,1308420184627.1318
Authorize_Schools_but_Restrict_Mass_Gatherings_and_Others-Restrict_Mass_Gatherings_and_Schools_and_Others-Lockdown,"['Authorize_Schools_but_Restrict_Mass_Gatherings_and_Others', 'Restrict_Mass_Gatherings_and_Schools_and_Others', 'Lockdown']",56701473260.73805,1101685709259.145,28853583144.102867,129956792638.64534,186850,2999771,1260496085041.893,56701473260.73805,1317197558302.631
Authorize_Schools_but_Restrict_Mass_Gatherings_and_Others-Lockdown-No_Measure,"['Authorize_Schools_but_Restrict_Mass_Gatherings_and_Others', 'Lockdown', 'No_Measure']",45527747489.41319,1178623273100.4485,31180626273.6846,131182774999.95435,199911,3268562,1340986674374.0874,45527747489.41319,1386514421863.5005
Authorize_Schools_but_Restrict_Mass_Gatherings_and_Others-Lockdown-Restrict_Mass_Gatherings,"['Authorize_Schools_but_Restrict_Mass_Gatherings_and_Others', 'Lockdown', 'Restrict_Mass_Gatherings']",48311565638.23351,1175259275021.552,31076145817.06326,131095762914.33134,199341,3249485,1337431183752.9465,48311565638.23351,1385742749391.18
Authorize_Schools_but_Restrict_Mass_Gatherings_and_Others-Lockdown-Restrict_Mass_Gatherings_and_Schools,"['Authorize_Schools_but_Restrict_Mass_Gatherings_and_Others', 'Lockdown', 'Restrict_Mass_Gatherings_and_Schools']",56851074289.1712,1165058549565.1318,30756072206.0671,130830288708.13535,197591,3191281,1326644910479.3342,56851074289.1712,1383495984768.5054
Authorize_Schools_but_Restrict_Mass_Gatherings_and_Others-Lockdown-Authorize_Schools_but_Restrict_Mass_Gatherings_and_Others,"['Authorize_Schools_but_Restrict_Mass_Gatherings_and_Others', 'Lockdown', 'Authorize_Schools_but_Restrict_Mass_Gatherings_and_Others']",50077245251.058685,1173278012979.848,31011388486.919895,131041887212.94334,198987,3237673,1335331288679.7112,50077245251.058685,1385408533930.7698
Authorize_Schools_but_Restrict_Mass_Gatherings_and_Others-Lockdown-Restrict_Mass_Gatherings_and_Schools_and_Others,"['Authorize_Schools_but_Restrict_Mass_Gatherings_and_Others', 'Lockdown', 'Restrict_Mass_Gatherings_and_Schools_and_Others']",57775151905.62613,1157655340027.2512,30527783027.30565,130642809294.83936,196344,3150177,1318825932349.3962,57775151905.62613,1376601084255.0225
Authorize_Schools_but_Restrict_Mass_Gatherings_and_Others-Lockdown-Lockdown,"['Authorize_Schools_but_Restrict_Mass_Gatherings_and_Others', 'Lockdown', 'Lockdown']",62289484694.49486,1162176511275.509,30669559715.378365,130758989608.56735,197118,3175649,1323605060599.4548,62289484694.49486,1385894545293.9497
Restrict_Mass_Gatherings_and_Schools_and_Others-No_Measure-No_Measure,"['Restrict_Mass_Gatherings_and_Schools_and_Others', 'No_Measure', 'No_Measure']",38142650756.20084,1065327816106.9697,31022887008.16583,132280093319.57234,180683,3509144,1228630796434.7078,38142650756.20084,1266773447190.9087
Restrict_Mass_Gatherings_and_Schools_and_Others-No_Measure-Restrict_Mass_Gatherings,"['Restrict_Mass_Gatherings_and_Schools_and_Others', 'No_Measure', 'Restrict_Mass_Gatherings']",40903018814.27707,1060794201262.5238,30882605271.504578,132178098023.73434,179923,3486782,1223854904557.7627,40903018814.27707,1264757923372.0398
Restrict_Mass_Gatherings_and_Schools_and_Others-No_Measure-Restrict_Mass_Gatherings_and_Schools,"['Restrict_Mass_Gatherings_and_Schools_and_Others', 'No_Measure', 'Restrict_Mass_Gatherings_and_Schools']",49312199213.55112,1045761677176.5624,30412104259.82856,131829351833.09534,177376,3410321,1208003133269.4863,49312199213.55112,1257315332483.0374
Restrict_Mass_Gatherings_and_Schools_and_Others-No_Measure-Authorize_Schools_but_Restrict_Mass_Gatherings_and_Others,"['Restrict_Mass_Gatherings_and_Schools_and_Others', 'No_Measure', 'Authorize_Schools_but_Restrict_Mass_Gatherings_and_Others']",42649802722.323044,1057977192221.9282,30792368744.82708,132112149093.29335,179434,3472323,1220881710060.0486,42649802722.323044,1263531512782.3716
Restrict_Mass_Gatherings_and_Schools_and_Others-No_Measure-Restrict_Mass_Gatherings_and_Schools_and_Others,"['Restrict_Mass_Gatherings_and_Schools_and_Others', 'No_Measure', 'Restrict_Mass_Gatherings_and_Schools_and_Others']",50084832788.86873,1033812843236.4492,30036655378.066807,131545108704.51434,175340,3348002,1195394607319.0303,50084832788.86873,1245479440107.899
Restrict_Mass_Gatherings_and_Schools_and_Others-No_Measure-Lockdown,"['Restrict_Mass_Gatherings_and_Schools_and_Others', 'No_Measure', 'Lockdown']",54699155051.42166,1041421571449.4542,30273912203.185043,131725176331.93535,176626,3387481,1203420659984.5747,54699155051.42166,1258119815035.9963
Restrict_Mass_Gatherings_and_Schools_and_Others-Restrict_Mass_Gatherings-No_Measure,"['Restrict_Mass_Gatherings_and_Schools_and_Others', 'Restrict_Mass_Gatherings', 'No_Measure']",40664463218.39081,1039892655501.6431,30214960116.464676,132025675217.35234,176367,3453364,1202133290835.4602,40664463218.39081,1242797754053.851
Restrict_Mass_Gatherings_and_Schools_and_Others-Restrict_Mass_Gatherings-Restrict_Mass_Gatherings,"['Restrict_Mass_Gatherings_and_Schools_and_Others', 'Restrict_Mass_Gatherings', 'Restrict_Mass_Gatherings']",43391394373.86569,1034557761487.5679,30047370788.242683,131902315733.79834,175459,3426318,1196507448009.609,43391394373.86569,1239898842383.4746
Restrict_Mass_Gatherings_and_Schools_and_Others-Restrict_Mass_Gatherings-Restrict_Mass_Gatherings_and_Schools,"['Restrict_Mass_Gatherings_and_Schools_and_Others', 'Restrict_Mass_Gatherings', 'Restrict_Mass_Gatherings_and_Schools']",51686686569.872955,1016479167135.7983,29485674337.533253,131480801769.71335,172412,3333903,1177445643243.045,51686686569.872955,1229132329812.918
Restrict_Mass_Gatherings_and_Schools_and_Others-Restrict_Mass_Gatherings-Authorize_Schools_but_Restrict_Mass_Gatherings_and_Others,"['Restrict_Mass_Gatherings_and_Schools_and_Others', 'Restrict_Mass_Gatherings', 'Authorize_Schools_but_Restrict_Mass_Gatherings_and_Others']",45116412885.66243,1030993069081.3114,29939795693.725983,131822460012.50635,174875,3408810,1192755324787.5437,45116412885.66243,1237871737673.206
Restrict_Mass_Gatherings_and_Schools_and_Others-Restrict_Mass_Gatherings-Restrict_Mass_Gatherings_and_Schools_and_Others,"['Restrict_Mass_Gatherings_and_Schools_and_Others', 'Restrict_Mass_Gatherings', 'Restrict_Mass_Gatherings_and_Schools_and_Others']",52411334906.231094,1003733796905.8314,29085437230.712387,131165898933.65434,170234,3264862,1163985133070.1982,52411334906.231094,1216396467976.4294
Restrict_Mass_Gatherings_and_Schools_and_Others-Restrict_Mass_Gatherings-Lockdown,"['Restrict_Mass_Gatherings_and_Schools_and_Others', 'Restrict_Mass_Gatherings', 'Lockdown']",57039798608.59044,1011224671553.4818,29321020626.14543,131355002098.19434,171519,3306322,1171900694277.8215,57039798608.59044,1228940492886.4119
Restrict_Mass_Gatherings_and_Schools_and_Others-Restrict_Mass_Gatherings_and_Schools-No_Measure,"['Restrict_Mass_Gatherings_and_Schools_and_Others', 'Restrict_Mass_Gatherings_and_Schools', 'No_Measure']",47754420750.151245,900369704689.8004,25933332598.13775,130834024248.21634,152720,3192100,1057137061536.1544,47754420750.151245,1104891482286.3057
Restrict_Mass_Gatherings_and_Schools_and_Others-Restrict_Mass_Gatherings_and_Schools-Restrict_Mass_Gatherings,"['Restrict_Mass_Gatherings_and_Schools_and_Others', 'Restrict_Mass_Gatherings_and_Schools', 'Restrict_Mass_Gatherings']",50260692619.47974,889117307862.239,25577663439.772392,130569676633.47334,150791,3134143,1045264647935.4847,50260692619.47974,1095525340554.9645
Restrict_Mass_Gatherings_and_Schools_and_Others-Restrict_Mass_Gatherings_and_Schools-Restrict_Mass_Gatherings_and_Schools,"['Restrict_Mass_Gatherings_and_Schools_and_Others', 'Restrict_Mass_Gatherings_and_Schools', 'Restrict_Mass_Gatherings_and_Schools']",57767833333.33333,850803636595.3259,24385845167.824417,129644580850.99634,144305,2931320,1004834062614.1467,57767833333.33333,1062601895947.4801
Restrict_Mass_Gatherings_and_Schools_and_Others-Restrict_Mass_Gatherings_and_Schools-Authorize_Schools_but_Restrict_Mass_Gatherings_and_Others,"['Restrict_Mass_Gatherings_and_Schools_and_Others', 'Restrict_Mass_Gatherings_and_Schools', 'Authorize_Schools_but_Restrict_Mass_Gatherings_and_Others']",51839078463.39988,881783601944.2927,25348861958.357967,130396131377.62234,149548,3096094,1037528595280.273,51839078463.39988,1089367673743.6729
Restrict_Mass_Gatherings_and_Schools_and_Others-Restrict_Mass_Gatherings_and_Schools-Restrict_Mass_Gatherings_and_Schools_and_Others,"['Restrict_Mass_Gatherings_and_Schools_and_Others', 'Restrict_Mass_Gatherings_and_Schools', 'Restrict_Mass_Gatherings_and_Schools_and_Others']",57807817543.85965,820911985673.2019,23454320557.493347,128892218448.74835,139223,2766368,973258524679.4436,57807817543.85965,1031066342223.3032
Restrict_Mass_Gatherings_and_Schools_and_Others-Restrict_Mass_Gatherings_and_Schools-Lockdown,"['Restrict_Mass_Gatherings_and_Schools_and_Others', 'Restrict_Mass_Gatherings_and_Schools', 'Lockdown']",62883746098.00363,839744211440.3635,24039805219.331955,129367224981.90535,142416,2870511,993151241641.6008,62883746098.00363,1056034987739.6045
Restrict_Mass_Gatherings_and_Schools_and_Others-Authorize_Schools_but_Restrict_Mass_Gatherings_and_Others-No_Measure,"['Restrict_Mass_Gatherings_and_Schools_and_Others', 'Authorize_Schools_but_Restrict_Mass_Gatherings_and_Others', 'No_Measure']",42203330127.04174,1013667497744.4469,29434532704.47827,131826879717.43735,171934,3409779,1174928910166.3625,42203330127.04174,1217132240293.4043
Restrict_Mass_Gatherings_and_Schools_and_Others-Authorize_Schools_but_Restrict_Mass_Gatherings_and_Others-Restrict_Mass_Gatherings,"['Restrict_Mass_Gatherings_and_Schools_and_Others', 'Authorize_Schools_but_Restrict_Mass_Gatherings_and_Others', 'Restrict_Mass_Gatherings']",44879977434.96672,1006794227452.7119,29216987912.87319,131671391852.52734,170759,3375689,1167682607218.1123,44879977434.96672,1212562584653.079
Restrict_Mass_Gatherings_and_Schools_and_Others-Authorize_Schools_but_Restrict_Mass_Gatherings_and_Others-Restrict_Mass_Gatherings_and_Schools,"['Restrict_Mass_Gatherings_and_Schools_and_Others', 'Authorize_Schools_but_Restrict_Mass_Gatherings_and_Others', 'Restrict_Mass_Gatherings_and_Schools']",52989075196.61221,983424923831.4182,28482779544.967484,131130910743.22534,166785,3257191,1143038614119.611,52989075196.61221,1196027689316.2234
Restrict_Mass_Gatherings_and_Schools_and_Others-Authorize_Schools_but_Restrict_Mass_Gatherings_and_Others-Authorize_Schools_but_Restrict_Mass_Gatherings_and_Others,"['Restrict_Mass_Gatherings_and_Schools_and_Others', 'Authorize_Schools_but_Restrict_Mass_Gatherings_and_Others', 'Authorize_Schools_but_Restrict_Mass_Gatherings_and_Others']",46571123593.46643,1002274042984.4512,29076872549.512268,131569893716.48035,170001,3353436,1162920809250.4438,46571123593.46643,1209491932843.9102
Restrict_Mass_Gatherings_and_Schools_and_Others-Authorize_Schools_but_Restrict_Mass_Gatherings_and_Others-Restrict_Mass_Gatherings_and_Schools_and_Others,"['Restrict_Mass_Gatherings_and_Schools_and_Others', 'Authorize_Schools_but_Restrict_Mass_Gatherings_and_Others', 'Restrict_Mass_Gatherings_and_Schools_and_Others']",53510382335.14822,964585800085.924,27894988031.22229,130686085002.15135,163598,3159665,1123166873119.2976,53510382335.14822,1176677255454.4458
Restrict_Mass_Gatherings_and_Schools_and_Others-Authorize_Schools_but_Restrict_Mass_Gatherings_and_Others-Lockdown,"['Restrict_Mass_Gatherings_and_Schools_and_Others', 'Authorize_Schools_but_Restrict_Mass_Gatherings_and_Others', 'Lockdown']",58284129522.08106,976391405320.5059,28266226021.02424,130968015653.53934,165611,3221477,1135625646995.0696,58284129522.08106,1193909776517.1506
Restrict_Mass_Gatherings_and_Schools_and_Others-Restrict_Mass_Gatherings_and_Schools_and_Others-No_Measure,"['Restrict_Mass_Gatherings_and_Schools_and_Others', 'Restrict_Mass_Gatherings_and_Schools_and_Others', 'No_Measure']",46638961524.5009,760995375091.4457,21549123975.68726,129343402361.82834,129073,2865288,911887901428.9613,46638961524.5009,958526862953.4622
Restrict_Mass_Gatherings_and_Schools_and_Others-Restrict_Mass_Gatherings_and_Schools_and_Others-Restrict_Mass_Gatherings,"['Restrict_Mass_Gatherings_and_Schools_and_Others', 'Restrict_Mass_Gatherings_and_Schools_and_Others', 'Restrict_Mass_Gatherings']",48939215245.00908,745441868170.0227,21069141999.076263,128947421429.94534,126440,2778471,895458431599.0443,48939215245.00908,944397646844.0533
Restrict_Mass_Gatherings_and_Schools_and_Others-Restrict_Mass_Gatherings_and_Schools_and_Others-Restrict_Mass_Gatherings_and_Schools,"['Restrict_Mass_Gatherings_and_Schools_and_Others', 'Restrict_Mass_Gatherings_and_Schools_and_Others', 'Restrict_Mass_Gatherings_and_Schools']",55812261222.02057,695836995732.2123,19539778034.43689,127617176906.59535,118025,2486821,842993950673.2445,55812261222.02057,898806211895.2651
Restrict_Mass_Gatherings_and_Schools_and_Others-Restrict_Mass_Gatherings_and_Schools_and_Others-Authorize_Schools_but_Restrict_Mass_Gatherings_and_Others,"['Restrict_Mass_Gatherings_and_Schools_and_Others', 'Restrict_Mass_Gatherings_and_Schools_and_Others', 'Authorize_Schools_but_Restrict_Mass_Gatherings_and_Others']",50387929582.57713,735606896436.7191,20765395691.32427,128691023810.75934,124771,2722257,885063315938.8027,50387929582.57713,935451245521.3799
Restrict_Mass_Gatherings_and_Schools_and_Others-Restrict_Mass_Gatherings_and_Schools_and_Others-Restrict_Mass_Gatherings_and_Schools_and_Others,"['Restrict_Mass_Gatherings_and_Schools_and_Others', 'Restrict_Mass_Gatherings_and_Schools_and_Others', 'Restrict_Mass_Gatherings_and_Schools_and_Others']",55497231760.43557,661154318018.8518,18472160393.326927,126637981928.87935,112137,2272137,806264460341.0581,55497231760.43557,861761692101.4937
Restrict_Mass_Gatherings_and_Schools_and_Others-Restrict_Mass_Gatherings_and_Schools_and_Others-Lockdown,"['Restrict_Mass_Gatherings_and_Schools_and_Others', 'Restrict_Mass_Gatherings_and_Schools_and_Others', 'Lockdown']",60772532486.38838,682339542088.1279,19123517658.365356,127240375396.00734,115730,2404209,828703435142.5006,60772532486.38838,889475967628.889
Restrict_Mass_Gatherings_and_Schools_and_Others-Lockdown-No_Measure,"['Restrict_Mass_Gatherings_and_Schools_and_Others', 'Lockdown', 'No_Measure']",52271838656.9873,841149471160.3842,24067936507.42684,130174265838.96535,142660,3047451,995391673506.7764,52271838656.9873,1047663512163.7637
Restrict_Mass_Gatherings_and_Schools_and_Others-Lockdown-Restrict_Mass_Gatherings,"['Restrict_Mass_Gatherings_and_Schools_and_Others', 'Lockdown', 'Restrict_Mass_Gatherings']",54750391591.04658,829997671153.8262,23725455584.060005,129892207476.80534,140782,2985611,983615334214.6915,54750391591.04658,1038365725805.7382
Restrict_Mass_Gatherings_and_Schools_and_Others-Lockdown-Restrict_Mass_Gatherings_and_Schools,"['Restrict_Mass_Gatherings_and_Schools_and_Others', 'Lockdown', 'Restrict_Mass_Gatherings_and_Schools']",62207555414.39807,793790227932.2515,22604993194.24328,128935179440.22934,134623,2775787,945330400566.7241,62207555414.39807,1007537955981.1222
Restrict_Mass_Gatherings_and_Schools_and_Others-Lockdown-Authorize_Schools_but_Restrict_Mass_Gatherings_and_Others,"['Restrict_Mass_Gatherings_and_Schools_and_Others', 'Lockdown', 'Authorize_Schools_but_Restrict_Mass_Gatherings_and_Others']",56314264791.28856,823040461195.9078,23507095435.8188,129709389506.68735,139584,2945529,976256946138.4141,56314264791.28856,1032571210929.7026
Restrict_Mass_Gatherings_and_Schools_and_Others-Lockdown-Restrict_Mass_Gatherings_and_Schools_and_Others,"['Restrict_Mass_Gatherings_and_Schools_and_Others', 'Lockdown', 'Restrict_Mass_Gatherings_and_Schools_and_Others']",62251365880.21779,766199947739.3234,21756890491.09518,128185261787.04535,129954,2611371,916142100017.4639,62251365880.21779,978393465897.6816
Restrict_Mass_Gatherings_and_Schools_and_Others-Lockdown-Lockdown,"['Restrict_Mass_Gatherings_and_Schools_and_Others', 'Lockdown', 'Lockdown']",67318985178.4634,783410965422.8243,22287031129.101387,128654959200.96634,132875,2714350,934352955752.8921,67318985178.4634,1001671940931.3555
Lockdown-No_Measure-No_Measure,"['Lockdown', 'No_Measure', 'No_Measure']",42723471869.32849,1148606021491.6082,32651752522.28052,132438755709.38635,194815,3543930,1313696529723.275,42723471869.32849,1356420001592.6035
Lockdown-No_Measure-Restrict_Mass_Gatherings,"['Lockdown', 'No_Measure', 'Restrict_Mass_Gatherings']",45528427223.230484,1145445722124.0054,32551107809.858116,132365249037.90234,194272,3527814,1310362078971.7659,45528427223.230484,1355890506194.9963
Lockdown-No_Measure-Restrict_Mass_Gatherings_and_Schools,"['Lockdown', 'No_Measure', 'Restrict_Mass_Gatherings_and_Schools']",54102821899.57652,1135005735103.5422,32222151704.330475,132122064922.51935,192493,3474497,1299349951730.392,54102821899.57652,1353452773629.9685
Lockdown-No_Measure-Authorize_Schools_but_Restrict_Mass_Gatherings_and_Others,"['Lockdown', 'No_Measure', 'Authorize_Schools_but_Restrict_Mass_Gatherings_and_Others']",47304928856.62432,1143392681116.034,32487127902.601242,132318287962.59834,193926,3517518,1308198096981.2336,47304928856.62432,1355503025837.858
Lockdown-No_Measure-Restrict_Mass_Gatherings_and_Schools_and_Others,"['Lockdown', 'No_Measure', 'Restrict_Mass_Gatherings_and_Schools_and_Others']",55021202964.30732,1126776882833.6423,31966466075.302986,131930945752.22134,191108,3432595,1290674294661.1667,55021202964.30732,1345695497625.474
Lockdown-No_Measure-Lockdown,"['Lockdown', 'No_Measure', 'Lockdown']",59542231699.9395,1131889961145.2566,32127451651.862255,132051404376.81134,191980,3459005,1296068817173.9302,59542231699.9395,1355611048873.8696
Lockdown-Restrict_Mass_Gatherings-No_Measure,"['Lockdown', 'Restrict_Mass_Gatherings', 'No_Measure']",45195892800.96794,1115673507360.241,31691105678.096363,132152779363.18535,189221,3481231,1279517392401.5227,45195892800.96794,1324713285202.4907
Lockdown-Restrict_Mass_Gatherings-Restrict_Mass_Gatherings,"['Lockdown', 'Restrict_Mass_Gatherings', 'Restrict_Mass_Gatherings']",47989704900.18149,1112371824642.9749,31587655183.08454,132072152816.16235,188658,3463554,1276031632642.2217,47989704900.18149,1324021337542.403
Lockdown-Restrict_Mass_Gatherings-Restrict_Mass_Gatherings_and_Schools,"['Lockdown', 'Restrict_Mass_Gatherings', 'Restrict_Mass_Gatherings_and_Schools']",56531897640.65336,1101628192903.0767,31253587994.716232,131808393583.19034,186839,3405726,1264690174480.9834,56531897640.65336,1321222072121.6367
Lockdown-Restrict_Mass_Gatherings-Authorize_Schools_but_Restrict_Mass_Gatherings_and_Others,"['Lockdown', 'Restrict_Mass_Gatherings', 'Authorize_Schools_but_Restrict_Mass_Gatherings_and_Others']",49759410647.30792,1110245514148.4736,31522284173.255985,132020849574.61035,188302,3452306,1273788647896.34,49759410647.30792,1323548058543.648
Lockdown-Restrict_Mass_Gatherings-Restrict_Mass_Gatherings_and_Schools_and_Others,"['Lockdown', 'Restrict_Mass_Gatherings', 'Restrict_Mass_Gatherings_and_Schools_and_Others']",57430140895.341805,1093433816180.6284,30997530956.73219,131604407552.61334,185443,3361003,1256035754689.9739,57430140895.341805,1313465895585.3157
Lockdown-Restrict_Mass_Gatherings-Lockdown,"['Lockdown', 'Restrict_Mass_Gatherings', 'Lockdown']",61963340834.84573,1098602002300.0957,31158315903.192436,131732642850.99835,186320,3389118,1261492961054.2864,61963340834.84573,1323456301889.132
Lockdown-Restrict_Mass_Gatherings_and_Schools-No_Measure,"['Lockdown', 'Restrict_Mass_Gatherings_and_Schools', 'No_Measure']",52468489776.16455,995796896518.5625,28082590027.67514,131077824111.96436,168889,3245552,1154957310658.2021,52468489776.16455,1207425800434.3667
Lockdown-Restrict_Mass_Gatherings_and_Schools-Restrict_Mass_Gatherings,"['Lockdown', 'Restrict_Mass_Gatherings_and_Schools', 'Restrict_Mass_Gatherings']",55078684452.51059,987374558880.1396,27821969418.37866,130879876976.46335,167475,3202153,1146076405274.9817,55078684452.51059,1201155089727.4922
Lockdown-Restrict_Mass_Gatherings_and_Schools-Restrict_Mass_Gatherings_and_Schools,"['Lockdown', 'Restrict_Mass_Gatherings_and_Schools', 'Restrict_Mass_Gatherings_and_Schools']",62994570598.91107,960138164654.8564,26970323505.283775,130215945161.62735,162842,3056589,1117324433321.7676,62994570598.91107,1180319003920.6787
Lockdown-Restrict_Mass_Gatherings_and_Schools-Authorize_Schools_but_Restrict_Mass_Gatherings_and_Others,"['Lockdown', 'Restrict_Mass_Gatherings_and_Schools', 'Authorize_Schools_but_Restrict_Mass_Gatherings_and_Others']",56729183787.05384,982061497961.004,27656018534.104347,130752407942.71034,166573,3174206,1140469924437.8188,56729183787.05384,1197199108224.8728
Lockdown-Restrict_Mass_Gatherings_and_Schools-Restrict_Mass_Gatherings_and_Schools_and_Others,"['Lockdown', 'Restrict_Mass_Gatherings_and_Schools', 'Restrict_Mass_Gatherings_and_Schools_and_Others']",63401004416.212944,939271134307.8539,26320645154.59651,129697722215.44534,159304,2942971,1095289501677.8958,63401004416.212944,1158690506094.1086
Lockdown-Restrict_Mass_Gatherings_and_Schools-Lockdown,"['Lockdown', 'Restrict_Mass_Gatherings_and_Schools', 'Lockdown']",68242567695.09982,952280583879.8573,26727929009.680756,130022983307.33334,161521,3014283,1109031496196.8713,68242567695.09982,1177274063891.9712
Lockdown-Authorize_Schools_but_Restrict_Mass_Gatherings_and_Others-No_Measure,"['Lockdown', 'Authorize_Schools_but_Restrict_Mass_Gatherings_and_Others', 'No_Measure']",46753162855.4144,1092859611516.6865,31026600288.649128,131965742376.49234,185360,3440224,1255851954181.8281,46753162855.4144,1302605117037.2424
Lockdown-Authorize_Schools_but_Restrict_Mass_Gatherings_and_Others-Restrict_Mass_Gatherings,"['Lockdown', 'Authorize_Schools_but_Restrict_Mass_Gatherings_and_Others', 'Restrict_Mass_Gatherings']",49504300786.44888,1088324479543.7225,30882225420.558674,131857849579.64734,184579,3416569,1251064554543.9287,49504300786.44888,1300568855330.3777
Lockdown-Authorize_Schools_but_Restrict_Mass_Gatherings_and_Others-Restrict_Mass_Gatherings_and_Schools,"['Lockdown', 'Authorize_Schools_but_Restrict_Mass_Gatherings_and_Others', 'Restrict_Mass_Gatherings_and_Schools']",57961045251.058685,1075308076944.8121,30479243756.687855,131539493991.64534,182381,3346771,1237326814693.1453,57961045251.058685,1295287859944.2039
Lockdown-Authorize_Schools_but_Restrict_Mass_Gatherings_and_Others-Authorize_Schools_but_Restrict_Mass_Gatherings_and_Others,"['Lockdown', 'Authorize_Schools_but_Restrict_Mass_Gatherings_and_Others', 'Authorize_Schools_but_Restrict_Mass_Gatherings_and_Others']",51247743859.649124,1085370494087.7,30793084992.72096,131789766054.87434,184092,3401642,1247953345135.2952,51247743859.649124,1299201088994.9443
Lockdown-Authorize_Schools_but_Restrict_Mass_Gatherings_and_Others-Restrict_Mass_Gatherings_and_Schools_and_Others,"['Lockdown', 'Authorize_Schools_but_Restrict_Mass_Gatherings_and_Others', 'Restrict_Mass_Gatherings_and_Schools_and_Others']",58811617362.371445,1066081985290.5349,30190229882.611588,131305048941.94635,180803,3295370,1227577264115.0928,58811617362.371445,1286388881477.464
Lockdown-Authorize_Schools_but_Restrict_Mass_Gatherings_and_Others-Lockdown,"['Lockdown', 'Authorize_Schools_but_Restrict_Mass_Gatherings_and_Others', 'Lockdown']",63364469691.470055,1071479993761.7905,30360833609.92462,131445840945.87834,181736,3326238,1233286668317.5935,63364469691.470055,1296651138009.0635
Lockdown-Restrict_Mass_Gatherings_and_Schools_and_Others-No_Measure,"['Lockdown', 'Restrict_Mass_Gatherings_and_Schools_and_Others', 'No_Measure']",51723113672.11131,875065318453.3566,24347154838.235294,129823663281.03336,148416,2970583,1029236136572.6252,51723113672.11131,1080959250244.7366
Lockdown-Restrict_Mass_Gatherings_and_Schools_and_Others-Restrict_Mass_Gatherings,"['Lockdown', 'Restrict_Mass_Gatherings_and_Schools_and_Others', 'Restrict_Mass_Gatherings']",54168722262.55293,863130964414.5929,23977911584.170853,129520555446.98834,146393,2904128,1016629431445.7522,54168722262.55293,1070798153708.3052
Lockdown-Restrict_Mass_Gatherings_and_Schools_and_Others-Restrict_Mass_Gatherings_and_Schools,"['Lockdown', 'Restrict_Mass_Gatherings_and_Schools_and_Others', 'Restrict_Mass_Gatherings_and_Schools']",61567649909.2559,825338690494.0354,22809724495.898613,128526317964.77034,139986,2686146,976674732954.7043,61567649909.2559,1038242382863.9602
Lockdown-Restrict_Mass_Gatherings_and_Schools_and_Others-Authorize_Schools_but_Restrict_Mass_Gatherings_and_Others,"['Lockdown', 'Restrict_Mass_Gatherings_and_Schools_and_Others', 'Authorize_Schools_but_Restrict_Mass_Gatherings_and_Others']",55714420750.15124,855687389592.9509,23745148104.8256,129326124918.81635,145119,2861500,1008758662616.5928,55714420750.15124,1064473083366.744
Lockdown-Restrict_Mass_Gatherings_and_Schools_and_Others-Restrict_Mass_Gatherings_and_Schools_and_Others,"['Lockdown', 'Restrict_Mass_Gatherings_and_Schools_and_Others', 'Restrict_Mass_Gatherings_and_Schools_and_Others']",61658853115.547485,798915376945.6776,21992442301.064144,127806681447.84735,135498,2528369,948714500694.5891,61658853115.547485,1010373353810.1366
Lockdown-Restrict_Mass_Gatherings_and_Schools_and_Others-Lockdown,"['Lockdown', 'Restrict_Mass_Gatherings_and_Schools_and_Others', 'Lockdown']",66683491288.566246,815134035046.5466,22491903261.934673,128248916484.68935,138242,2625327,965874854793.1707,66683491288.566246,1032558346081.7369
Lockdown-Lockdown-No_Measure,"['Lockdown', 'Lockdown', 'No_Measure']",57220779794.31337,949015588598.4369,26632005401.160213,130568134982.01135,160951,3133805,1106215728981.6084,57220779794.31337,1163436508775.9219
Lockdown-Lockdown-Restrict_Mass_Gatherings,"['Lockdown', 'Lockdown', 'Restrict_Mass_Gatherings']",59802605928.61464,940468891793.9039,26367283198.82501,130352062039.08435,159502,3086432,1097188237031.8132,59802605928.61464,1156990842960.428
Lockdown-Lockdown-Restrict_Mass_Gatherings_and_Schools,"['Lockdown', 'Lockdown', 'Restrict_Mass_Gatherings_and_Schools']",67643908650.93769,912898573969.6073,25515779890.03843,129640475861.89635,154839,2930420,1068054829721.5421,67643908650.93769,1135698738372.4797
Lockdown-Lockdown-Authorize_Schools_but_Restrict_Mass_Gatherings_and_Others,"['Lockdown', 'Lockdown', 'Authorize_Schools_but_Restrict_Mass_Gatherings_and_Others']",61436244041.13733,935031887717.1256,26199728285.69317,130213819689.49335,158585,3056123,1091445435692.312,61436244041.13733,1152881679733.4492
Lockdown-Lockdown-Restrict_Mass_Gatherings_and_Schools_and_Others,"['Lockdown', 'Lockdown', 'Restrict_Mass_Gatherings_and_Schools_and_Others']",68015035269.207504,892440902362.7382,24881081852.12829,129099693720.06035,151359,2811856,1046421677934.9268,68015035269.207504,1114436713204.1343
Lockdown-Lockdown-Lockdown,"['Lockdown', 'Lockdown', 'Lockdown']",72876258076.22504,905232323226.4122,25277247694.354126,129437516078.59435,153532,2885922,1059947086999.3607,72876258076.22504,1132823345075.5857
