country,province,date,day_since100,case_cnt,death_cnt,new_hospitalization,total_hospitalization,new_icu,total_icu,new_recovered,total_recovered,people_vaccinated,people_fully_vaccinated,daily_vaccinations
Germany,,2020-01-22,-39,0,0,,,,,,,,,
Germany,,2020-01-23,-38,0,0,,,,,,,,,
Germany,,2020-01-24,-37,0,0,,,,,,,,,
Germany,,2020-01-25,-36,0,0,,,,,,,,,
Germany,,2020-01-26,-35,0,0,,,,,,,,,
Germany,,2020-01-27,-34,1,0,,,,,,,,,
Germany,,2020-01-28,-33,4,0,,,,,,,,,
Germany,,2020-01-29,-32,4,0,,,,,,,,,
Germany,,2020-01-30,-31,4,0,,,,,,,,,
Germany,,2020-01-31,-30,5,0,,,,,,,,,
Germany,,2020-02-01,-29,8,0,,,,,,,,,
Germany,,2020-02-02,-28,10,0,,,,,,,,,
Germany,,2020-02-03,-27,12,0,,,,,,,,,
Germany,,2020-02-04,-26,12,0,,,,,,,,,
Germany,,2020-02-05,-25,12,0,,,,,,,,,
Germany,,2020-02-06,-24,12,0,,,,,,,,,
Germany,,2020-02-07,-23,13,0,,,,,,,,,
Germany,,2020-02-08,-22,13,0,,,,,,,,,
Germany,,2020-02-09,-21,14,0,,,,,,,,,
Germany,,2020-02-10,-20,14,0,,,,,,,,,
Germany,,2020-02-11,-19,16,0,,,,,,,,,
Germany,,2020-02-12,-18,16,0,,,,,,,,,
Germany,,2020-02-13,-17,16,0,,,,,,,,,
Germany,,2020-02-14,-16,16,0,,,,,,,,,
Germany,,2020-02-15,-15,16,0,,,,,,,,,
Germany,,2020-02-16,-14,16,0,,,,,,,,,
Germany,,2020-02-17,-13,16,0,,,,,,,,,
Germany,,2020-02-18,-12,16,0,,,,,,,,,
Germany,,2020-02-19,-11,16,0,,,,,,,,,
Germany,,2020-02-20,-10,16,0,,,,,,,,,
Germany,,2020-02-21,-9,16,0,,,,,,,,,
Germany,,2020-02-22,-8,16,0,,,,,,,,,
Germany,,2020-02-23,-7,16,0,,,,,,,,,
Germany,,2020-02-24,-6,16,0,,,,,,,,,
Germany,,2020-02-25,-5,16,0,,,,,,,,,
Germany,,2020-02-26,-4,21,0,,,,,,,,,
Germany,,2020-02-27,-3,26,0,,,,,,,,,
Germany,,2020-02-28,-2,53,0,,,,,,,,,
Germany,,2020-02-29,-1,66,0,,,,,,,,,
Germany,,2020-03-01,0,117,0,,,,,,,,,
Germany,,2020-03-02,1,150,0,,,,,,,,,
Germany,,2020-03-03,2,188,0,,,,,,,,,
Germany,,2020-03-04,3,262,0,,,,,,,,,
Germany,,2020-03-05,4,400,0,,,,,,,,,
Germany,,2020-03-06,5,639,0,,,,,,,,,
Germany,,2020-03-07,6,795,0,,,,,,,,,
Germany,,2020-03-08,7,902,0,,,,,,,,,
Germany,,2020-03-09,8,1139,2,,,,,,,,,
Germany,,2020-03-10,9,1296,2,,,,,,,,,
Germany,,2020-03-11,10,1567,3,,,,,,,,,
Germany,,2020-03-12,11,2369,5,,,,,,,,,
Germany,,2020-03-13,12,3062,5,,,,,,,,,
Germany,,2020-03-14,13,3795,8,,,,,,,,,
Germany,,2020-03-15,14,4838,12,,,,,,,,,
Germany,,2020-03-16,15,6012,13,,,,,,,,,
Germany,,2020-03-17,16,7156,12,,,,,,,,,
Germany,,2020-03-18,17,8198,12,,,,,,,,,
Germany,,2020-03-19,18,10999,20,,,,,,,,,
Germany,,2020-03-20,19,13957,31,,,,200.0,,,,,
Germany,,2020-03-21,20,16662,47,,,,308.0,,,,,
Germany,,2020-03-22,21,18610,55,,,,364.0,,,,,
Germany,,2020-03-23,22,22672,86,,,,451.0,,,,,
Germany,,2020-03-24,23,27436,114,,,,616.0,,,,,
Germany,,2020-03-25,24,31554,149,,,,789.0,,,,,
Germany,,2020-03-26,25,36508,198,,,,824.0,,,,,
Germany,,2020-03-27,26,42288,253,,,,905.0,,,,,
Germany,,2020-03-28,27,48582,325,,,,1001.0,,,,,
Germany,,2020-03-29,28,52547,389,,,,1063.0,,,,,
Germany,,2020-03-30,29,57298,455,,,,1203.0,,,,,
Germany,,2020-03-31,30,61913,583,,,,1551.0,,,,,
Germany,,2020-04-01,31,67366,732,,,,1785.0,,,,,
Germany,,2020-04-02,32,73522,872,,,,2103.0,,,,,
Germany,,2020-04-03,33,79696,1017,,,,2364.0,,,,,
Germany,,2020-04-04,34,85778,1158,,,,2474.0,,,,,
Germany,,2020-04-05,35,91714,1342,,,,2531.0,,,,,
Germany,,2020-04-06,36,95391,1434,,,,2554.0,,,,,
Germany,,2020-04-07,37,99225,1607,,,,2644.0,,,,,
Germany,,2020-04-08,38,103228,1861,,,,2661.0,,,,,
Germany,,2020-04-09,39,108202,2107,,,,2718.0,,,,,
Germany,,2020-04-10,40,113525,2373,,,,2704.0,,,,,
Germany,,2020-04-11,41,117658,2544,,,,2657.0,,,,,
Germany,,2020-04-12,42,120479,2673,,,,2657.0,,,,,
Germany,,2020-04-13,43,123016,2799,,,,2722.0,,,,,
Germany,,2020-04-14,44,125098,2969,,,,2725.0,,,,,
Germany,,2020-04-15,45,127584,3254,,,,2739.0,,,,,
Germany,,2020-04-16,46,130450,3569,,,,2817.0,,,,,
Germany,,2020-04-17,47,133830,3868,,,,2883.0,,,,,
Germany,,2020-04-18,48,137439,4110,,,,2933.0,,,,,
Germany,,2020-04-19,49,139897,4294,,,,2875.0,,,,,
Germany,,2020-04-20,50,141672,4404,,,,2905.0,,,,,
Germany,,2020-04-21,51,143457,4598,,,,2860.0,,,,,
Germany,,2020-04-22,52,145694,4879,,,,2744.0,,,,,
Germany,,2020-04-23,53,148046,5094,,,,2728.0,,,,,
Germany,,2020-04-24,54,150383,5321,,,,2650.0,,,,,
Germany,,2020-04-25,55,152438,5500,,,,2543.0,,,,,
Germany,,2020-04-26,56,154175,5640,,,,2529.0,,,,,
Germany,,2020-04-27,57,155193,5750,,,,2471.0,,,,,
Germany,,2020-04-28,58,156337,5913,,,,2394.0,,,,,
Germany,,2020-04-29,59,157641,6115,,,,2313.0,,,,,
Germany,,2020-04-30,60,159119,6288,,,,2241.0,,,,,
Germany,,2020-05-01,61,160758,6481,,,,2124.0,,,,,
Germany,,2020-05-02,62,161703,6575,,,,2052.0,,,,,
Germany,,2020-05-03,63,162496,6649,,,,2018.0,,,,,
Germany,,2020-05-04,64,163175,6692,,,,1980.0,,,,,
Germany,,2020-05-05,65,163860,6831,,,,1906.0,,,,,
Germany,,2020-05-06,66,164807,6996,,,,1825.0,,,,,
Germany,,2020-05-07,67,166091,7119,,,,1769.0,,,,,
Germany,,2020-05-08,68,167300,7266,,,,1662.0,,,,,
Germany,,2020-05-09,69,168551,7369,,,,1596.0,,,,,
Germany,,2020-05-10,70,169218,7395,,,,1605.0,,,,,
Germany,,2020-05-11,71,169575,7417,,,,1590.0,,,,,
Germany,,2020-05-12,72,170508,7533,,,,1499.0,,,,,
Germany,,2020-05-13,73,171306,7634,,,,1386.0,,,,,
Germany,,2020-05-14,74,172239,7723,,,,1318.0,,,,,
Germany,,2020-05-15,75,173152,7824,,,,1235.0,,,,,
Germany,,2020-05-16,76,173772,7881,,,,1176.0,,,,,
Germany,,2020-05-17,77,174355,7914,,,,1128.0,,,,,
Germany,,2020-05-18,78,174697,7935,,,,1126.0,,,,,
Germany,,2020-05-19,79,175210,8007,,,,1088.0,,,,,
Germany,,2020-05-20,80,176007,8090,,,,1021.0,,,,,
Germany,,2020-05-21,81,176752,8147,,,,1000.0,,,,,
Germany,,2020-05-22,82,177212,8174,,,,975.0,,,,,
Germany,,2020-05-23,83,177850,8216,,,,931.0,,,,,
Germany,,2020-05-24,84,178281,8247,,,,900.0,,,,,
Germany,,2020-05-25,85,178570,8257,,,,885.0,,,,,
Germany,,2020-05-26,86,179002,8302,,,,816.0,,,,,
Germany,,2020-05-27,87,179364,8349,,,,751.0,,,,,
Germany,,2020-05-28,88,179717,8411,,,,726.0,,,,,
Germany,,2020-05-29,89,180458,8450,,,,725.0,,,,,
Germany,,2020-05-30,90,181196,8489,,,,716.0,,,,,
Germany,,2020-05-31,91,181482,8500,,,,699.0,,,,,
Germany,,2020-06-01,92,181815,8511,,,,698.0,,,,,
Germany,,2020-06-02,93,182028,8522,,,,694.0,,,,,
Germany,,2020-06-03,94,182370,8551,,,,635.0,,,,,
Germany,,2020-06-04,95,182764,8581,,,,600.0,,,,,
Germany,,2020-06-05,96,183271,8613,,,,588.0,,,,,
Germany,,2020-06-06,97,183678,8646,,,,562.0,,,,,
Germany,,2020-06-07,98,183979,8668,,,,567.0,,,,,
Germany,,2020-06-08,99,184193,8674,,,,546.0,,,,,
Germany,,2020-06-09,100,184543,8711,,,,522.0,,,,,
Germany,,2020-06-10,101,184861,8729,,,,488.0,,,,,
Germany,,2020-06-11,102,185416,8755,,,,453.0,,,,,
Germany,,2020-06-12,103,185674,8763,,,,453.0,,,,,
Germany,,2020-06-13,104,186022,8781,,,,442.0,,,,,
Germany,,2020-06-14,105,186269,8787,,,,438.0,,,,,
Germany,,2020-06-15,106,186461,8791,,,,434.0,,,,,
Germany,,2020-06-16,107,186839,8800,,,,422.0,,,,,
Germany,,2020-06-17,108,187184,8830,,,,409.0,,,,,
Germany,,2020-06-18,109,187764,8856,,,,398.0,,,,,
Germany,,2020-06-19,110,188534,8872,,,,377.0,,,,,
Germany,,2020-06-20,111,189135,8883,,,,362.0,,,,,
Germany,,2020-06-21,112,189822,8882,,,,353.0,,,,,
Germany,,2020-06-22,113,190359,8885,,,,368.0,,,,,
Germany,,2020-06-23,114,190862,8895,,,,362.0,,,,,
Germany,,2020-06-24,115,191449,8914,,,,356.0,,,,,
Germany,,2020-06-25,116,192079,8927,,,,361.0,,,,,
Germany,,2020-06-26,117,192556,8948,,,,363.0,,,,,
Germany,,2020-06-27,118,193243,8954,,,,345.0,,,,,
Germany,,2020-06-28,119,193499,8957,,,,338.0,,,,,
Germany,,2020-06-29,120,193761,8961,,,,332.0,,,,,
Germany,,2020-06-30,121,194259,8973,,,,334.0,,,,,
Germany,,2020-07-01,122,194725,8985,,,,327.0,,,,,
Germany,,2020-07-02,123,195228,8994,,,,326.0,,,,,
Germany,,2020-07-03,124,195674,9003,,,,319.0,,,,,
Germany,,2020-07-04,125,196096,9010,,,,323.0,,,,,
Germany,,2020-07-05,126,196335,9012,,,,301.0,,,,,
Germany,,2020-07-06,127,196554,9016,,,,312.0,,,,,
Germany,,2020-07-07,128,196944,9024,,,,297.0,,,,,
Germany,,2020-07-08,129,197341,9036,,,,291.0,,,,,
Germany,,2020-07-09,130,197783,9048,,,,278.0,,,,,
Germany,,2020-07-10,131,198178,9054,,,,279.0,,,,,
Germany,,2020-07-11,132,198556,9060,,,,254.0,,,,,
Germany,,2020-07-12,133,198804,9063,,,,255.0,,,,,
Germany,,2020-07-13,134,198963,9064,,,,264.0,,,,,
Germany,,2020-07-14,135,199375,9068,,,,261.0,,,,,
Germany,,2020-07-15,136,199726,9071,,,,247.0,,,,,
Germany,,2020-07-16,137,200260,9078,,,,254.0,,,,,
Germany,,2020-07-17,138,200843,9082,,,,248.0,,,,,
Germany,,2020-07-18,139,201372,9083,,,,246.0,,,,,
Germany,,2020-07-19,140,201574,9084,,,,253.0,,,,,
Germany,,2020-07-20,141,201823,9086,,,,246.0,,,,,
Germany,,2020-07-21,142,202345,9090,,,,253.0,,,,,
Germany,,2020-07-22,143,202799,9095,,,,249.0,,,,,
Germany,,2020-07-23,144,203368,9101,,,,238.0,,,,,
Germany,,2020-07-24,145,204183,9111,,,,236.0,,,,,
Germany,,2020-07-25,146,204964,9118,,,,248.0,,,,,
Germany,,2020-07-26,147,205269,9118,,,,267.0,,,,,
Germany,,2020-07-27,148,205609,9118,,,,258.0,,,,,
Germany,,2020-07-28,149,206242,9122,,,,255.0,,,,,
Germany,,2020-07-29,150,206926,9128,,,,257.0,,,,,
Germany,,2020-07-30,151,207828,9134,,,,262.0,,,,,
Germany,,2020-07-31,152,208698,9141,,,,261.0,,,,,
Germany,,2020-08-01,153,209653,9148,,,,257.0,,,,,
Germany,,2020-08-02,154,209893,9141,,,,269.0,,,,,
Germany,,2020-08-03,155,210402,9148,,,,267.0,,,,,
Germany,,2020-08-04,156,211281,9156,,,,260.0,,,,,
Germany,,2020-08-05,157,212022,9168,,,,240.0,,,,,
Germany,,2020-08-06,158,213067,9175,,,,237.0,,,,,
Germany,,2020-08-07,159,214214,9183,,,,227.0,,,,,
Germany,,2020-08-08,160,215336,9195,,,,229.0,,,,,
Germany,,2020-08-09,161,215891,9196,,,,234.0,,,,,
Germany,,2020-08-10,162,216327,9197,,,,228.0,,,,,
Germany,,2020-08-11,163,217293,9201,,,,231.0,,,,,
Germany,,2020-08-12,164,218519,9207,,,,221.0,,,,,
Germany,,2020-08-13,165,219964,9211,,,,224.0,,,,,
Germany,,2020-08-14,166,221413,9225,,,,230.0,,,,,
Germany,,2020-08-15,167,222828,9231,,,,228.0,,,,,
Germany,,2020-08-16,168,223453,9231,,,,225.0,,,,,
Germany,,2020-08-17,169,224014,9232,,,,227.0,,,,,
Germany,,2020-08-18,170,225404,9236,,,,220.0,,,,,
Germany,,2020-08-19,171,226914,9243,,,,227.0,,,,,
Germany,,2020-08-20,172,228621,9253,,,,230.0,,,,,
Germany,,2020-08-21,173,230048,9260,,,,237.0,,,,,
Germany,,2020-08-22,174,232082,9267,,,,232.0,,,,,
Germany,,2020-08-23,175,232864,9269,,,,245.0,,,,,
Germany,,2020-08-24,176,233575,9272,,,,245.0,,,,,
Germany,,2020-08-25,177,234853,9277,,,,225.0,,,,,
Germany,,2020-08-26,178,236429,9280,,,,227.0,,,,,
Germany,,2020-08-27,179,237936,9285,,,,240.0,,,,,
Germany,,2020-08-28,180,239507,9288,,,,236.0,,,,,
Germany,,2020-08-29,181,240986,9289,,,,241.0,,,,,
Germany,,2020-08-30,182,241771,9295,,,,244.0,,,,,
Germany,,2020-08-31,183,242381,9298,,,,245.0,,,,,
Germany,,2020-09-01,184,243599,9302,,,,234.0,,,,,
Germany,,2020-09-02,185,244855,9313,,,,227.0,,,,,
Germany,,2020-09-03,186,246166,9321,,,,222.0,,,,,
Germany,,2020-09-04,187,247619,9322,,,,224.0,,,,,
Germany,,2020-09-05,188,248997,9324,,,,222.0,,,,,
Germany,,2020-09-06,189,249985,9325,,,,218.0,,,,,
Germany,,2020-09-07,190,250799,9325,,,,228.0,,,,,
Germany,,2020-09-08,191,252298,9329,,,,230.0,,,,,
Germany,,2020-09-09,192,253474,9338,,,,227.0,,,,,
Germany,,2020-09-10,193,255366,9341,,,,233.0,,,,,
Germany,,2020-09-11,194,256850,9342,,,,220.0,,,,,
Germany,,2020-09-12,195,258480,9347,,,,233.0,,,,,
Germany,,2020-09-13,196,259428,9349,,,,236.0,,,,,
Germany,,2020-09-14,197,260355,9350,,,,237.0,,,,,
Germany,,2020-09-15,198,261762,9362,,,,236.0,,,,,
Germany,,2020-09-16,199,263663,9368,,,,233.0,,,,,
Germany,,2020-09-17,200,265857,9371,,,,238.0,,,,,
Germany,,2020-09-18,201,267773,9378,,,,246.0,,,,,
Germany,,2020-09-19,202,270070,9384,,,,257.0,,,,,
Germany,,2020-09-20,203,271415,9386,,,,268.0,,,,,
Germany,,2020-09-21,204,272337,9386,,,,267.0,,,,,
Germany,,2020-09-22,205,274158,9396,,,,278.0,,,,,
Germany,,2020-09-23,206,275927,9409,,,,293.0,,,,,
Germany,,2020-09-24,207,278070,9428,,,,296.0,,,,,
Germany,,2020-09-25,208,280223,9443,,,,301.0,,,,,
Germany,,2020-09-26,209,282730,9452,,,,312.0,,,,,
Germany,,2020-09-27,210,284140,9457,,,,325.0,,,,,
Germany,,2020-09-28,211,285332,9460,,,,353.0,,,,,
Germany,,2020-09-29,212,287421,9471,,,,352.0,,,,,
Germany,,2020-09-30,213,289219,9488,,,,355.0,,,,,
Germany,,2020-10-01,214,291722,9500,,,,362.0,,,,,
Germany,,2020-10-02,215,294395,9508,,,,373.0,,,,,
Germany,,2020-10-03,216,296958,9527,,,,403.0,,,,,
Germany,,2020-10-04,217,299237,9529,,,,424.0,,,,,
Germany,,2020-10-05,218,300619,9534,,,,446.0,,,,,
Germany,,2020-10-06,219,303258,9546,,,,449.0,,,,,
Germany,,2020-10-07,220,306086,9562,,,,470.0,,,,,
Germany,,2020-10-08,221,310144,9578,,,,487.0,,,,,
Germany,,2020-10-09,222,314660,9589,,,,510.0,,,,,
Germany,,2020-10-10,223,319381,9604,,,,531.0,,,,,
Germany,,2020-10-11,224,322864,9615,,,,545.0,,,,,
Germany,,2020-10-12,225,325331,9621,,,,590.0,,,,,
Germany,,2020-10-13,226,329453,9634,,,,618.0,,,,,
Germany,,2020-10-14,227,334585,9677,,,,602.0,,,,,
Germany,,2020-10-15,228,341223,9710,,,,655.0,,,,,
Germany,,2020-10-16,229,348557,9734,,,,690.0,,,,,
Germany,,2020-10-17,230,356387,9767,,,,731.0,,,,,
Germany,,2020-10-18,231,361974,9777,,,,769.0,,,,,
Germany,,2020-10-19,232,366299,9789,,,,851.0,,,,,
Germany,,2020-10-20,233,373167,9836,,,,879.0,,,,,
Germany,,2020-10-21,234,380762,9875,,,,943.0,,,,,
Germany,,2020-10-22,235,392049,9905,,,,1030.0,,,,,
Germany,,2020-10-23,236,403291,9954,,,,1121.0,,,,,
Germany,,2020-10-24,237,418005,10003,,,,1200.0,,,,,
Germany,,2020-10-25,238,429181,10032,,,,1294.0,,,,,
Germany,,2020-10-26,239,437866,10056,,,,1360.0,,,,,
Germany,,2020-10-27,240,449275,10098,,,,1468.0,,,,,
Germany,,2020-10-28,241,464239,10183,,,,1569.0,,,,,
Germany,,2020-10-29,242,481013,10272,,,,1696.0,,,,,
Germany,,2020-10-30,243,499694,10349,,,,1839.0,,,,,
Germany,,2020-10-31,244,518753,10452,,,,1944.0,,,,,
Germany,,2020-11-01,245,532930,10481,,,,2061.0,,,,,
Germany,,2020-11-02,246,545027,10530,,,,2243.0,,,,,
Germany,,2020-11-03,247,560379,10661,,,,2380.0,,,,,
Germany,,2020-11-04,248,577593,10812,,,,2546.0,,,,,
Germany,,2020-11-05,249,597583,10930,,,,2653.0,,,,,
Germany,,2020-11-06,250,619089,11096,,,,2753.0,,,,,
Germany,,2020-11-07,251,642488,11226,,,,2839.0,,,,,
Germany,,2020-11-08,252,658505,11289,,,,2905.0,,,,,
Germany,,2020-11-09,253,671868,11352,,,,3007.0,,,,,
Germany,,2020-11-10,254,687200,11506,,,,3058.0,,,,,
Germany,,2020-11-11,255,705687,11767,,,,3124.0,,,,,
Germany,,2020-11-12,256,727553,11982,,,,3185.0,,,,,
Germany,,2020-11-13,257,751095,12200,,,,3298.0,,,,,
Germany,,2020-11-14,258,773556,12378,,,,3324.0,,,,,
Germany,,2020-11-15,259,790503,12485,,,,3385.0,,,,,
Germany,,2020-11-16,260,801327,12547,,,,3435.0,,,,,
Germany,,2020-11-17,261,815746,12814,,,,3517.0,,,,,
Germany,,2020-11-18,262,833307,13119,,,,3561.0,,,,,
Germany,,2020-11-19,263,855916,13370,,,,3593.0,,,,,
Germany,,2020-11-20,264,879564,13630,,,,3615.0,,,,,
Germany,,2020-11-21,265,902528,13884,,,,3632.0,,,,,
Germany,,2020-11-22,266,918269,14022,,,,3709.0,,,,,
Germany,,2020-11-23,267,929133,14112,,,,3740.0,,,,,
Germany,,2020-11-24,268,942687,14361,,,,3767.0,,,,,
Germany,,2020-11-25,269,961320,14771,,,,3778.0,,,,,
Germany,,2020-11-26,270,983588,15160,,,,3826.0,,,,,
Germany,,2020-11-27,271,1006394,15586,,,,3855.0,,,,,
Germany,,2020-11-28,272,1028089,15965,,,,3888.0,,,,,
Germany,,2020-11-29,273,1042700,16123,,,,3899.0,,,,,
Germany,,2020-11-30,274,1053869,16248,,,,3926.0,,,,,
Germany,,2020-12-01,275,1067473,16636,,,,3921.0,,,,,
Germany,,2020-12-02,276,1084743,17123,,,,3958.0,,,,,
Germany,,2020-12-03,277,1106789,17602,,,,3980.0,,,,,
Germany,,2020-12-04,278,1130238,18034,,,,4011.0,,,,,
Germany,,2020-12-05,279,1153556,18517,,,,4051.0,,,,,
Germany,,2020-12-06,280,1171323,18772,,,,4108.0,,,,,
Germany,,2020-12-07,281,1183655,18919,,,,4181.0,,,,,
Germany,,2020-12-08,282,1197709,19342,,,,4255.0,,,,,
Germany,,2020-12-09,283,1218524,19932,,,,4278.0,,,,,
Germany,,2020-12-10,284,1242203,20372,,,,4339.0,,,,,
Germany,,2020-12-11,285,1272078,20970,,,,4432.0,,,,,
Germany,,2020-12-12,286,1300516,21466,,,,4491.0,,,,,
Germany,,2020-12-13,287,1320716,21787,,,,4553.0,,,,,
Germany,,2020-12-14,288,1337078,21975,,,,4675.0,,,,,
Germany,,2020-12-15,289,1351510,22475,,,,4735.0,,,,,
Germany,,2020-12-16,290,1379238,23427,,,,4834.0,,,,,
Germany,,2020-12-17,291,1406161,24125,,,,4855.0,,,,,
Germany,,2020-12-18,292,1439938,24938,,,,4904.0,,,,,
Germany,,2020-12-19,293,1471238,25640,,,,4941.0,,,,,
Germany,,2020-12-20,294,1494009,26049,,,,5029.0,,,,,
Germany,,2020-12-21,295,1510652,26275,,,,5168.0,,,,,
Germany,,2020-12-22,296,1530180,27006,,,,5217.0,,,,,
Germany,,2020-12-23,297,1554920,27968,,,,5241.0,,,,,
Germany,,2020-12-24,298,1587115,28770,,,,5346.0,,,,,
Germany,,2020-12-25,299,1587115,28770,,,,5381.0,,,,,
Germany,,2020-12-26,300,1627103,29422,,,,5536.0,,,,,
Germany,,2020-12-27,301,1640858,29778,,,,5562.0,,,24427.0,0.0,0.0
Germany,,2020-12-28,302,1651834,30126,,,,5600.0,,,42500.0,0.0,18073.0
Germany,,2020-12-29,303,1664726,30978,,,,5649.0,,,92729.0,0.0,34151.0
Germany,,2020-12-30,304,1687185,32107,,,,5647.0,,,156942.0,0.0,44172.0
Germany,,2020-12-31,305,1719737,33071,,,,5638.0,,,206927.0,0.0,45625.0
Germany,,2021-01-01,306,1719737,33071,,,,5604.0,,,232650.0,0.0,41645.0
Germany,,2021-01-02,307,1755351,33960,,,,5724.0,,,280485.0,0.0,42676.0
Germany,,2021-01-03,308,1765666,34272,,,,5761.0,,,303099.0,0.0,39810.0
Germany,,2021-01-04,309,1775513,34574,,,,5744.0,,,349461.0,0.0,43852.0
Germany,,2021-01-05,310,1787410,35518,,,,5671.0,,,401983.0,0.0,44179.0
Germany,,2021-01-06,311,1808647,36537,,,,5572.0,,,465111.0,0.0,44024.0
Germany,,2021-01-07,312,1835038,37607,,,,5492.0,,,520032.0,0.0,44729.0
Germany,,2021-01-08,313,1866887,38795,,,,5486.0,,,582938.0,0.0,50041.0
Germany,,2021-01-09,314,1891581,39878,,,,5414.0,,,643542.0,0.0,51865.0
Germany,,2021-01-10,315,1908527,40343,,,,5320.0,,,679400.0,0.0,53757.0
Germany,,2021-01-11,316,1921024,40686,,,,5288.0,,,748203.0,0.0,56963.0
Germany,,2021-01-12,317,1933826,41577,,,,5230.0,,,827568.0,0.0,60798.0
Germany,,2021-01-13,318,1953426,42637,,,,5185.0,,,940046.0,0.0,67848.0
Germany,,2021-01-14,319,1978590,43881,,,,5126.0,,,1024225.0,0.0,72028.0
Germany,,2021-01-15,320,2000958,44994,,,,5074.0,,,1115190.0,977.0,76176.0
Germany,,2021-01-16,321,2019636,45974,,,,5015.0,,,1172071.0,2221.0,75821.0
Germany,,2021-01-17,322,2033518,46419,,,,4972.0,,,1202842.0,19304.0,77535.0
Germany,,2021-01-18,323,2040659,46633,,,,5005.0,,,1270404.0,35069.0,79610.0
Germany,,2021-01-19,324,2052028,47622,,,,4947.0,,,1354240.0,71169.0,85406.0
Germany,,2021-01-20,325,2068002,48770,,,,4835.0,,,1433270.0,125154.0,88340.0
Germany,,2021-01-21,326,2088400,49783,,,,4787.0,,,1497811.0,166283.0,91410.0
Germany,,2021-01-22,327,2106262,50642,,,,4769.0,,,1566622.0,199931.0,92912.0
Germany,,2021-01-23,328,2122679,51521,,,,4657.0,,,1607407.0,246265.0,97054.0
Germany,,2021-01-24,329,2134936,51870,,,,4624.0,,,1633116.0,268425.0,97056.0
Germany,,2021-01-25,330,2141665,52087,,,,4620.0,,,1685482.0,307163.0,98167.0
Germany,,2021-01-26,331,2148077,52990,,,,4571.0,,,1736717.0,354681.0,95141.0
Germany,,2021-01-27,332,2161275,53972,,,,4501.0,,,1787890.0,413210.0,91811.0
Germany,,2021-01-28,333,2178828,54913,,,,4438.0,,,1834920.0,458990.0,89974.0
Germany,,2021-01-29,334,2192850,55752,,,,4376.0,,,1884809.0,516957.0,90745.0
Germany,,2021-01-30,335,2205171,56546,,,,4351.0,,,1919500.0,570463.0,90899.0
Germany,,2021-01-31,336,2216363,56945,,,,4346.0,,,1945323.0,601932.0,92245.0
Germany,,2021-02-01,337,2221971,57120,,,,4322.0,,,2003727.0,664098.0,96454.0
Germany,,2021-02-02,338,2228085,57981,,,,4263.0,,,2069261.0,731522.0,101341.0
Germany,,2021-02-03,339,2237790,58956,,,,4222.0,,,2133959.0,830110.0,108996.0
Germany,,2021-02-04,340,2252001,59742,,,,4178.0,,,2196183.0,902673.0,114992.0
Germany,,2021-02-05,341,2264909,60597,,,,4072.0,,,2265619.0,980920.0,120682.0
Germany,,2021-02-06,342,2275394,61286,,,,3965.0,,,2311242.0,1029539.0,121545.0
Germany,,2021-02-07,343,2284010,61517,,,,3932.0,,,2339550.0,1054822.0,121017.0
Germany,,2021-02-08,344,2288545,61675,,,,3956.0,,,2392578.0,1111317.0,119439.0
Germany,,2021-02-09,345,2291924,62156,,,,3847.0,,,2452895.0,1185858.0,119710.0
Germany,,2021-02-10,346,2299996,62969,,,,3738.0,,,2530738.0,1263540.0,118601.0
Germany,,2021-02-11,347,2310233,63635,,,,3675.0,,,2606501.0,1332612.0,120037.0
Germany,,2021-02-12,348,2320093,64191,,,,3551.0,,,2686854.0,1408646.0,121280.0
Germany,,2021-02-13,349,2328447,64742,,,,3485.0,,,2748952.0,1454487.0,123237.0
Germany,,2021-02-14,350,2334561,64960,,,,3424.0,,,2788620.0,1480330.0,124940.0
Germany,,2021-02-15,351,2338987,65076,,,,3436.0,,,2858820.0,1536125.0,127293.0
Germany,,2021-02-16,352,2342843,65604,,,,3354.0,,,2937185.0,1592825.0,127322.0
Germany,,2021-02-17,353,2350399,66164,,,,3248.0,,,3032659.0,1649346.0,126818.0
Germany,,2021-02-18,354,2360606,66698,,,,3178.0,,,3124572.0,1702777.0,126891.0
Germany,,2021-02-19,355,2369719,67206,,,,3121.0,,,3227769.0,1758601.0,127267.0
Germany,,2021-02-20,356,2378883,67696,,,,3081.0,,,3304006.0,1794989.0,127937.0
Germany,,2021-02-21,357,2386559,67841,,,,3056.0,,,3361771.0,1823324.0,130878.0
Germany,,2021-02-22,358,2390928,67903,,,,3058.0,,,3460131.0,1881718.0,135272.0
Germany,,2021-02-23,359,2394811,68318,,,,3037.0,,,3570202.0,1942327.0,140360.0
Germany,,2021-02-24,360,2402818,68740,,,,2956.0,,,3687949.0,2001852.0,143971.0
Germany,,2021-02-25,361,2414687,69125,,,,2899.0,,,3818971.0,2061345.0,150424.0
Germany,,2021-02-26,362,2424684,69519,,,,2848.0,,,3965647.0,2129076.0,158336.0
Germany,,2021-02-27,363,2434446,69888,,,,2826.0,,,4074235.0,2168951.0,163456.0
Germany,,2021-02-28,364,2442336,70045,,,,2840.0,,,4153745.0,2193157.0,165972.0
Germany,,2021-03-01,365,2447068,70105,,,,2869.0,,,4303321.0,2243125.0,172085.0
Germany,,2021-03-02,366,2451011,70463,,,,2855.0,,,4471410.0,2295428.0,179187.0
Germany,,2021-03-03,367,2460030,70881,,,,2823.0,,,4649325.0,2366336.0,189409.0
Germany,,2021-03-04,368,2471942,71240,,,,2814.0,,,4832027.0,2429584.0,197328.0
Germany,,2021-03-05,369,2482522,71504,,,,2765.0,,,5040725.0,2497144.0,206164.0
Germany,,2021-03-06,370,2492079,71804,,,,2755.0,,,5195084.0,2545933.0,213976.0
Germany,,2021-03-07,371,2500182,71900,,,,2787.0,,,5309580.0,2579512.0,220313.0
Germany,,2021-03-08,372,2505193,71934,,,,2865.0,,,5496433.0,2631489.0,225925.0
Germany,,2021-03-09,373,2509445,72189,,,,2785.0,,,5694867.0,2686564.0,230656.0
Germany,,2021-03-10,374,2518591,72489,,,,2736.0,,,5917191.0,2754097.0,236518.0
Germany,,2021-03-11,375,2532947,72810,,,,2758.0,,,6141298.0,2815143.0,242119.0
Germany,,2021-03-12,376,2545781,73062,,,,2755.0,,,6399036.0,2886344.0,249644.0
Germany,,2021-03-13,377,2558455,73301,,,,2719.0,,,6590466.0,2936785.0,255176.0
Germany,,2021-03-14,378,2569245,73371,,,,2773.0,,,6725435.0,2972526.0,258410.0
Germany,,2021-03-15,379,2575849,73418,,,,2833.0,,,6915850.0,3031882.0,259973.0
Germany,,2021-03-16,380,2581329,73656,,,,2852.0,,,7027119.0,3100348.0,249434.0
Germany,,2021-03-17,381,2594764,73905,,,,2859.0,,,7152069.0,3181622.0,237486.0
Germany,,2021-03-18,382,2612268,74132,,,,2895.0,,,7270602.0,3257559.0,224531.0
Germany,,2021-03-19,383,2629750,74358,,,,2951.0,,,7432237.0,3342333.0,212741.0
Germany,,2021-03-20,384,2645783,74565,,,,2958.0,,,7600312.0,3395779.0,209834.0
Germany,,2021-03-21,385,2659516,74664,,,,3056.0,,,7727019.0,3434161.0,209031.0
Germany,,2021-03-22,386,2667225,74714,,,,3150.0,,,7920383.0,3510992.0,211949.0
Germany,,2021-03-23,387,2674710,74964,,,,3168.0,,,8135374.0,3595490.0,229057.0
Germany,,2021-03-24,388,2690523,75212,,,,3207.0,,,8385559.0,3685159.0,248147.0
Germany,,2021-03-25,389,2713180,75440,,,,3261.0,,,8637208.0,3766578.0,267946.0
Germany,,2021-03-26,390,2734753,75623,,,,3333.0,,,8922997.0,3855742.0,286310.0
Germany,,2021-03-27,391,2755225,75780,,,,3390.0,,,9143041.0,3918361.0,295044.0
Germany,,2021-03-28,392,2772401,75870,,,,3455.0,,,9286582.0,3971748.0,299593.0
Germany,,2021-03-29,393,2782273,75913,,,,3571.0,,,9503385.0,4060825.0,304691.0
Germany,,2021-03-30,394,2791822,76093,,,,3599.0,,,9737197.0,4153406.0,308534.0
Germany,,2021-03-31,395,2808873,76342,,,,3680.0,,,9969934.0,4255149.0,307766.0
Germany,,2021-04-01,396,2833173,76543,,,,3730.0,,,10211605.0,4346158.0,307708.0
Germany,,2021-04-02,397,2855061,76775,,,,3850.0,,,10370129.0,4414245.0,286516.0
Germany,,2021-04-03,398,2873190,76895,,,,3917.0,,,10538014.0,4479032.0,279374.0
Germany,,2021-04-04,399,2885386,76963,,,,4060.0,,,10681005.0,4529699.0,278907.0
Germany,,2021-04-05,400,2893883,77013,,,,4164.0,,,10859191.0,4600201.0,270737.0
Germany,,2021-04-06,401,2900768,77103,,,,4357.0,,,11157049.0,4694914.0,280189.0
Germany,,2021-04-07,402,2910445,77401,,,,4443.0,,,11786513.0,4791357.0,336105.0
Germany,,2021-04-08,403,2930852,77707,,,,4477.0,,,12417890.0,4878482.0,391223.0
Germany,,2021-04-09,404,2956316,78003,,,,4515.0,,,12950627.0,4967510.0,447674.0
Germany,,2021-04-10,405,2980413,78249,,,,4535.0,,,13254837.0,5032852.0,467228.0
Germany,,2021-04-11,406,2998268,78353,,,,4585.0,,,13465609.0,5083327.0,476884.0
Germany,,2021-04-12,407,3011513,78452,,,,4662.0,,,13801033.0,5160190.0,500253.0
Germany,,2021-04-13,408,3022323,78746,,,,4692.0,,,14330973.0,5234238.0,530456.0
Germany,,2021-04-14,409,3044016,79088,,,,4680.0,,,15055478.0,5318175.0,542246.0
Germany,,2021-04-15,410,3073442,79381,,,,4684.0,,,15667226.0,5388942.0,537103.0
Germany,,2021-04-16,411,3099273,79628,,,,4740.0,,,16175345.0,5463596.0,531532.0
Germany,,2021-04-17,412,3123077,79847,,,,4786.0,,,16477926.0,5520296.0,530065.0
Germany,,2021-04-18,413,3142262,79914,,,,4844.0,,,16706088.0,5559417.0,530927.0
Germany,,2021-04-19,414,3153699,80006,,,,4932.0,,,17042551.0,5621500.0,528965.0
Germany,,2021-04-20,415,3163308,80303,,,,4968.0,,,17568268.0,5685139.0,526873.0
Germany,,2021-04-21,416,3188192,80634,,,,4988.0,,,18243545.0,5759404.0,518458.0
Germany,,2021-04-22,417,3217710,80893,,,,5050.0,,,18815174.0,5827524.0,512347.0
Germany,,2021-04-23,418,3245253,81158,,,,5054.0,,,19287219.0,5897306.0,506498.0
Germany,,2021-04-24,419,3268645,81444,,,,5025.0,,,19590706.0,5956559.0,506992.0
Germany,,2021-04-25,420,3287418,81564,,,,5052.0,,,19821813.0,6005909.0,508874.0
Germany,,2021-04-26,421,3299325,81624,,,,5120.0,,,20183733.0,6080665.0,514320.0
Germany,,2021-04-27,422,3310301,81968,,,,5064.0,,,20948569.0,6175318.0,552911.0
Germany,,2021-04-28,423,3332532,82280,,,,5046.0,,,21978256.0,6308321.0,611932.0
Germany,,2021-04-29,424,3357268,82544,,,,5033.0,,,22787608.0,6445448.0,655752.0
Germany,,2021-04-30,425,3381597,82850,,,,5024.0,,,23417029.0,6582835.0,687891.0
Germany,,2021-05-01,426,3400532,83082,,,,5009.0,,,23667910.0,6656035.0,682368.0
Germany,,2021-05-02,427,3416822,83192,,,,5028.0,,,23861727.0,6721201.0,679300.0
Germany,,2021-05-03,428,3425982,83276,,,,5007.0,,,24200041.0,6837437.0,681854.0
Germany,,2021-05-04,429,3433516,83591,,,,4954.0,,,24934347.0,7001156.0,687357.0
Germany,,2021-05-05,430,3451550,83876,,,,4839.0,,,25906794.0,7239551.0,694237.0
Germany,,2021-05-06,431,3473503,84126,,,,4766.0,,,26684835.0,7463126.0,702109.0
Germany,,2021-05-07,432,3491988,84410,,,,4672.0,,,27309223.0,7696749.0,715130.0
Germany,,2021-05-08,433,3507673,84648,,,,4607.0,,,27570576.0,7848537.0,727853.0
Germany,,2021-05-09,434,3520329,84775,,,,4583.0,,,27750285.0,7949725.0,730983.0
Germany,,2021-05-10,435,3527251,84829,,,,4582.0,,,28161977.0,8142075.0,752326.0
Germany,,2021-05-11,436,3533376,85112,,,,4460.0,,,29030065.0,8441276.0,790790.0
Germany,,2021-05-12,437,3548285,85380,,,,4374.0,,,30126164.0,8814835.0,827755.0
Germany,,2021-05-13,438,3565704,85658,,,,4255.0,,,30385655.0,8969776.0,743877.0
Germany,,2021-05-14,439,3577040,85848,,,,4179.0,,,30904486.0,9192428.0,727235.0
Germany,,2021-05-15,440,3584934,86025,,,,4090.0,,,31138870.0,9352033.0,724498.0
Germany,,2021-05-16,441,3593434,86096,,,,4065.0,,,31297546.0,9467572.0,723543.0
Germany,,2021-05-17,442,3598846,86160,,,,4015.0,,,31650437.0,9666752.0,716122.0
Germany,,2021-05-18,443,3603055,86381,,,,3877.0,,,32209320.0,10040145.0,682540.0
Germany,,2021-05-19,444,3614095,86665,,,,3707.0,,,32831378.0,10608430.0,642618.0
Germany,,2021-05-20,445,3626393,86902,,,,3593.0,,,33314874.0,11110166.0,724132.0
Germany,,2021-05-21,446,3635162,87128,,,,3473.0,,,33733981.0,11535043.0,738707.0
Germany,,2021-05-22,447,3642244,87298,,,,3358.0,,,33919878.0,11746566.0,739151.0
Germany,,2021-05-23,448,3648958,87380,,,,3303.0,,,34042722.0,11896037.0,738864.0
Germany,,2021-05-24,449,3651640,87423,,,,3234.0,,,34184756.0,12070343.0,705179.0
Germany,,2021-05-25,450,3653551,87456,,,,3179.0,,,34496708.0,12464720.0,670065.0
Germany,,2021-05-26,451,3656177,87726,,,,3000.0,,,35092100.0,13225336.0,682420.0
Germany,,2021-05-27,452,3662490,87995,,,,2836.0,,,35588938.0,13861850.0,692677.0
Germany,,2021-05-28,453,3669870,88187,,,,2702.0,,,36028011.0,14386450.0,699068.0
Germany,,2021-05-29,454,3675296,88350,,,,2594.0,,,36209937.0,14629452.0,700374.0
Germany,,2021-05-30,455,3679148,88406,,,,2517.0,,,36312597.0,14803017.0,700577.0
Germany,,2021-05-31,456,3681126,88442,,,,2451.0,,,36562117.0,15180670.0,738486.0
Germany,,2021-06-01,457,3682911,88595,,,,2289.0,,,37062543.0,15787617.0,787317.0
Germany,,2021-06-02,458,3687828,88774,,,,2148.0,,,37728519.0,16547247.0,793233.0
Germany,,2021-06-03,459,3692468,88940,,,,2035.0,,,38014262.0,16949752.0,733931.0
Germany,,2021-06-04,460,3695633,89026,,,,1969.0,,,38377981.0,17459169.0,721371.0
Germany,,2021-06-05,461,3697927,89148,,,,1896.0,,,38508408.0,17771180.0,722271.0
Germany,,2021-06-06,462,3700367,89222,,,,1853.0,,,38571729.0,17985167.0,722165.0
Germany,,2021-06-07,463,3701484,89244,,,,1795.0,,,38816720.0,18401695.0,726315.0
Germany,,2021-06-08,464,3702688,89384,,,,1699.0,,,39258872.0,19176379.0,743418.0
Germany,,2021-06-09,465,3705942,89491,,,,1598.0,,,39836669.0,20198408.0,770673.0
Germany,,2021-06-10,466,3709129,89585,,,,1507.0,,,40348904.0,20992516.0,853230.0
Germany,,2021-06-11,467,3711569,89687,,,,1420.0,,,40809049.0,21657326.0,887049.0
Germany,,2021-06-12,468,3713480,89816,,,,1343.0,,,40976000.0,21955779.0,890110.0
Germany,,2021-06-13,469,3714969,89834,,,,1337.0,,,41043650.0,22155880.0,888570.0
Germany,,2021-06-14,470,3715518,89844,,,,1281.0,,,41307542.0,22585778.0,893042.0
Germany,,2021-06-15,471,3716170,89937,,,,1208.0,,,41752757.0,23344008.0,892528.0
Germany,,2021-06-16,472,3717625,90074,,,,1135.0,,,42319521.0,24291986.0,882956.0
Germany,,2021-06-17,473,3718955,90179,,,,1069.0,,,42800078.0,25038095.0,874369.0
Germany,,2021-06-18,474,3720031,90270,,,,1010.0,,,43210793.0,25657091.0,864135.0
Germany,,2021-06-19,475,3720031,90270,,,,965.0,,,43358786.0,25957809.0,862913.0
Germany,,2021-06-20,476,3721981,90385,,,,931.0,,,43431785.0,26170342.0,865320.0
Germany,,2021-06-21,477,3722327,90395,,,,889.0,,,43670171.0,26585759.0,862515.0
Germany,,2021-06-22,478,3722782,90472,,,,850.0,,,44107738.0,27338629.0,865068.0
Germany,,2021-06-23,479,3723798,90523,,,,811.0,,,44670206.0,28232553.0,862734.0
Germany,,2021-06-24,480,3724806,90616,,,,779.0,,,45219658.0,28755241.0,845261.0
Germany,,2021-06-25,481,3725580,90678,,,,735.0,,,45634791.0,29269503.0,835707.0
Germany,,2021-06-26,482,3726172,90746,,,,716.0,,,45789535.0,29537187.0,833608.0
Germany,,2021-06-27,483,3726710,90754,,,,706.0,,,45877926.0,29730564.0,833610.0
Germany,,2021-06-28,484,3726929,90762,,,,689.0,,,46138270.0,30107474.0,833055.0
Germany,,2021-06-29,485,3727333,90819,,,,664.0,,,46581706.0,30686813.0,810572.0
Germany,,2021-06-30,486,3728141,90875,,,,614.0,,,47103247.0,31310938.0,768171.0
Germany,,2021-07-01,487,3729033,90938,,,,590.0,,,47569175.0,31817588.0,756482.0
Germany,,2021-07-02,488,3729682,91007,,,,565.0,,,47960344.0,32268537.0,746160.0
Germany,,2021-07-03,489,3729682,91007,,,,549.0,,,48126081.0,32487988.0,741741.0
Germany,,2021-07-04,490,3729682,91007,,,,548.0,,,48220399.0,32650153.0,738439.0
Germany,,2021-07-05,491,3731124,91031,,,,526.0,,,48427106.0,32984318.0,725790.0
Germany,,2021-07-06,492,3731564,91062,,,,509.0,,,48736319.0,33531068.0,703007.0
Germany,,2021-07-07,493,3732549,91110,,,,484.0,,,49097299.0,34251279.0,694554.0
Germany,,2021-07-08,494,3733519,91141,,,,470.0,,,49387684.0,34845783.0,682745.0
Germany,,2021-07-09,495,3734468,91190,,,,453.0,,,49612686.0,35358466.0,668771.0
Germany,,2021-07-10,496,3734468,91190,,,,435.0,,,49718073.0,35594456.0,662765.0
Germany,,2021-07-11,497,3734468,91190,,,,432.0,,,49785638.0,35747307.0,657580.0
Germany,,2021-07-12,498,3736489,91233,,,,435.0,,,49947575.0,36059466.0,648527.0
Germany,,2021-07-13,499,3737135,91259,,,,406.0,,,50157621.0,36689344.0,646037.0
Germany,,2021-07-14,500,3738683,91287,,,,398.0,,,50398320.0,37521763.0,644580.0
Germany,,2021-07-15,501,3740325,91319,,,,396.0,,,50599492.0,38119960.0,632073.0
Germany,,2021-07-16,502,3741781,91337,,,,379.0,,,50770504.0,38602416.0,619749.0
Germany,,2021-07-17,503,3741781,91337,,,,372.0,,,50860294.0,38790837.0,611471.0
Germany,,2021-07-18,504,3741781,91337,,,,371.0,,,50928927.0,38901861.0,605729.0
Germany,,2021-07-19,505,3745227,91363,,,,368.0,,,51032199.0,39174491.0,591887.0
Germany,,2021-07-20,506,3746410,91397,,,,361.0,,,51181928.0,39690750.0,567839.0
Germany,,2021-07-21,507,3748613,91416,,,,357.0,,,51361420.0,40330240.0,532561.0
Germany,,2021-07-22,508,3750503,91458,,,,354.0,,,51505868.0,40850477.0,514354.0
Germany,,2021-07-23,509,3752592,91492,,,,356.0,,,51629208.0,41270888.0,499537.0
Germany,,2021-07-24,510,3752592,91492,,,,354.0,,,51692529.0,41418703.0,489559.0
Germany,,2021-07-25,511,3752592,91492,,,,371.0,,,51729403.0,41493966.0,479931.0
Germany,,2021-07-26,512,3756856,91527,,,,369.0,,,51811520.0,41748774.0,474746.0
Germany,,2021-07-27,513,3758401,91565,,,,370.0,,,51929847.0,42234571.0,466235.0
Germany,,2021-07-28,514,3761169,91586,,,,356.0,,,52073819.0,42837240.0,456221.0
Germany,,2021-07-29,515,3764311,91607,,,,347.0,,,52196537.0,43310953.0,446801.0
Germany,,2021-07-30,516,3766765,91637,,,,352.0,,,52304003.0,43681771.0,437679.0
Germany,,2021-07-31,517,3766765,91637,,,,361.0,,,52363560.0,43813619.0,434948.0
Germany,,2021-08-01,518,3766765,91637,,,,364.0,,,52398405.0,43883798.0,433976.0
Germany,,2021-08-02,519,3772109,91660,,,,378.0,,,52468893.0,44106846.0,427855.0
Germany,,2021-08-03,520,3773875,91679,,,,378.0,,,52565581.0,44515237.0,413688.0
Germany,,2021-08-04,521,3777446,91704,,,,392.0,,,52685468.0,45014898.0,395499.0
Germany,,2021-08-05,522,3780985,91730,,,,387.0,,,52790354.0,45449048.0,387245.0
Germany,,2021-08-06,523,3784433,91754,,,,393.0,,,52885519.0,45785790.0,380595.0
Germany,,2021-08-07,524,3784433,91754,,,,416.0,,,52939164.0,45913137.0,379198.0
Germany,,2021-08-08,525,3784433,91754,,,,434.0,,,52965847.0,45995576.0,379769.0
Germany,,2021-08-09,526,3791949,91784,,,,456.0,,,53028054.0,46228841.0,380104.0
Germany,,2021-08-10,527,3794429,91803,,,,443.0,,,53121583.0,46607744.0,375509.0
Germany,,2021-08-11,528,3799425,91817,,,,454.0,,,53250746.0,47060712.0,370233.0
Germany,,2021-08-12,529,3805063,91834,,,,472.0,,,53377450.0,47426875.0,363579.0
Germany,,2021-08-13,530,3810641,91853,,,,480.0,,,53490183.0,47721713.0,360116.0
Germany,,2021-08-14,531,3810641,91853,,,,489.0,,,53558106.0,47848942.0,362162.0
Germany,,2021-08-15,532,3810641,91853,,,,517.0,,,53595533.0,47923432.0,362577.0
Germany,,2021-08-16,533,3823139,91871,,,,547.0,,,53680971.0,48106137.0,358611.0
Germany,,2021-08-17,534,3827051,91899,,,,576.0,,,53805502.0,48382906.0,348365.0
Germany,,2021-08-18,535,3835375,91921,,,,600.0,,,53953593.0,48695963.0,330973.0
Germany,,2021-08-19,536,3843775,91943,,,,623.0,,,54092331.0,48940592.0,315309.0
Germany,,2021-08-20,537,3853055,91956,,,,652.0,,,54216003.0,49129765.0,301802.0
Germany,,2021-08-21,538,3853055,91956,,,,682.0,,,54288770.0,49210723.0,295889.0
Germany,,2021-08-22,539,3853055,91956,,,,714.0,,,54327869.0,49262158.0,292844.0
Germany,,2021-08-23,540,3871865,91980,,,,776.0,,,54419506.0,49397869.0,287008.0
Germany,,2021-08-24,541,3877612,92022,,,,805.0,,,54551440.0,49591133.0,276107.0
Germany,,2021-08-25,542,3889173,92061,,,,836.0,,,54702972.0,49806552.0,262809.0
Germany,,2021-08-26,543,3901799,92082,,,,869.0,,,54843732.0,49982132.0,253356.0
Germany,,2021-08-27,544,3913828,92096,,,,925.0,,,54964627.0,50127354.0,246817.0
Germany,,2021-08-28,545,3913828,92096,,,,974.0,,,55035667.0,50194011.0,244594.0
Germany,,2021-08-29,546,3913828,92096,,,,1011.0,,,55071700.0,50238075.0,243178.0
Germany,,2021-08-30,547,3937106,92140,,,,1069.0,,,55157603.0,50342554.0,237992.0
Germany,,2021-08-31,548,3942856,92200,,,,1096.0,,,55284702.0,50492761.0,231323.0
Germany,,2021-09-01,549,3956387,92223,,,,1136.0,,,55420864.0,50664918.0,226051.0
Germany,,2021-09-02,550,3970102,92256,,,,1170.0,,,55544016.0,50807243.0,221191.0
Germany,,2021-09-03,551,3984353,92301,,,,1217.0,,,55641756.0,50921603.0,215486.0
Germany,,2021-09-04,552,3984353,92301,,,,1261.0,,,55689652.0,50975883.0,210934.0
Germany,,2021-09-05,553,3984353,92301,,,,1287.0,,,55716099.0,51006351.0,207944.0
Germany,,2021-09-06,554,4010390,92354,,,,1322.0,,,55780827.0,51082366.0,203009.0
Germany,,2021-09-07,555,4017116,92413,,,,1349.0,,,55883403.0,51206109.0,199165.0
Germany,,2021-09-08,556,4030681,92448,,,,1387.0,,,55997303.0,51349594.0,193188.0
Germany,,2021-09-09,557,4046112,92498,,,,1396.0,,,56109144.0,51485479.0,192069.0
Germany,,2021-09-10,558,4059081,92553,,,,1412.0,,,56194409.0,51601579.0,191433.0
Germany,,2021-09-11,559,4059081,92553,,,,1437.0,,,56237699.0,51660983.0,191722.0
Germany,,2021-09-12,560,4059081,92553,,,,1453.0,,,56260481.0,51695450.0,191971.0
Germany,,2021-09-13,561,4083151,92618,,,,1500.0,,,56322301.0,51777498.0,193033.0
Germany,,2021-09-14,562,4089476,92686,,,,1540.0,,,56426494.0,51906444.0,195640.0
Germany,,2021-09-15,563,4101931,92769,,,,1527.0,,,56540292.0,52060405.0,199567.0
Germany,,2021-09-16,564,4114856,92837,,,,1550.0,,,56654345.0,52203307.0,202593.0
Germany,,2021-09-17,565,4125878,92857,,,,1544.0,,,56742947.0,52324879.0,205111.0
Germany,,2021-09-18,566,4125878,92857,,,,1523.0,,,56784366.0,52387441.0,205513.0
Germany,,2021-09-19,567,4125878,92857,,,,1535.0,,,56806094.0,52423724.0,205711.0
Germany,,2021-09-20,568,4145852,92971,,,,1541.0,,,56858777.0,52507248.0,205382.0
Germany,,2021-09-21,569,4150516,93052,,,,1504.0,,,56948376.0,52637662.0,205080.0
Germany,,2021-09-22,570,4160970,93123,,,,1500.0,,,57044457.0,52785136.0,203529.0
Germany,,2021-09-23,571,4171666,93238,,,,1458.0,,,57143797.0,52925892.0,202677.0
Germany,,2021-09-24,572,4181393,93303,,,,1434.0,,,57217447.0,53043460.0,200633.0
Germany,,2021-09-25,573,4181393,93303,,,,1436.0,,,57249874.0,53101447.0,198961.0
Germany,,2021-09-26,574,4181393,93303,,,,1435.0,,,57266759.0,53132944.0,197597.0
Germany,,2021-09-27,575,4199400,93403,,,,1434.0,,,57313933.0,53209451.0,196220.0
Germany,,2021-09-28,576,4203571,93504,,,,1414.0,,,57395920.0,53331092.0,194598.0
Germany,,2021-09-29,577,4215351,93571,,,,1364.0,,,57478376.0,53460230.0,189933.0
Germany,,2021-09-30,578,4227501,93638,,,,1357.0,,,57553596.0,53577746.0,182537.0
Germany,,2021-10-01,579,4237619,93711,,,,1363.0,,,57597557.0,53638298.0,168913.0
Germany,,2021-10-02,580,4237619,93711,,,,1332.0,,,57609756.0,53652091.0,158833.0
Germany,,2021-10-03,581,4237619,93711,,,,1334.0,,,57613008.0,53656018.0,152405.0
Germany,,2021-10-04,582,4255388,93793,,,,1349.0,,,57644745.0,53702965.0,144918.0
Germany,,2021-10-05,583,4260187,93883,,,,1361.0,,,57709588.0,53808808.0,140414.0
Germany,,2021-10-06,584,4271734,93959,,,,1359.0,,,57775215.0,53917231.0,135456.0
Germany,,2021-10-07,585,4283378,94027,,,,1374.0,,,57846486.0,54032448.0,136067.0
Germany,,2021-10-08,586,4293807,94113,,,,1352.0,,,57894963.0,54105969.0,140500.0
Germany,,2021-10-09,587,4293807,94113,,,,1342.0,,,57910220.0,54124090.0,141748.0
Germany,,2021-10-10,588,4293807,94113,,,,1345.0,,,57915292.0,54129579.0,142230.0
Germany,,2021-10-11,589,4313384,94209,,,,1354.0,,,57946218.0,54174662.0,142550.0
Germany,,2021-10-12,590,4318355,94297,,,,1383.0,,,58004775.0,54271211.0,141726.0
Germany,,2021-10-13,591,4330258,94389,,,,1401.0,,,58066534.0,54371069.0,141477.0
Germany,,2021-10-14,592,4342640,94461,,,,1395.0,,,58130026.0,54475482.0,140548.0
Germany,,2021-10-15,593,4354158,94526,,,,1402.0,,,58173097.0,54542915.0,139601.0
Germany,,2021-10-16,594,4354158,94526,,,,1407.0,,,58188212.0,54561545.0,139812.0
Germany,,2021-10-17,595,4354158,94526,,,,1421.0,,,58192654.0,54566943.0,139817.0
Germany,,2021-10-18,596,4377845,94628,,,,1458.0,,,58220689.0,54609291.0,139868.0
Germany,,2021-10-19,597,4384616,94716,,,,1476.0,,,58274050.0,54699977.0,139584.0
Germany,,2021-10-20,598,4401631,94808,,,,1482.0,,,58328427.0,54791867.0,139277.0
Germany,,2021-10-21,599,4417708,94875,,,,1540.0,,,58384171.0,54883784.0,138320.0
Germany,,2021-10-22,600,4437280,94991,,,,1542.0,,,58422829.0,54943866.0,138300.0
Germany,,2021-10-23,601,4437280,94991,,,,1606.0,,,58436771.0,54959848.0,138359.0
Germany,,2021-10-24,602,4437280,94991,,,,1630.0,,,58440807.0,54964856.0,138374.0
Germany,,2021-10-25,603,4472730,95117,,,,1682.0,,,58466533.0,55006454.0,139786.0
Germany,,2021-10-26,604,4483203,95245,,,,1704.0,,,58518667.0,55100391.0,145507.0
Germany,,2021-10-27,605,4506415,95359,,,,1765.0,,,58573117.0,55193504.0,152003.0
Germany,,2021-10-28,606,4534452,95485,,,,1810.0,,,58628768.0,55288405.0,159305.0
Germany,,2021-10-29,607,4559120,95606,,,,1870.0,,,58668632.0,55348464.0,164356.0
Germany,,2021-10-30,608,4559120,95606,,,,1937.0,,,58683186.0,55364034.0,165437.0
Germany,,2021-10-31,609,4559120,95606,,,,1985.0,,,58687175.0,55368130.0,165573.0
Germany,,2021-11-01,610,4607208,95752,,,,2060.0,,,58699237.0,55385353.0,158773.0
Germany,,2021-11-02,611,4618021,95833,,,,2137.0,,,58742558.0,55459841.0,158510.0
Germany,,2021-11-03,612,4638419,96027,,,,2226.0,,,58796610.0,55542188.0,165660.0
Germany,,2021-11-04,613,4672368,96192,,,,2333.0,,,58855036.0,55629136.0,173724.0
Germany,,2021-11-05,614,4709488,96346,,,,2420.0,,,58898272.0,55684722.0,181910.0
Germany,,2021-11-06,615,4709488,96346,,,,2449.0,,,58917263.0,55701210.0,185215.0
Germany,,2021-11-07,616,4709488,96346,,,,2543.0,,,58923267.0,55706657.0,186748.0
Germany,,2021-11-08,617,4782546,96558,,,,2622.0,,,58954462.0,55744299.0,203666.0
Germany,,2021-11-09,618,4804378,96727,,,,2687.0,,,59016030.0,55826382.0,224141.0
Germany,,2021-11-10,619,4844054,96963,,,,2739.0,,,59081824.0,55907708.0,241983.0
Germany,,2021-11-11,620,4894250,97198,,,,2830.0,,,59151912.0,55992053.0,259217.0
Germany,,2021-11-12,621,4942890,97389,,,,2864.0,,,59206688.0,56047529.0,274792.0
Germany,,2021-11-13,622,4942890,97389,,,,2941.0,,,59232801.0,56065417.0,279850.0
Germany,,2021-11-14,623,4942890,97389,,,,3034.0,,,59240770.0,56070161.0,281217.0
Germany,,2021-11-15,624,5045076,97715,,,,3194.0,,,59280691.0,56107184.0,291713.0
Germany,,2021-11-16,625,5077124,97980,,,,3285.0,,,59353294.0,56183093.0,311871.0
Germany,,2021-11-17,626,5129950,98274,,,,3378.0,,,59428536.0,56256367.0,333209.0
Germany,,2021-11-18,627,5195321,98538,,,,3431.0,,,59511220.0,56337163.0,359780.0
Germany,,2021-11-19,628,5248291,98739,,,,3513.0,,,59583984.0,56394703.0,385924.0
Germany,,2021-11-20,629,5248291,98739,,,,3566.0,,,59632929.0,56416385.0,405304.0
Germany,,2021-11-21,630,5248291,98739,,,,3678.0,,,59647483.0,56423081.0,411956.0
Germany,,2021-11-22,631,5385585,99124,,,,3855.0,,,59715847.0,56461972.0,436945.0
Germany,,2021-11-23,632,5430911,99433,,,,3994.0,,,59841666.0,56543265.0,483069.0
Germany,,2021-11-24,633,5497795,99768,,,,4078.0,,,59985993.0,56632104.0,543112.0
Germany,,2021-11-25,634,5573756,100119,,,,4205.0,,,60131556.0,56724111.0,589695.0
Germany,,2021-11-26,635,5650170,100476,,,,4328.0,,,60248604.0,56791906.0,633207.0
Germany,,2021-11-27,636,5650170,100476,,,,4383.0,,,60358857.0,56831904.0,699413.0
Germany,,2021-11-28,637,5650170,100476,,,,4478.0,,,60385500.0,56841662.0,712621.0
Germany,,2021-11-29,638,5791060,100956,,,,4605.0,,,60469074.0,56888945.0,735835.0
Germany,,2021-11-30,639,5836813,101344,,,,4642.0,,,60591967.0,56974534.0,763180.0
Germany,,2021-12-01,640,5903999,101790,,,,4690.0,,,60717832.0,57064934.0,799779.0
Germany,,2021-12-02,641,5977208,102178,,,,4797.0,,,60835047.0,57159705.0,831949.0
Germany,,2021-12-03,642,6051560,102568,,,,4796.0,,,60932895.0,57231641.0,865861.0
Germany,,2021-12-04,643,6051560,102568,,,,4805.0,,,61020477.0,57277257.0,910708.0
Germany,,2021-12-05,644,6051560,102568,,,,4826.0,,,61041845.0,57290208.0,925181.0
Germany,,2021-12-06,645,6185961,103121,,,,4904.0,,,61110071.0,57341852.0,948321.0
Germany,,2021-12-07,646,6222020,103520,,,,4943.0,,,61204673.0,57430036.0,970429.0
Germany,,2021-12-08,647,6291621,104047,,,,4894.0,,,61306182.0,57524551.0,991760.0
Germany,,2021-12-09,648,6362232,104512,,,,4939.0,,,61400209.0,57623297.0,1010908.0
Germany,,2021-12-10,649,6423520,104996,,,,4945.0,,,61479028.0,57706646.0,1031796.0
Germany,,2021-12-11,650,6423520,104996,,,,4905.0,,,61552224.0,57764043.0,1060297.0
Germany,,2021-12-12,651,6423520,104996,,,,4907.0,,,61570070.0,57781132.0,1066633.0
Germany,,2021-12-13,652,6531606,105754,,,,4925.0,,,61624381.0,57843541.0,1074520.0
Germany,,2021-12-14,653,6562429,106227,,,,4895.0,,,61712234.0,57957122.0,1095599.0
Germany,,2021-12-15,654,6613730,106680,,,,4826.0,,,61816853.0,58083676.0,1115118.0
Germany,,2021-12-16,655,6670407,107202,,,,4765.0,,,61921582.0,58222367.0,1135040.0
Germany,,2021-12-17,656,6721375,107639,,,,4685.0,,,62027366.0,58338293.0,1142934.0
Germany,,2021-12-18,657,6721375,107639,,,,4660.0,,,62135063.0,58417039.0,1131460.0
Germany,,2021-12-19,658,6721375,107639,,,,4640.0,,,62177226.0,58439447.0,1135966.0
Germany,,2021-12-20,659,6809622,108352,,,,4620.0,,,62252538.0,58530363.0,1148328.0
Germany,,2021-12-21,660,6833050,108814,,,,4562.0,,,62352325.0,58667672.0,1132593.0
Germany,,2021-12-22,661,6878709,109324,,,,4470.0,,,62453382.0,58794592.0,1083604.0
Germany,,2021-12-23,662,6923636,109749,,,,4384.0,,,62512890.0,58868822.0,970472.0
Germany,,2021-12-24,663,6923636,109749,,,,4282.0,,,62516900.0,58874112.0,794675.0
Germany,,2021-12-25,664,6923636,109749,,,,4273.0,,,62518548.0,58876105.0,636086.0
Germany,,2021-12-26,665,6923636,109749,,,,4234.0,,,62523852.0,58880921.0,595098.0
Germany,,2021-12-27,666,7005289,110433,,,,4206.0,,,62574646.0,58945643.0,553897.0
Germany,,2021-12-28,667,7026369,110805,,,,4128.0,,,62639338.0,59026374.0,483455.0
Germany,,2021-12-29,668,7066412,111219,,,,4004.0,,,62704286.0,59099397.0,409349.0
Germany,,2021-12-30,669,7109182,111602,,,,3913.0,,,62751082.0,59151980.0,382944.0
Germany,,2021-12-31,670,7109182,111602,,,,3832.0,,,62755857.0,59158077.0,384470.0
Germany,,2022-01-01,671,7109182,111602,,,,3825.0,,,62758074.0,59160989.0,384571.0
Germany,,2022-01-02,672,7109182,111602,,,,3806.0,,,62774492.0,59175321.0,397652.0
Germany,,2022-01-03,673,7109182,111602,,,,3802.0,,,62814085.0,59237666.0,379941.0
Germany,,2022-01-04,674,7238408,112579,,,,3670.0,,,62871615.0,59334154.0,373273.0
Germany,,2022-01-05,675,7297320,112925,,,,3561.0,,,62932041.0,59447759.0,390009.0
Germany,,2022-01-06,676,7361660,113368,,,,3439.0,,,62983611.0,59540682.0,418295.0
Germany,,2022-01-07,677,7417995,113632,,,,3380.0,,,63040420.0,59659095.0,519375.0
Germany,,2022-01-08,678,7417995,113632,,,,3314.0,,,63086141.0,59742132.0,589563.0
Germany,,2022-01-09,679,7417995,113632,,,,3273.0,,,63104853.0,59776991.0,593997.0
Germany,,2022-01-10,680,7535691,114029,,,,3249.0,,,63142234.0,59862035.0,605157.0
Germany,,2022-01-11,681,7581381,114351,,,,3153.0,,,63196620.0,59983423.0,618759.0
Germany,,2022-01-12,682,7661811,114735,,,,3048.0,,,63256453.0,60118476.0,627932.0
Germany,,2022-01-13,683,7743228,115051,,,,2956.0,,,63314782.0,60245459.0,649847.0
Germany,,2022-01-14,684,7835451,115337,,,,2868.0,,,63377341.0,60360743.0,651738.0
Germany,,2022-01-15,685,7835451,115337,,,,2797.0,,,63436091.0,60432475.0,644199.0
Germany,,2022-01-16,686,7835451,115337,,,,2742.0,,,63455012.0,60456010.0,639826.0
Germany,,2022-01-17,687,8000122,115649,,,,2744.0,,,63494597.0,60530548.0,628575.0
Germany,,2022-01-18,688,8074527,115842,,,,2667.0,,,63545296.0,60628846.0,607968.0
Germany,,2022-01-19,689,8186850,116081,,,,2570.0,,,63603888.0,60735558.0,579353.0
Germany,,2022-01-20,690,8320386,116315,,,,2447.0,,,63661717.0,60843208.0,559919.0
Germany,,2022-01-21,691,8460546,116485,,,,2418.0,,,63715165.0,60938588.0,533937.0
Germany,,2022-01-22,692,8460546,116485,,,,2398.0,,,63753522.0,60996602.0,509548.0
Germany,,2022-01-23,693,8460546,116485,,,,2424.0,,,63766804.0,61023235.0,502868.0
Germany,,2022-01-24,694,8744840,116746,,,,2432.0,,,63797895.0,61088559.0,485144.0
Germany,,2022-01-25,695,8871795,116960,,,,2396.0,,,63839448.0,61175346.0,463428.0
Germany,,2022-01-26,696,9035795,117126,,,,2364.0,,,63880963.0,61260546.0,438102.0
Germany,,2022-01-27,697,9238931,117314,,,,2273.0,,,63922795.0,61356655.0,410747.0
Germany,,2022-01-28,698,9429079,117484,,,,2259.0,,,63961361.0,61438732.0,387872.0
Germany,,2022-01-29,699,9429079,117484,,,,2222.0,,,63987887.0,61492522.0,375796.0
Germany,,2022-01-30,700,9429079,117484,,,,2268.0,,,63996806.0,61513501.0,371200.0
Germany,,2022-01-31,701,9815533,117786,,,,2304.0,,,64018363.0,61561498.0,353446.0
Germany,,2022-02-01,702,9978146,117974,,,,2259.0,,,64043932.0,61618600.0,323790.0
Germany,,2022-02-02,703,10186644,118170,,,,2311.0,,,64074574.0,61688017.0,303450.0
Germany,,2022-02-03,704,10422764,118334,,,,2262.0,,,64103312.0,61755336.0,279436.0
Germany,,2022-02-04,705,10671602,118504,,,,2306.0,,,64129471.0,61824579.0,261509.0
Germany,,2022-02-05,706,10671602,118504,,,,2306.0,,,64145845.0,61876551.0,252346.0
Germany,,2022-02-06,707,10671602,118504,,,,2343.0,,,64151429.0,61894955.0,249128.0
Germany,,2022-02-07,708,11117857,118766,,,,2375.0,,,64164270.0,61934762.0,239813.0
Germany,,2022-02-08,709,11287428,118943,,,,2392.0,,,64185830.0,61993972.0,237495.0
Germany,,2022-02-09,710,11521678,119215,,,,2397.0,,,64205814.0,62054079.0,226253.0
Germany,,2022-02-10,711,11769540,119453,,,,2396.0,,,64224607.0,62112860.0,216987.0
Germany,,2022-02-11,712,12009712,119679,,,,2403.0,,,64242130.0,62171036.0,208165.0
Germany,,2022-02-12,713,12009712,119679,,,,2404.0,,,64252642.0,62208462.0,202838.0
Germany,,2022-02-13,714,12009712,119679,,,,2432.0,,,64255669.0,62219968.0,200193.0
Germany,,2022-02-14,715,12421126,119977,,,,2475.0,,,64265220.0,62249867.0,195384.0
Germany,,2022-02-15,716,12580343,120220,,,,2498.0,,,64279640.0,62296407.0,187828.0
Germany,,2022-02-16,717,12800315,120467,,,,2469.0,,,64292699.0,62340140.0,179514.0
Germany,,2022-02-17,718,13035941,120728,,,,2475.0,,,64305536.0,62386092.0,172547.0
Germany,,2022-02-18,719,13255989,120992,,,,2437.0,,,64321758.0,62434080.0,166815.0
Germany,,2022-02-19,720,13255989,120992,,,,2417.0,,,64328472.0,62461901.0,162622.0
Germany,,2022-02-20,721,13255989,120992,,,,2394.0,,,64330858.0,62471343.0,162117.0
Germany,,2022-02-21,722,13636993,121297,,,,2416.0,,,64341147.0,62499766.0,161892.0
Germany,,2022-02-22,723,13762895,121603,,,,2397.0,,,64352852.0,62538313.0,159002.0
Germany,,2022-02-23,724,13971947,121902,,,,2398.0,,,64363632.0,62574671.0,156558.0
Germany,,2022-02-24,725,14188269,122145,,,,2284.0,,,64375032.0,62612923.0,154008.0
Germany,,2022-02-25,726,14399012,122371,,,,2289.0,,,64384557.0,62646912.0,149035.0
Germany,,2022-02-26,727,14399012,122371,,,,2253.0,,,64389544.0,62665326.0,146288.0
Germany,,2022-02-27,728,14399012,122371,,,,2241.0,,,64391903.0,62670343.0,144623.0
Germany,,2022-02-28,729,14745107,122702,,,,2280.0,,,64400710.0,62688589.0,140466.0
Germany,,2022-03-01,730,14867218,122937,,,,2288.0,,,64410829.0,62713034.0,134587.0
Germany,,2022-03-02,731,15053624,123238,,,,2201.0,,,64421785.0,62737118.0,127906.0
Germany,,2022-03-03,732,15264297,123505,,,,2152.0,,,64433166.0,62766903.0,128721.0
Germany,,2022-03-04,733,15481890,123796,,,,2110.0,,,64444540.0,62791980.0,126880.0
Germany,,2022-03-05,734,15481890,123796,,,,2103.0,,,64450957.0,62803576.0,125890.0
Germany,,2022-03-06,735,15481890,123796,,,,2104.0,,,64455257.0,62807867.0,126339.0
Germany,,2022-03-07,736,15869417,124126,,,,2167.0,,,64463257.0,62821759.0,125184.0
Germany,,2022-03-08,737,15869417,124126,,,,2158.0,,,64472462.0,62842684.0,126098.0
Germany,,2022-03-09,738,16242070,124764,,,,2118.0,,,64480665.0,62861840.0,128615.0
Germany,,2022-03-10,739,16504822,125023,,,,2115.0,,,64489236.0,62882758.0,125546.0
Germany,,2022-03-11,740,16757658,125272,,,,2116.0,,,64498746.0,62903324.0,126200.0
Germany,,2022-03-12,741,16757658,125272,,,,2111.0,,,64503248.0,62912314.0,125804.0
Germany,,2022-03-13,742,16757658,125272,,,,2192.0,,,64504896.0,62915250.0,125239.0
Germany,,2022-03-14,743,17233729,125590,,,,2259.0,,,64509815.0,62924572.0,124829.0
Germany,,2022-03-15,744,17432617,125873,,,,2294.0,,,64517094.0,62940566.0,125585.0
Germany,,2022-03-16,745,17695210,126142,,,,2303.0,,,64523641.0,62954468.0,126286.0
Germany,,2022-03-17,746,17990141,126420,,,,2287.0,,,64530066.0,62969113.0,126220.0
Germany,,2022-03-18,747,18287986,126646,,,,2284.0,,,64536524.0,62982515.0,123618.0
Germany,,2022-03-19,748,18287986,126646,,,,2240.0,,,64539989.0,62988988.0,123017.0
Germany,,2022-03-20,749,18287986,126646,,,,2268.0,,,64541792.0,62992090.0,122809.0
Germany,,2022-03-21,750,18772331,126929,,,,2348.0,,,64545807.0,63000874.0,123142.0
Germany,,2022-03-22,751,18994411,127193,,,,2381.0,,,64552822.0,63014957.0,122236.0
Germany,,2022-03-23,752,19278143,127522,,,,2332.0,,,64558671.0,63028390.0,121594.0
Germany,,2022-03-24,753,19596530,127822,,,,2326.0,,,64564706.0,63041892.0,120091.0
Germany,,2022-03-25,754,19893028,128110,,,,2305.0,,,64570052.0,63055253.0,120496.0
Germany,,2022-03-26,755,19893028,128110,,,,2335.0,,,64572897.0,63062128.0,119761.0
Germany,,2022-03-27,756,19893028,128110,,,,2336.0,,,64573826.0,63064877.0,119633.0
Germany,,2022-03-28,757,20323779,128457,,,,2356.0,,,64577180.0,63073344.0,119492.0
Germany,,2022-03-29,758,20561131,128764,,,,2377.0,,,64582794.0,63084746.0,119213.0
Germany,,2022-03-30,759,20829608,129112,,,,2332.0,,,64587889.0,63095753.0,120360.0
Germany,,2022-03-31,760,21104509,129391,,,,2304.0,,,64593721.0,63108317.0,120031.0
Germany,,2022-04-01,761,21357039,129695,,,,2271.0,,,64597742.0,63117485.0,115407.0
Germany,,2022-04-02,762,21357039,129695,,,,2215.0,,,64599781.0,63121645.0,114271.0
Germany,,2022-04-03,763,21357039,129695,,,,2212.0,,,64600746.0,63123156.0,113936.0
Germany,,2022-04-04,764,21668677,130052,,,,2234.0,,,64603014.0,63128119.0,111256.0
Germany,,2022-04-05,765,21849074,130368,,,,2164.0,,,64607224.0,63136746.0,109316.0
Germany,,2022-04-06,766,22064059,130708,,,,2107.0,,,64612869.0,63148804.0,108754.0
Germany,,2022-04-07,767,22265788,131036,,,,2054.0,,,64616768.0,63157747.0,108973.0
Germany,,2022-04-08,768,22441051,131370,,,,2028.0,,,64620401.0,63166124.0,112153.0
Germany,,2022-04-09,769,22441051,131370,,,,1985.0,,,64621969.0,63169974.0,111942.0
Germany,,2022-04-10,770,22441051,131370,,,,1989.0,,,64622518.0,63171214.0,111568.0
Germany,,2022-04-11,771,22677986,131728,,,,1982.0,,,64624454.0,63175510.0,109987.0
Germany,,2022-04-12,772,22840776,132017,,,,1916.0,,,64627004.0,63181156.0,105264.0
Germany,,2022-04-13,773,23017079,132378,,,,1849.0,,,64631381.0,63186750.0,97210.0
Germany,,2022-04-14,774,23182447,132688,,,,1821.0,,,64634113.0,63192776.0,86122.0
Germany,,2022-04-15,775,23182447,132688,,,,1793.0,,,64634424.0,63193403.0,66699.0
Germany,,2022-04-16,776,23182447,132688,,,,1742.0,,,64634910.0,63194493.0,62938.0
Germany,,2022-04-17,777,23182447,132688,,,,1766.0,,,64635133.0,63194778.0,61615.0
Germany,,2022-04-18,778,23182447,132688,,,,1764.0,,,64635306.0,63195139.0,52869.0
Germany,,2022-04-19,779,23459628,132960,,,,1803.0,,,64639814.0,63199932.0,46553.0
Germany,,2022-04-20,780,23658211,133308,,,,1734.0,,,64641930.0,63204893.0,41645.0
Germany,,2022-04-21,781,23844536,133632,,,,1646.0,,,64644061.0,63210487.0,41451.0
Germany,,2022-04-22,782,24006254,133921,,,,1613.0,,,64646484.0,63216695.0,52724.0
Germany,,2022-04-23,783,24006254,133921,,,,1614.0,,,64647648.0,63219569.0,54620.0
Germany,,2022-04-24,784,24006254,133921,,,,1571.0,,,64648025.0,63220366.0,55278.0
Germany,,2022-04-25,785,24200596,134185,,,,1576.0,,,64649969.0,63224552.0,62601.0
Germany,,2022-04-26,786,24337394,134489,,,,1519.0,,,64654968.0,63233004.0,68566.0
Germany,,2022-04-27,787,24479055,134832,,,,1445.0,,,64657530.0,63239049.0,72484.0
Germany,,2022-04-28,788,24609159,135078,,,,1406.0,,,64660081.0,63245299.0,75098.0
Germany,,2022-04-29,789,24710769,135292,,,,1380.0,,,64667644.0,63255709.0,77692.0
Germany,,2022-04-30,790,24710769,135292,,,,1354.0,,,64668816.0,63258533.0,77807.0
Germany,,2022-05-01,791,24710769,135292,,,,1337.0,,,64669074.0,63258881.0,77497.0
Germany,,2022-05-02,792,24813817,135461,,,,1323.0,,,64670451.0,63261529.0,75914.0
Germany,,2022-05-03,793,24927339,135701,,,,1278.0,,,64673406.0,63267526.0,72309.0
Germany,,2022-05-04,794,25033970,135942,,,,1202.0,,,64675974.0,63273368.0,76359.0
Germany,,2022-05-05,795,25130137,136125,,,,1176.0,,,64679063.0,63279407.0,73952.0
Germany,,2022-05-06,796,25215210,136339,,,,1116.0,,,64681030.0,63283513.0,70151.0
Germany,,2022-05-07,797,25215210,136339,,,,1084.0,,,64681874.0,63285279.0,69311.0
Germany,,2022-05-08,798,25215210,136339,,,,1096.0,,,64682078.0,63285733.0,69305.0
Germany,,2022-05-09,799,25299300,136538,,,,1095.0,,,64683119.0,63287846.0,68288.0
Germany,,2022-05-10,800,25406868,136756,,,,1064.0,,,64685490.0,63292227.0,66997.0
Germany,,2022-05-11,801,25503878,136987,,,,1033.0,,,64687282.0,63295687.0,57754.0
Germany,,2022-05-12,802,25592839,137184,,,,1002.0,,,64689177.0,63299442.0,54981.0
Germany,,2022-05-13,803,25661838,137348,,,,978.0,,,64690641.0,63302759.0,52542.0
Germany,,2022-05-14,804,25661838,137348,,,,945.0,,,64691297.0,63304182.0,52018.0
Germany,,2022-05-15,805,25661838,137348,,,,923.0,,,64691560.0,63304706.0,51989.0
Germany,,2022-05-16,806,25732153,137499,,,,944.0,,,64692526.0,63306688.0,51300.0
Germany,,2022-05-17,807,25818405,137714,,,,945.0,,,64694801.0,63310835.0,49435.0
Germany,,2022-05-18,808,25890456,137888,,,,905.0,,,64696155.0,63314004.0,47305.0
Germany,,2022-05-19,809,25949175,138053,,,,875.0,,,64697863.0,63317785.0,45694.0
Germany,,2022-05-20,810,25998085,138204,,,,821.0,,,64699256.0,63320916.0,45077.0
Germany,,2022-05-21,811,25998085,138204,,,,802.0,,,64699958.0,63322440.0,45088.0
Germany,,2022-05-22,812,25998085,138204,,,,818.0,,,64700130.0,63322834.0,45008.0
Germany,,2022-05-23,813,26045528,138326,,,,788.0,,,64701028.0,63324803.0,44713.0
Germany,,2022-05-24,814,26109965,138485,,,,742.0,,,64703400.0,63329097.0,43800.0
Germany,,2022-05-25,815,26159106,138643,,,,719.0,,,64705264.0,63332499.0,42741.0
Germany,,2022-05-26,816,26159106,138643,,,,703.0,,,64705445.0,63332727.0,32381.0
Germany,,2022-05-27,817,26200663,138781,,,,702.0,,,64706397.0,63334584.0,27459.0
Germany,,2022-05-28,818,26244107,138864,,,,669.0,,,64707045.0,63335595.0,26891.0
Germany,,2022-05-29,819,26244107,138864,,,,656.0,,,64707275.0,63335939.0,26753.0
Germany,,2022-05-30,820,26244107,138864,,,,669.0,,,64708160.0,63337744.0,26197.0
Germany,,2022-05-31,821,26305996,139000,,,,683.0,,,64709681.0,63340746.0,24139.0
Germany,,2022-06-01,822,26360953,139091,,,,671.0,,,64710991.0,63343364.0,22528.0
Germany,,2022-06-02,823,26409455,139222,,,,648.0,,,64712463.0,63346683.0,30305.0
Germany,,2022-06-03,824,26452148,139313,,,,637.0,,,64713998.0,63349464.0,33454.0
Germany,,2022-06-04,825,26452148,139313,,,,617.0,,,64714512.0,63350286.0,33453.0
Germany,,2022-06-05,826,26452148,139313,,,,613.0,,,64714569.0,63350428.0,33309.0
Germany,,2022-06-06,827,26452148,139313,,,,632.0,,,64714629.0,63350570.0,29985.0
Germany,,2022-06-07,828,26498361,139388,,,,623.0,,,64715790.0,63352840.0,27805.0
Germany,,2022-06-08,829,26583016,139533,,,,622.0,,,64717021.0,63355096.0,26773.0
Germany,,2022-06-09,830,26660652,139623,,,,620.0,,,64718557.0,63358074.0,26076.0
Germany,,2022-06-10,831,26738530,139729,,,,626.0,,,64719883.0,63360630.0,25352.0
Germany,,2022-06-11,832,26738530,139729,,,,607.0,,,64720632.0,63361633.0,25624.0
Germany,,2022-06-12,833,26738530,139729,,,,621.0,,,64720840.0,63361952.0,25732.0
Germany,,2022-06-13,834,26809245,139807,,,,650.0,,,64721692.0,63363549.0,28795.0
Germany,,2022-06-14,835,26915085,139914,,,,674.0,,,64723036.0,63366070.0,30554.0
Germany,,2022-06-15,836,27007429,140026,,,,672.0,,,64724943.0,63368633.0,31356.0
Germany,,2022-06-16,837,27096571,140099,,,,684.0,,,64725940.0,63370497.0,27807.0
Germany,,2022-06-17,838,27124689,140118,,,,694.0,,,64727048.0,63372463.0,27208.0
Germany,,2022-06-18,839,27124689,140118,,,,684.0,,,64727647.0,63373256.0,27232.0
Germany,,2022-06-19,840,27124689,140118,,,,718.0,,,64727989.0,63373704.0,27528.0
Germany,,2022-06-20,841,27211896,140176,,,,747.0,,,64728919.0,63375078.0,27884.0
Germany,,2022-06-21,842,27334993,140358,,,,795.0,,,64730247.0,63377496.0,28450.0
Germany,,2022-06-22,843,27454225,140462,,,,782.0,,,64731558.0,63379749.0,29411.0
Germany,,2022-06-23,844,27573585,140560,,,,810.0,,,64733073.0,63382313.0,34741.0
Germany,,2022-06-24,845,27681775,140650,,,,799.0,,,64734804.0,63384978.0,36884.0
Germany,,2022-06-25,846,27681775,140650,,,,788.0,,,64735523.0,63385957.0,37230.0
Germany,,2022-06-26,847,27681775,140650,,,,836.0,,,64735777.0,63386326.0,37063.0
Germany,,2022-06-27,848,27771911,140734,,,,932.0,,,64736599.0,63387579.0,36894.0
Germany,,2022-06-28,849,27914240,140847,,,,981.0,,,64739018.0,63390571.0,37748.0
Germany,,2022-06-29,850,28048190,141022,,,,935.0,,,64740449.0,63392773.0,37693.0
Germany,,2022-06-30,851,28180861,141105,,,,932.0,,,64742055.0,63395655.0,37253.0
Germany,,2022-07-01,852,28293960,141189,,,,978.0,,,64743384.0,63397594.0,35407.0
Germany,,2022-07-02,853,28293960,141189,,,,982.0,,,64743899.0,63398490.0,35153.0
Germany,,2022-07-03,854,28293960,141189,,,,998.0,,,64744003.0,63398695.0,35072.0
Germany,,2022-07-04,855,28394995,141295,,,,1064.0,,,64744624.0,63399676.0,34577.0
Germany,,2022-07-05,856,28542484,141397,,,,1065.0,,,64745785.0,63401469.0,33417.0
Germany,,2022-07-06,857,28673212,141519,,,,1046.0,,,64747085.0,63403500.0,33134.0
Germany,,2022-07-07,858,28808614,141627,,,,1048.0,,,64748640.0,63406450.0,33002.0
Germany,,2022-07-08,859,28926346,141758,,,,1072.0,,,64749979.0,63408414.0,33973.0
Germany,,2022-07-09,860,28926346,141758,,,,1054.0,,,64750583.0,63409194.0,34133.0
Germany,,2022-07-10,861,28926346,141758,,,,1101.0,,,64750666.0,63409352.0,34146.0
Germany,,2022-07-11,862,29025760,141870,,,,1174.0,,,64751648.0,63410954.0,34735.0
Germany,,2022-07-12,863,29180489,142035,,,,1215.0,,,64753123.0,63413188.0,36131.0
Germany,,2022-07-13,864,29308100,142139,,,,1239.0,,,64754307.0,63415147.0,37193.0
Germany,,2022-07-14,865,29460249,142284,,,,1241.0,,,64755473.0,63417053.0,37949.0
Germany,,2022-07-15,866,29569943,142399,,,,1221.0,,,64756875.0,63419205.0,39703.0
Germany,,2022-07-16,867,29569943,142399,,,,1228.0,,,64757547.0,63420004.0,40398.0
Germany,,2022-07-17,868,29569943,142399,,,,1270.0,,,64757705.0,63420220.0,40556.0
Germany,,2022-07-18,869,29692989,142533,,,,1322.0,,,64758384.0,63421157.0,40704.0
Germany,,2022-07-19,870,29853680,142635,,,,1328.0,,,64759405.0,63422750.0,39956.0
Germany,,2022-07-20,871,29994679,142771,,,,1331.0,,,64760381.0,63424251.0,38649.0
Germany,,2022-07-21,872,30131303,142948,,,,1395.0,,,64761636.0,63426038.0,38399.0
Germany,,2022-07-22,873,30239122,143061,,,,1395.0,,,64763684.0,63428202.0,37577.0
Germany,,2022-07-23,874,30239122,143061,,,,1410.0,,,64764236.0,63428883.0,36815.0
Germany,,2022-07-24,875,30239122,143061,,,,1441.0,,,64764608.0,63429398.0,36865.0
Germany,,2022-07-25,876,30331133,143177,,,,1558.0,,,64765184.0,63430293.0,36298.0
Germany,,2022-07-26,877,30476605,143364,,,,1621.0,,,64766313.0,63431976.0,36180.0
Germany,,2022-07-27,878,30598385,143545,,,,1589.0,,,64767372.0,63433533.0,36486.0
Germany,,2022-07-28,879,30702511,143702,,,,1553.0,,,64768345.0,63435098.0,35240.0
Germany,,2022-07-29,880,30787309,143855,,,,1495.0,,,64769675.0,63436575.0,34213.0
Germany,,2022-07-30,881,30787309,143855,,,,1458.0,,,64770151.0,63437283.0,33997.0
Germany,,2022-07-31,882,30787309,143855,,,,1446.0,,,64770275.0,63437429.0,33794.0
Germany,,2022-08-01,883,30854175,143979,,,,1470.0,,,64771092.0,63438421.0,33400.0
Germany,,2022-08-02,884,30956873,144150,,,,1443.0,,,64771873.0,63439605.0,31528.0
Germany,,2022-08-03,885,31044554,144360,,,,1396.0,,,64772782.0,63441084.0,29913.0
Germany,,2022-08-04,886,31119199,144552,,,,1398.0,,,64773664.0,63442378.0,28113.0
Germany,,2022-08-05,887,31178705,144717,,,,1377.0,,,64774612.0,63443672.0,26798.0
Germany,,2022-08-06,888,31178705,144717,,,,1344.0,,,64775070.0,63444315.0,26749.0
Germany,,2022-08-07,889,31178705,144717,,,,1286.0,,,64775172.0,63444451.0,26644.0
Germany,,2022-08-08,890,31228322,144858,,,,1329.0,,,64775706.0,63445165.0,26322.0
Germany,,2022-08-09,891,31307020,145028,,,,1274.0,,,64776519.0,63446455.0,26294.0
Germany,,2022-08-10,892,31379757,145241,,,,1241.0,,,64777385.0,63447879.0,25958.0
Germany,,2022-08-11,893,31439645,145394,,,,1179.0,,,64778268.0,63449300.0,25681.0
Germany,,2022-08-12,894,31489484,145561,,,,1157.0,,,64779149.0,63450521.0,25130.0
Germany,,2022-08-13,895,31489484,145561,,,,1142.0,,,64779519.0,63451018.0,24661.0
Germany,,2022-08-14,896,31489484,145561,,,,1154.0,,,64779634.0,63451163.0,24641.0
Germany,,2022-08-15,897,31535340,145698,,,,1155.0,,,64780124.0,63451852.0,24119.0
Germany,,2022-08-16,898,31599085,145838,,,,1130.0,,,64780946.0,63453146.0,23331.0
Germany,,2022-08-17,899,31666475,146030,,,,1074.0,,,64782036.0,63454631.0,22768.0
Germany,,2022-08-18,900,31725160,146214,,,,1105.0,,,64785901.0,63458258.0,23005.0
Germany,,2022-08-19,901,31771884,146383,,,,1041.0,,,64786861.0,63459673.0,23084.0
Germany,,2022-08-20,902,31771884,146383,,,,988.0,,,64787162.0,63460179.0,23248.0
Germany,,2022-08-21,903,31771884,146383,,,,992.0,,,64787259.0,63460341.0,23298.0
Germany,,2022-08-22,904,31808228,146504,,,,987.0,,,64787831.0,63461130.0,23774.0
Germany,,2022-08-23,905,31868639,146650,,,,958.0,,,64788680.0,63462378.0,24106.0
Germany,,2022-08-24,906,31921578,146797,,,,897.0,,,64789604.0,63463695.0,24521.0
Germany,,2022-08-25,907,31970779,146913,,,,893.0,,,64790367.0,63464937.0,23905.0
Germany,,2022-08-26,908,32008122,147003,,,,877.0,,,64791183.0,63466276.0,23871.0
Germany,,2022-08-27,909,32008122,147003,,,,857.0,,,64791530.0,63466750.0,23848.0
Germany,,2022-08-28,910,32008122,147003,,,,847.0,,,64791631.0,63466856.0,23777.0
Germany,,2022-08-29,911,32041350,147104,,,,851.0,,,64792188.0,63467625.0,23765.0
Germany,,2022-08-30,912,32095854,147223,,,,828.0,,,64792967.0,63468849.0,23533.0
Germany,,2022-08-31,913,32145157,147404,,,,797.0,,,64793914.0,63470194.0,23253.0
Germany,,2022-09-01,914,32184553,147494,,,,767.0,,,64794700.0,63471287.0,22405.0
Germany,,2022-09-02,915,32218483,147642,,,,767.0,,,64795669.0,63472513.0,22163.0
Germany,,2022-09-03,916,32218483,147642,,,,753.0,,,64796039.0,63473081.0,22029.0
Germany,,2022-09-04,917,32218483,147642,,,,749.0,,,64796121.0,63473183.0,22026.0
Germany,,2022-09-05,918,32247828,147762,,,,766.0,,,64796740.0,63473883.0,21615.0
Germany,,2022-09-06,919,32297537,147861,,,,741.0,,,64797597.0,63475084.0,20865.0
Germany,,2022-09-07,920,32344032,147981,,,,722.0,,,64798380.0,63476235.0,19865.0
Germany,,2022-09-08,921,32386089,148098,,,,723.0,,,64799232.0,63477433.0,19521.0
Germany,,2022-09-09,922,32422084,148217,,,,715.0,,,64800114.0,63478553.0,18700.0
Germany,,2022-09-10,923,32422084,148217,,,,678.0,,,64800489.0,63479066.0,18821.0
Germany,,2022-09-11,924,32422084,148217,,,,674.0,,,64800594.0,63479224.0,18818.0
Germany,,2022-09-12,925,32452250,148299,,,,692.0,,,64801133.0,63479914.0,18993.0
Germany,,2022-09-13,926,32507180,148389,,,,726.0,,,64801979.0,63481153.0,21353.0
Germany,,2022-09-14,927,32558479,148498,,,,741.0,,,64802870.0,63482416.0,24533.0
Germany,,2022-09-15,928,32604993,148728,,,,718.0,,,64803745.0,63483750.0,28201.0
Germany,,2022-09-16,929,32643742,148845,,,,689.0,,,64804544.0,63484929.0,31476.0
Germany,,2022-09-17,930,32643742,148845,,,,660.0,,,64804856.0,63485401.0,32285.0
Germany,,2022-09-18,931,32643742,148845,,,,646.0,,,64804952.0,63485566.0,32516.0
Germany,,2022-09-19,932,32680356,148933,,,,670.0,,,64805543.0,63486249.0,33724.0
Germany,,2022-09-20,933,32740593,149079,,,,690.0,,,64806232.0,63487379.0,34961.0
Germany,,2022-09-21,934,32797308,149169,,,,706.0,,,64807067.0,63488433.0,36032.0
Germany,,2022-09-22,935,32854286,149275,,,,713.0,,,64807910.0,63489736.0,37463.0
Germany,,2022-09-23,936,32905086,149368,,,,730.0,,,64808621.0,63490866.0,38380.0
Germany,,2022-09-24,937,32905086,149368,,,,716.0,,,64808985.0,63491456.0,38603.0
Germany,,2022-09-25,938,32905086,149368,,,,730.0,,,64809137.0,63491639.0,38856.0
Germany,,2022-09-26,939,32952050,149458,,,,789.0,,,64809835.0,63492369.0,40055.0
Germany,,2022-09-27,940,33041332,149576,,,,850.0,,,64810694.0,63493578.0,43449.0
Germany,,2022-09-28,941,33137143,149714,,,,861.0,,,64811827.0,63495207.0,47452.0
Germany,,2022-09-29,942,33216006,149808,,,,889.0,,,64812814.0,63497050.0,52588.0
Germany,,2022-09-30,943,33312373,149948,,,,918.0,,,64813750.0,63498604.0,57674.0
Germany,,2022-10-01,944,33312373,149948,,,,948.0,,,64814117.0,63499226.0,59605.0
Germany,,2022-10-02,945,33312373,149948,,,,996.0,,,64814290.0,63499596.0,59824.0
Germany,,2022-10-03,946,33312373,149948,,,,1049.0,,,64814572.0,63499969.0,56553.0
Germany,,2022-10-04,947,33386229,150064,,,,1214.0,,,64815406.0,63501141.0,55638.0
Germany,,2022-10-05,948,33519761,150192,,,,1311.0,,,64816533.0,63502401.0,57777.0
Germany,,2022-10-06,949,33652255,150289,,,,1364.0,,,64817750.0,63503703.0,60556.0
Germany,,2022-10-07,950,33826367,150406,,,,1385.0,,,64819063.0,63505111.0,63351.0
Germany,,2022-10-08,951,33826367,150406,,,,1425.0,,,64819489.0,63505642.0,63902.0
Germany,,2022-10-09,952,33826367,150406,,,,1477.0,,,64819752.0,63505898.0,64213.0
Germany,,2022-10-10,953,33948632,150535,,,,1606.0,,,64820408.0,63506695.0,71350.0
Germany,,2022-10-11,954,34121168,150720,,,,1661.0,,,64821359.0,63507706.0,77714.0
Germany,,2022-10-12,955,34257916,150919,,,,1669.0,,,64822496.0,63508815.0,80965.0
Germany,,2022-10-13,956,34403129,151095,,,,1712.0,,,64823648.0,63510066.0,84498.0
Germany,,2022-10-14,957,34517327,151260,,,,1685.0,,,64825348.0,63511155.0,87474.0
Germany,,2022-10-15,958,34517327,151260,,,,1656.0,,,64825841.0,63511720.0,88860.0
Germany,,2022-10-16,959,34517327,151260,,,,1705.0,,,64826008.0,63511917.0,89240.0
Germany,,2022-10-17,960,34608837,151420,,,,1786.0,,,64826593.0,63512558.0,90869.0
Germany,,2022-10-18,961,34758889,151629,,,,1842.0,,,64827449.0,63513580.0,93520.0
Germany,,2022-10-19,962,34888963,151877,,,,1821.0,,,64828640.0,63514773.0,96417.0
Germany,,2022-10-20,963,35005769,152100,,,,1812.0,,,64829672.0,63515813.0,96454.0
Germany,,2022-10-21,964,35098062,152278,,,,1762.0,,,64830943.0,63516884.0,97616.0
Germany,,2022-10-22,965,35098062,152278,,,,1752.0,,,64831316.0,63517258.0,97357.0
Germany,,2022-10-23,966,35098062,152278,,,,1741.0,,,64831373.0,63517345.0,97065.0
Germany,,2022-10-24,967,35172694,152482,,,,1774.0,,,64832222.0,63517929.0,99602.0
Germany,,2022-10-25,968,35288228,152755,,,,1773.0,,,64833066.0,63518857.0,99404.0
Germany,,2022-10-26,969,35383015,152997,,,,1727.0,,,64834042.0,63519674.0,94984.0
Germany,,2022-10-27,970,35461920,153193,,,,1685.0,,,64834990.0,63520829.0,97104.0
Germany,,2022-10-28,971,35523412,153377,,,,1643.0,,,64836416.0,63521812.0,95069.0
Germany,,2022-10-29,972,35523412,153377,,,,1592.0,,,64836788.0,63522158.0,93732.0
Germany,,2022-10-30,973,35523412,153377,,,,1585.0,,,64836826.0,63522228.0,93385.0
Germany,,2022-10-31,974,35571131,153544,,,,1584.0,,,64837173.0,63522589.0,86074.0
Germany,,2022-11-01,975,35619687,153694,,,,1583.0,,,64837654.0,63523105.0,74793.0
Germany,,2022-11-02,976,35649648,153814,,,,1557.0,,,64838478.0,63524005.0,74249.0
Germany,,2022-11-03,977,35728277,154095,,,,1485.0,,,64839596.0,63525224.0,71955.0
Germany,,2022-11-04,978,35784912,154328,,,,1418.0,,,64840501.0,63526163.0,70175.0
Germany,,2022-11-05,979,35784912,154328,,,,1349.0,,,64840829.0,63526569.0,69514.0
Germany,,2022-11-06,980,35784912,154328,,,,1343.0,,,64840940.0,63526680.0,69589.0
Germany,,2022-11-07,981,35823771,154535,,,,1311.0,,,64841449.0,63527143.0,72707.0
Germany,,2022-11-08,982,35884834,154785,,,,1287.0,,,64842726.0,63528137.0,84371.0
Germany,,2022-11-09,983,35932654,155012,,,,1222.0,,,64843692.0,63528938.0,87595.0
Germany,,2022-11-10,984,35971322,155187,,,,1189.0,,,64844898.0,63529886.0,87507.0
Germany,,2022-11-11,985,36005025,155403,,,,1140.0,,,64845673.0,63530764.0,87923.0
Germany,,2022-11-12,986,36005025,155403,,,,1124.0,,,64845915.0,63531038.0,87737.0
Germany,,2022-11-13,987,36005025,155403,,,,1079.0,,,64845990.0,63531128.0,87751.0
Germany,,2022-11-14,988,36033395,155588,,,,1096.0,,,64846523.0,63531591.0,87389.0
Germany,,2022-11-15,989,36080574,155807,,,,1043.0,,,64847297.0,63532292.0,83770.0
Germany,,2022-11-16,990,36119184,156030,,,,1017.0,,,64848195.0,63532986.0,80714.0
Germany,,2022-11-17,991,36152490,156192,,,,954.0,,,64848874.0,63533683.0,78319.0
Germany,,2022-11-18,992,36180077,156410,,,,937.0,,,64849648.0,63534450.0,75830.0
Germany,,2022-11-19,993,36180077,156410,,,,902.0,,,64850079.0,63534715.0,75597.0
Germany,,2022-11-20,994,36180077,156410,,,,903.0,,,64850127.0,63534781.0,75411.0
Germany,,2022-11-21,995,36205405,156613,,,,919.0,,,64850534.0,63535277.0,74296.0
Germany,,2022-11-22,996,36247081,156812,,,,941.0,,,64851154.0,63535912.0,72134.0
Germany,,2022-11-23,997,36280371,156951,,,,925.0,,,64851893.0,63536538.0,70055.0
Germany,,2022-11-24,998,36318461,157114,,,,897.0,,,64852621.0,63537238.0,67412.0
Germany,,2022-11-25,999,36348477,157388,,,,887.0,,,64853199.0,63537885.0,64891.0
Germany,,2022-11-26,1000,36348477,157388,,,,883.0,,,64853541.0,63538135.0,64014.0
Germany,,2022-11-27,1001,36348477,157388,,,,897.0,,,64853638.0,63538244.0,63927.0
Germany,,2022-11-28,1002,36373165,157495,,,,928.0,,,64853985.0,63538531.0,62230.0
Germany,,2022-11-29,1003,36419717,157657,,,,895.0,,,64854519.0,63539060.0,59694.0
Germany,,2022-11-30,1004,36463485,157791,,,,900.0,,,64855108.0,63539751.0,57206.0
Germany,,2022-12-01,1005,36499600,157943,,,,882.0,,,64855738.0,63540347.0,53922.0
Germany,,2022-12-02,1006,36530020,158109,,,,903.0,,,64856403.0,63540911.0,51685.0
Germany,,2022-12-03,1007,36530020,158109,,,,926.0,,,64856671.0,63541423.0,51323.0
Germany,,2022-12-04,1008,36530020,158109,,,,951.0,,,64856691.0,63541462.0,50990.0
Germany,,2022-12-05,1009,36557861,158198,,,,970.0,,,64856912.0,63541747.0,50353.0
Germany,,2022-12-06,1010,36604648,158386,,,,1013.0,,,64857320.0,63542105.0,48359.0
Germany,,2022-12-07,1011,36649979,158559,,,,991.0,,,64857773.0,63542694.0,47226.0
Germany,,2022-12-08,1012,36690235,158684,,,,969.0,,,64858305.0,63543246.0,45492.0
Germany,,2022-12-09,1013,36726061,158851,,,,1002.0,,,64858833.0,63543768.0,44361.0
Germany,,2022-12-10,1014,36726061,158851,,,,980.0,,,64858986.0,63544001.0,44037.0
Germany,,2022-12-11,1015,36726061,158851,,,,987.0,,,64859079.0,63544161.0,44211.0
Germany,,2022-12-12,1016,36758926,158966,,,,1068.0,,,64859422.0,63544473.0,43466.0
Germany,,2022-12-13,1017,36812671,159177,,,,1105.0,,,64859818.0,63544930.0,42362.0
Germany,,2022-12-14,1018,36860998,159364,,,,1073.0,,,64860314.0,63545550.0,40380.0
Germany,,2022-12-15,1019,36905873,159594,,,,1078.0,,,64860868.0,63546021.0,38968.0
Germany,,2022-12-16,1020,36946574,159737,,,,1123.0,,,64861198.0,63546461.0,37982.0
Germany,,2022-12-17,1021,36946574,159737,,,,1104.0,,,64861348.0,63546630.0,37749.0
Germany,,2022-12-18,1022,36946574,159737,,,,1136.0,,,64861375.0,63546666.0,37482.0
Germany,,2022-12-19,1023,36980883,159884,,,,1175.0,,,64861663.0,63546998.0,36858.0
Germany,,2022-12-20,1024,37035898,160045,,,,1196.0,,,64861922.0,63547371.0,34019.0
Germany,,2022-12-21,1025,37088426,160246,,,,1231.0,,,64862381.0,63547916.0,30722.0
Germany,,2022-12-22,1026,37136414,160424,,,,1243.0,,,64862785.0,63548417.0,25969.0
Germany,,2022-12-23,1027,37177845,160611,,,,1270.0,,,64862967.0,63548675.0,22038.0
Germany,,2022-12-24,1028,37177845,160611,,,,1245.0,,,64863011.0,63548751.0,20809.0
Germany,,2022-12-25,1029,37177845,160611,,,,1268.0,,,64863013.0,63548753.0,20620.0
Germany,,2022-12-26,1030,37177845,160611,,,,1312.0,,,64863038.0,63548780.0,17527.0
Germany,,2022-12-27,1031,37211978,160768,,,,1384.0,,,64863247.0,63549098.0,14153.0
Germany,,2022-12-28,1032,37272430,160972,,,,1387.0,,,64863484.0,63549449.0,11101.0
Germany,,2022-12-29,1033,37345969,161321,,,,1386.0,,,64863778.0,63549731.0,8714.0
Germany,,2022-12-30,1034,37369865,161465,,,,1398.0,,,64864042.0,63550133.0,8370.0
Germany,,2022-12-31,1035,37369866,161465,,,,1366.0,,,64864095.0,63550202.0,9083.0
Germany,,2023-01-01,1036,37369867,161465,,,,1376.0,,,64864100.0,63550205.0,8925.0
Germany,,2023-01-02,1037,37410650,161714,,,,1394.0,,,64864203.0,63550359.0,9372.0
Germany,,2023-01-03,1038,37446795,162021,,,,1389.0,,,64864294.0,63550468.0,9051.0
Germany,,2023-01-04,1039,37475448,162256,,,,1349.0,,,64864454.0,63550711.0,9104.0
Germany,,2023-01-05,1040,37496370,162518,,,,1310.0,,,64864710.0,63550985.0,9792.0
Germany,,2023-01-06,1041,37509539,162688,,,,1296.0,,,64864819.0,63551152.0,9369.0
Germany,,2023-01-07,1042,37509539,162688,,,,1276.0,,,64865000.0,63551296.0,9042.0
Germany,,2023-01-08,1043,37509539,162688,,,,1281.0,,,64865012.0,63551308.0,9277.0
Germany,,2023-01-09,1044,37540072,162975,,,,1284.0,,,64865140.0,63551450.0,10038.0
Germany,,2023-01-10,1045,37562191,163244,,,,1214.0,,,64865405.0,63551810.0,12219.0
Germany,,2023-01-11,1046,37581570,163425,,,,1151.0,,,64865679.0,63552140.0,14106.0
Germany,,2023-01-12,1047,37594526,163625,,,,1104.0,,,64866074.0,63552586.0,16146.0
Germany,,2023-01-13,1048,37605135,163775,,,,1059.0,,,64866451.0,63552943.0,17724.0
Germany,,2023-01-14,1049,37605135,163775,,,,997.0,,,64866531.0,63553022.0,17728.0
Germany,,2023-01-15,1050,37605135,163775,,,,994.0,,,64866558.0,63553055.0,17705.0
Germany,,2023-01-16,1051,37622357,163965,,,,955.0,,,64866692.0,63553211.0,17760.0
Germany,,2023-01-17,1052,37637807,164153,,,,897.0,,,64867007.0,63553468.0,17288.0
Germany,,2023-01-18,1053,37649808,164391,,,,850.0,,,64867718.0,63553792.0,16510.0
Germany,,2023-01-19,1054,37659518,164585,,,,825.0,,,64868044.0,63554185.0,15237.0
Germany,,2023-01-20,1055,37668384,164703,,,,775.0,,,64868405.0,63554467.0,14193.0
Germany,,2023-01-21,1056,37668384,164703,,,,720.0,,,64868462.0,63554529.0,14049.0
Germany,,2023-01-22,1057,37668384,164703,,,,699.0,,,64868484.0,63554543.0,13939.0
Germany,,2023-01-23,1058,37684456,164844,,,,672.0,,,64868583.0,63554699.0,13686.0
Germany,,2023-01-24,1059,37701193,165001,,,,669.0,,,64869006.0,63554938.0,13010.0
Germany,,2023-01-25,1060,37715000,165139,,,,672.0,,,64869231.0,63555232.0,12413.0
Germany,,2023-01-26,1061,37728155,165314,,,,635.0,,,64869463.0,63555449.0,11635.0
Germany,,2023-01-27,1062,37739472,165441,,,,613.0,,,64869656.0,63555604.0,11024.0
Germany,,2023-01-28,1063,37739472,165441,,,,591.0,,,64869716.0,63555650.0,11007.0
Germany,,2023-01-29,1064,37739472,165441,,,,597.0,,,64869724.0,63555662.0,10951.0
Germany,,2023-01-30,1065,37758773,165563,,,,626.0,,,64869874.0,63555745.0,10798.0
Germany,,2023-01-31,1066,37779833,165711,,,,597.0,,,64870116.0,63555868.0,10099.0
Germany,,2023-02-01,1067,37796790,165865,,,,600.0,,,64870290.0,63556049.0,9202.0
Germany,,2023-02-02,1068,37810199,166016,,,,615.0,,,64870505.0,63556241.0,8406.0
Germany,,2023-02-03,1069,37822577,166128,,,,616.0,,,64870704.0,63556398.0,7887.0
Germany,,2023-02-04,1070,37822577,166128,,,,603.0,,,64870765.0,63556434.0,7740.0
Germany,,2023-02-05,1071,37822577,166128,,,,616.0,,,64870771.0,63556438.0,7732.0
Germany,,2023-02-06,1072,37842223,166292,,,,640.0,,,64870829.0,63556540.0,7508.0
Germany,,2023-02-07,1073,37861703,166399,,,,668.0,,,64870931.0,63556700.0,7199.0
Germany,,2023-02-08,1074,37879714,166526,,,,687.0,,,64871075.0,63556821.0,6975.0
Germany,,2023-02-09,1075,37893892,166660,,,,667.0,,,64871220.0,63557032.0,6680.0
Germany,,2023-02-10,1076,37893892,166660,,,,669.0,,,64871311.0,63557179.0,6457.0
Germany,,2023-02-11,1077,37907312,166763,,,,695.0,,,64871342.0,63557206.0,6389.0
Germany,,2023-02-12,1078,37907312,166763,,,,713.0,,,64871344.0,63557214.0,6382.0
Germany,,2023-02-13,1079,37928944,166875,,,,742.0,,,64871438.0,63557296.0,6136.0
Germany,,2023-02-14,1080,37949446,166999,,,,762.0,,,64871601.0,63557431.0,5783.0
Germany,,2023-02-15,1081,37970357,167124,,,,778.0,,,64871680.0,63557565.0,5433.0
Germany,,2023-02-16,1082,37986750,167214,,,,837.0,,,64871827.0,63557725.0,4988.0
Germany,,2023-02-17,1083,38002114,167301,,,,874.0,,,64871879.0,63557814.0,4627.0
Germany,,2023-02-18,1084,38002114,167301,,,,848.0,,,64871900.0,63557833.0,4661.0
Germany,,2023-02-19,1085,38002114,167301,,,,838.0,,,64871901.0,63557836.0,4633.0
Germany,,2023-02-20,1086,38018111,167387,,,,929.0,,,64872022.0,63558020.0,4478.0
Germany,,2023-02-21,1087,38043874,167491,,,,971.0,,,64872085.0,63558114.0,4125.0
Germany,,2023-02-22,1088,38068912,167604,,,,1002.0,,,64872163.0,63558231.0,3809.0
Germany,,2023-02-23,1089,38090089,167723,,,,1010.0,,,64872229.0,63558422.0,3629.0
Germany,,2023-02-24,1090,38111063,167812,,,,1017.0,,,64872383.0,63558566.0,3598.0
Germany,,2023-02-25,1091,38111063,167812,,,,1041.0,,,64872406.0,63558596.0,3526.0
Germany,,2023-02-26,1092,38111063,167812,,,,1041.0,,,64872421.0,63558600.0,3563.0
Germany,,2023-02-27,1093,38144033,167951,,,,1052.0,,,64872510.0,63558717.0,3716.0
Germany,,2023-02-28,1094,38168908,168086,,,,1051.0,,,64872654.0,63558917.0,3908.0
Germany,,2023-03-01,1095,38189954,168175,,,,1034.0,,,64872746.0,63559046.0,3837.0
Germany,,2023-03-02,1096,38202571,168296,,,,999.0,,,64872885.0,63559221.0,3763.0
Germany,,2023-03-03,1097,38210850,168397,,,,1002.0,,,64872982.0,63559327.0,3668.0
Germany,,2023-03-04,1098,38210850,168397,,,,995.0,,,64873034.0,63559407.0,3627.0
Germany,,2023-03-05,1099,38210851,168397,,,,1029.0,,,64873036.0,63559410.0,3589.0
Germany,,2023-03-06,1100,38210851,168397,,,,1046.0,,,64873134.0,63559526.0,3380.0
Germany,,2023-03-07,1101,38231610,168709,,,,1085.0,,,64873299.0,63559689.0,3240.0
Germany,,2023-03-08,1102,38241231,168808,,,,1111.0,,,64873359.0,63559765.0,3170.0
Germany,,2023-03-09,1103,38249060,168935,,,,1116.0,,,64873478.0,63559975.0,2988.0
