country,province,date,day_since100,case_cnt,death_cnt,new_hospitalization,total_hospitalization,new_icu,total_icu,new_recovered,total_recovered,people_vaccinated,people_fully_vaccinated,daily_vaccinations
US,Florida,2020-01-22,-54,0,0,,,,,,,,,
US,Florida,2020-01-23,-53,0,0,,,,,,,,,
US,Florida,2020-01-24,-52,0,0,,,,,,,,,
US,Florida,2020-01-25,-51,0,0,,,,,,,,,
US,Florida,2020-01-26,-50,0,0,,,,,,,,,
US,Florida,2020-01-27,-49,0,0,,,,,,,,,
US,Florida,2020-01-28,-48,0,0,,,,,,,,,
US,Florida,2020-01-29,-47,0,0,,,,,,,,,
US,Florida,2020-01-30,-46,0,0,,,,,,,,,
US,Florida,2020-01-31,-45,0,0,,,,,,,,,
US,Florida,2020-02-01,-44,0,0,,,,,,,,,
US,Florida,2020-02-02,-43,0,0,,,,,,,,,
US,Florida,2020-02-03,-42,0,0,,,,,,,,,
US,Florida,2020-02-04,-41,0,0,,,,,,,,,
US,Florida,2020-02-05,-40,0,0,,,,,,,,,
US,Florida,2020-02-06,-39,0,0,,,,,,,,,
US,Florida,2020-02-07,-38,0,0,,,,,,,,,
US,Florida,2020-02-08,-37,0,0,,,,,,,,,
US,Florida,2020-02-09,-36,0,0,,,,,,,,,
US,Florida,2020-02-10,-35,0,0,,,,,,,,,
US,Florida,2020-02-11,-34,0,0,,,,,,,,,
US,Florida,2020-02-12,-33,0,0,,,,,,,,,
US,Florida,2020-02-13,-32,0,0,,,,,,,,,
US,Florida,2020-02-14,-31,0,0,,,,,,,,,
US,Florida,2020-02-15,-30,0,0,,,,,,,,,
US,Florida,2020-02-16,-29,0,0,,,,,,,,,
US,Florida,2020-02-17,-28,0,0,,,,,,,,,
US,Florida,2020-02-18,-27,0,0,,,,,,,,,
US,Florida,2020-02-19,-26,0,0,,,,,,,,,
US,Florida,2020-02-20,-25,0,0,,,,,,,,,
US,Florida,2020-02-21,-24,0,0,,,,,,,,,
US,Florida,2020-02-22,-23,0,0,,,,,,,,,
US,Florida,2020-02-23,-22,0,0,,,,,,,,,
US,Florida,2020-02-24,-21,0,0,,,,,,,,,
US,Florida,2020-02-25,-20,0,0,,,,,,,,,
US,Florida,2020-02-26,-19,0,0,,,,,,,,,
US,Florida,2020-02-27,-18,0,0,,,,,,,,,
US,Florida,2020-02-28,-17,0,0,,,,,,,,,
US,Florida,2020-02-29,-16,0,0,,,,,,,,,
US,Florida,2020-03-01,-15,0,0,,,,,,,,,
US,Florida,2020-03-02,-14,1,0,,,,,,,,,
US,Florida,2020-03-03,-13,2,0,,,,,,,,,
US,Florida,2020-03-04,-12,2,0,,,,,,,,,
US,Florida,2020-03-05,-11,3,0,,,,,,,,,
US,Florida,2020-03-06,-10,3,0,,,,,,,,,
US,Florida,2020-03-07,-9,7,0,,,,,,,,,
US,Florida,2020-03-08,-8,10,2,,,,,,,,,
US,Florida,2020-03-09,-7,13,2,,,,,,,,,
US,Florida,2020-03-10,-6,15,2,,,,,,,,,
US,Florida,2020-03-11,-5,24,2,,,,,,,,,
US,Florida,2020-03-12,-4,30,2,,,,,,,,,
US,Florida,2020-03-13,-3,50,2,,,,,,,,,
US,Florida,2020-03-14,-2,76,2,,,,,,,,,
US,Florida,2020-03-15,-1,100,3,,,,,,,,,
US,Florida,2020-03-16,0,101,3,,,,,,,,,
US,Florida,2020-03-17,1,190,5,,,,,,,,,
US,Florida,2020-03-18,2,306,7,,,,,,,,,
US,Florida,2020-03-19,3,432,9,,,,,,,,,
US,Florida,2020-03-20,4,564,11,,,,,,,,,
US,Florida,2020-03-21,5,763,13,,,,,,,,,
US,Florida,2020-03-22,6,1004,13,,,,,,,,,
US,Florida,2020-03-23,7,1227,18,,,,,,,,,
US,Florida,2020-03-24,8,1412,18,,,,,,,,,
US,Florida,2020-03-25,9,1682,23,,,,,,,,,
US,Florida,2020-03-26,10,2357,29,,,,,,,,,
US,Florida,2020-03-27,11,2900,35,,,,,,,,,
US,Florida,2020-03-28,12,3763,54,,,,,,,,,
US,Florida,2020-03-29,13,4246,56,,,,,,,,,
US,Florida,2020-03-30,14,5473,63,,,,,,,,,
US,Florida,2020-03-31,15,6741,85,,,,,,,,,
US,Florida,2020-04-01,16,6956,87,,,,,,,,,
US,Florida,2020-04-02,17,9008,164,,,,,,,,,
US,Florida,2020-04-03,18,10268,170,,,,,,,,,
US,Florida,2020-04-04,19,11537,195,,,,,,,,,
US,Florida,2020-04-05,20,12350,221,,,,,,,,,
US,Florida,2020-04-06,21,13324,236,,,,,,,,,
US,Florida,2020-04-07,22,14545,283,,,,,,,,,
US,Florida,2020-04-08,23,15456,309,,,,,,,,,
US,Florida,2020-04-09,24,16364,354,,,,,,,,,
US,Florida,2020-04-10,25,17531,390,,,,,,,,,
US,Florida,2020-04-11,26,18494,438,,,,,,,,,
US,Florida,2020-04-12,27,19895,461,,,,,,,,,
US,Florida,2020-04-13,28,21019,499,,,,,,,,,
US,Florida,2020-04-14,29,21628,571,,,,,,,,,
US,Florida,2020-04-15,30,22511,596,,,,,,,,,
US,Florida,2020-04-16,31,23343,668,,,,,,,,,
US,Florida,2020-04-17,32,24759,725,,,,,,,,,
US,Florida,2020-04-18,33,25492,748,,,,,,,,,
US,Florida,2020-04-19,34,26314,774,,,,,,,,,
US,Florida,2020-04-20,35,27059,822,,,,,,,,,
US,Florida,2020-04-21,36,27869,867,,,,,,,,,
US,Florida,2020-04-22,37,28309,893,,,,,,,,,
US,Florida,2020-04-23,38,29648,987,,,,,,,,,
US,Florida,2020-04-24,39,30533,1046,,,,,,,,,
US,Florida,2020-04-25,40,30839,1055,,,,,,,,,
US,Florida,2020-04-26,41,31532,1075,,,,,,,,,
US,Florida,2020-04-27,42,32138,1088,,,,,,,,,
US,Florida,2020-04-28,43,32848,1171,,,,,,,,,
US,Florida,2020-04-29,44,33193,1218,,,,,,,,,
US,Florida,2020-04-30,45,33690,1268,,,,,,,,,
US,Florida,2020-05-01,46,34728,1314,,,,,,,,,
US,Florida,2020-05-02,47,35463,1364,,,,,,,,,
US,Florida,2020-05-03,48,36078,1379,,,,,,,,,
US,Florida,2020-05-04,49,36897,1399,,,,,,,,,
US,Florida,2020-05-05,50,37439,1471,,,,,,,,,
US,Florida,2020-05-06,51,38002,1539,,,,,,,,,
US,Florida,2020-05-07,52,38828,1600,,,,,,,,,
US,Florida,2020-05-08,53,39199,1669,,,,,,,,,
US,Florida,2020-05-09,54,40001,1715,,,,,,,,,
US,Florida,2020-05-10,55,40596,1721,,,,,,,,,
US,Florida,2020-05-11,56,40982,1735,,,,,,,,,
US,Florida,2020-05-12,57,41923,1779,,,,,,,,,
US,Florida,2020-05-13,58,42402,1827,,,,,,,,,
US,Florida,2020-05-14,59,43210,1875,,,,,,,,,
US,Florida,2020-05-15,60,44138,1917,,,,,,,,,
US,Florida,2020-05-16,61,44811,1964,,,,,,,,,
US,Florida,2020-05-17,62,45588,1973,,,,,,,,,
US,Florida,2020-05-18,63,46442,1997,,,,,,,,,
US,Florida,2020-05-19,64,46944,2052,,,,,,,,,
US,Florida,2020-05-20,65,47471,2096,,,,,,,,,
US,Florida,2020-05-21,66,48675,2144,,,,,,,,,
US,Florida,2020-05-22,67,49451,2190,,,,,,,,,
US,Florida,2020-05-23,68,50127,2233,,,,,,,,,
US,Florida,2020-05-24,69,50867,2237,,,,,,,,,
US,Florida,2020-05-25,70,51746,2252,,,,,,,,,
US,Florida,2020-05-26,71,52255,2259,,,,,,,,,
US,Florida,2020-05-27,72,52634,2319,,,,,,,,,
US,Florida,2020-05-28,73,53285,2364,,,,,,,,,
US,Florida,2020-05-29,74,54497,2413,,,,,,,,,
US,Florida,2020-05-30,75,55424,2447,,,,,,,,,
US,Florida,2020-05-31,76,56163,2451,,,,,,,,,
US,Florida,2020-06-01,77,56830,2460,,,,,,,,,
US,Florida,2020-06-02,78,57447,2530,,,,,,,,,
US,Florida,2020-06-03,79,58764,2566,,,,,,,,,
US,Florida,2020-06-04,80,60183,2607,,,,,,,,,
US,Florida,2020-06-05,81,61488,2660,,,,,,,,,
US,Florida,2020-06-06,82,62758,2688,,,,,,,,,
US,Florida,2020-06-07,83,63938,2700,,,,,,,,,
US,Florida,2020-06-08,84,64904,2712,,,,,,,,,
US,Florida,2020-06-09,85,66000,2765,,,,,,,,,
US,Florida,2020-06-10,86,67371,2801,,,,,,,,,
US,Florida,2020-06-11,87,69069,2848,,,,,,,,,
US,Florida,2020-06-12,88,70971,2877,,,,,,,,,
US,Florida,2020-06-13,89,73552,2925,,,,,,,,,
US,Florida,2020-06-14,90,75568,2931,,,,,,,,,
US,Florida,2020-06-15,91,77326,2938,,,,,,,,,
US,Florida,2020-06-16,92,80109,2993,,,,,,,,,
US,Florida,2020-06-17,93,82719,3018,,,,,,,,,
US,Florida,2020-06-18,94,85926,3061,,,,,,,,,
US,Florida,2020-06-19,95,89748,3104,,,,,,,,,
US,Florida,2020-06-20,96,93797,3144,,,,,,,,,
US,Florida,2020-06-21,97,97291,3161,,,,,,,,,
US,Florida,2020-06-22,98,100217,3173,,,,,,,,,
US,Florida,2020-06-23,99,103503,3238,,,,,,,,,
US,Florida,2020-06-24,100,109014,3281,,,,,,,,,
US,Florida,2020-06-25,101,114018,3327,,,,,,,,,
US,Florida,2020-06-26,102,122960,3366,,,,,,,,,
US,Florida,2020-06-27,103,132545,3390,,,,,,,,,
US,Florida,2020-06-28,104,141075,3419,,,,,,,,,
US,Florida,2020-06-29,105,146341,3447,,,,,,,,,
US,Florida,2020-06-30,106,152434,3505,,,,,,,,,
US,Florida,2020-07-01,107,158997,3550,,,,,,,,,
US,Florida,2020-07-02,108,169106,3617,,,,,,,,,
US,Florida,2020-07-03,109,178594,3684,,,,,,,,,
US,Florida,2020-07-04,110,190052,3702,,,,,,,,,
US,Florida,2020-07-05,111,200111,3731,,,,,,,,,
US,Florida,2020-07-06,112,206447,3778,,,,,,,,,
US,Florida,2020-07-07,113,213794,3841,,,,,,,,,
US,Florida,2020-07-08,114,223783,3889,,,,,,,,,
US,Florida,2020-07-09,115,232718,4009,,,,,,,,,
US,Florida,2020-07-10,116,244151,4102,,,,,,,,,
US,Florida,2020-07-11,117,254511,4197,,,,,,,,,
US,Florida,2020-07-12,118,269811,4242,,,,,,,,,
US,Florida,2020-07-13,119,282435,4277,,,,,,,,,
US,Florida,2020-07-14,120,291629,4409,,,,,,,,,
US,Florida,2020-07-15,121,301810,4521,,,,,,,,,
US,Florida,2020-07-16,122,315775,4677,,,,,,,,,
US,Florida,2020-07-17,123,327241,4805,,,,,,,,,
US,Florida,2020-07-18,124,337569,4895,,,,,,,,,
US,Florida,2020-07-19,125,350047,4982,,,,,,,,,
US,Florida,2020-07-20,126,360394,5072,,,,,,,,,
US,Florida,2020-07-21,127,369834,5206,,,,,,,,,
US,Florida,2020-07-22,128,379619,5345,,,,,,,,,
US,Florida,2020-07-23,129,389868,5518,,,,,,,,,
US,Florida,2020-07-24,130,402312,5653,,,,,,,,,
US,Florida,2020-07-25,131,414511,5777,,,,,,,,,
US,Florida,2020-07-26,132,423855,5854,,,,,,,,,
US,Florida,2020-07-27,133,432747,5931,,,,,,,,,
US,Florida,2020-07-28,134,441977,6117,,,,,,,,,
US,Florida,2020-07-29,135,451423,6333,,,,,,,,,
US,Florida,2020-07-30,136,461379,6586,,,,,,,,,
US,Florida,2020-07-31,137,470386,6843,,,,,,,,,
US,Florida,2020-08-01,138,480028,7022,,,,,,,,,
US,Florida,2020-08-02,139,487132,7084,,,,,,,,,
US,Florida,2020-08-03,140,491884,7157,,,,,,,,,
US,Florida,2020-08-04,141,497330,7402,,,,,,,,,
US,Florida,2020-08-05,142,502739,7627,,,,,,,,,
US,Florida,2020-08-06,143,510389,7747,,,,,,,,,
US,Florida,2020-08-07,144,518075,7927,,,,,,,,,
US,Florida,2020-08-08,145,526577,8109,,,,,,,,,
US,Florida,2020-08-09,146,532806,8186,,,,,,,,,
US,Florida,2020-08-10,147,536961,8277,,,,,,,,,
US,Florida,2020-08-11,148,542792,8553,,,,,,,,,
US,Florida,2020-08-12,149,550901,8765,,,,,,,,,
US,Florida,2020-08-13,150,557137,8913,,,,,,,,,
US,Florida,2020-08-14,151,563285,9141,,,,,,,,,
US,Florida,2020-08-15,152,569637,9345,,,,,,,,,
US,Florida,2020-08-16,153,573416,9452,,,,,,,,,
US,Florida,2020-08-17,154,576094,9539,,,,,,,,,
US,Florida,2020-08-18,155,579932,9758,,,,,,,,,
US,Florida,2020-08-19,156,584047,9932,,,,,,,,,
US,Florida,2020-08-20,157,588602,10049,,,,,,,,,
US,Florida,2020-08-21,158,593286,10168,,,,,,,,,
US,Florida,2020-08-22,159,597597,10274,,,,,,,,,
US,Florida,2020-08-23,160,600571,10325,,,,,,,,,
US,Florida,2020-08-24,161,602829,10397,,,,,,,,,
US,Florida,2020-08-25,162,605502,10580,,,,,,,,,
US,Florida,2020-08-26,163,608722,10733,,,,,,,,,
US,Florida,2020-08-27,164,611991,10868,,,,,,,,,
US,Florida,2020-08-28,165,615806,10957,,,,,,,,,
US,Florida,2020-08-29,166,619003,11105,,,,,,,,,
US,Florida,2020-08-30,167,621586,11119,,,,,,,,,
US,Florida,2020-08-31,168,623471,11187,,,,,,,,,
US,Florida,2020-09-01,169,631040,11374,,5090.0,,976.0,,,,,
US,Florida,2020-09-02,170,633442,11501,,4974.0,,969.0,,,,,
US,Florida,2020-09-03,171,637013,11650,,4892.0,,918.0,,,,,
US,Florida,2020-09-04,172,640211,11750,,4772.0,,900.0,,,,,
US,Florida,2020-09-05,173,643867,11811,,4565.0,,896.0,,,,,
US,Florida,2020-09-06,174,646431,11849,,4477.0,,872.0,,,,,
US,Florida,2020-09-07,175,648269,11871,,4461.0,,867.0,,,,,
US,Florida,2020-09-08,176,650092,11915,,4431.0,,822.0,,,,,
US,Florida,2020-09-09,177,652259,12110,,4579.0,,826.0,,,,,
US,Florida,2020-09-10,178,654731,12326,,4320.0,,798.0,,,,,
US,Florida,2020-09-11,179,658381,12502,,4119.0,,799.0,,,,,
US,Florida,2020-09-12,180,661571,12600,,3955.0,,778.0,,,,,
US,Florida,2020-09-13,181,663994,12608,,3822.0,,787.0,,,,,
US,Florida,2020-09-14,182,665730,12642,,3836.0,,781.0,,,,,
US,Florida,2020-09-15,183,668846,12787,,3921.0,,767.0,,,,,
US,Florida,2020-09-16,184,671201,12939,,3634.0,,719.0,,,,,
US,Florida,2020-09-17,185,674456,13086,,3025.0,,694.0,,,,,
US,Florida,2020-09-18,186,677660,13225,,3058.0,,710.0,,,,,
US,Florida,2020-09-19,187,681233,13287,,2900.0,,687.0,,,,,
US,Florida,2020-09-20,188,683754,13296,,2866.0,,684.0,,,,,
US,Florida,2020-09-21,189,685439,13317,,2848.0,,675.0,,,,,
US,Florida,2020-09-22,190,687909,13416,,2891.0,,667.0,,,,,
US,Florida,2020-09-23,191,690499,13618,,2798.0,,652.0,,,,,
US,Florida,2020-09-24,192,693040,13795,,2696.0,,610.0,,,,,
US,Florida,2020-09-25,193,695887,13915,,2640.0,,614.0,,,,,
US,Florida,2020-09-26,194,698682,14022,,2558.0,,605.0,,,,,
US,Florida,2020-09-27,195,700564,14032,,2585.0,,622.0,,,,,
US,Florida,2020-09-28,196,701302,14037,,2621.0,,598.0,,,,,
US,Florida,2020-09-29,197,704568,14143,,2711.0,,595.0,,,,,
US,Florida,2020-09-30,198,706516,14317,,2633.0,,596.0,,,,,
US,Florida,2020-10-01,199,709144,14444,,2628.0,,592.0,,,,,
US,Florida,2020-10-02,200,711804,14554,,2625.0,,591.0,,,,,
US,Florida,2020-10-03,201,714591,14628,,2538.0,,588.0,,,,,
US,Florida,2020-10-04,202,716459,14671,,2535.0,,590.0,,,,,
US,Florida,2020-10-05,203,717874,14712,,2632.0,,588.0,,,,,
US,Florida,2020-10-06,204,720125,14767,,2716.0,,583.0,,,,,
US,Florida,2020-10-07,205,722707,14904,,2688.0,,601.0,,,,,
US,Florida,2020-10-08,206,726013,15068,,2668.0,,582.0,,,,,
US,Florida,2020-10-09,207,728921,15186,,2629.0,,557.0,,,,,
US,Florida,2020-10-10,208,728921,15186,,2653.0,,534.0,,,,,
US,Florida,2020-10-11,209,734491,15364,,2511.0,,550.0,,,,,
US,Florida,2020-10-12,210,736024,15412,,2659.0,,555.0,,,,,
US,Florida,2020-10-13,211,738749,15531,,2635.0,,551.0,,,,,
US,Florida,2020-10-14,212,741632,15595,,2553.0,,538.0,,,,,
US,Florida,2020-10-15,213,744988,15736,,2541.0,,527.0,,,,,
US,Florida,2020-10-16,214,748437,15830,,2522.0,,523.0,,,,,
US,Florida,2020-10-17,215,752481,15917,,2429.0,,523.0,,,,,
US,Florida,2020-10-18,216,755020,15967,,2445.0,,541.0,,,,,
US,Florida,2020-10-19,217,756727,16021,,2469.0,,544.0,,,,,
US,Florida,2020-10-20,218,760389,16105,,2509.0,,537.0,,,,,
US,Florida,2020-10-21,219,762533,16210,,2555.0,,524.0,,,,,
US,Florida,2020-10-22,220,768091,16267,,2526.0,,524.0,,,,,
US,Florida,2020-10-23,221,771780,16340,,2594.0,,520.0,,,,,
US,Florida,2020-10-24,222,776251,16417,,2648.0,,526.0,,,,,
US,Florida,2020-10-25,223,778636,16429,,2682.0,,539.0,,,,,
US,Florida,2020-10-26,224,782013,16449,,2823.0,,564.0,,,,,
US,Florida,2020-10-27,225,786311,16505,,2870.0,,601.0,,,,,
US,Florida,2020-10-28,226,790426,16571,,3068.0,,588.0,,,,,
US,Florida,2020-10-29,227,794624,16648,,3150.0,,626.0,,,,,
US,Florida,2020-10-30,228,800216,16720,,3170.0,,616.0,,,,,
US,Florida,2020-10-31,229,802547,16761,,3173.0,,621.0,,,,,
US,Florida,2020-11-01,230,807412,16789,,3209.0,,613.0,,,,,
US,Florida,2020-11-02,231,812063,16834,,3704.0,,618.0,,,,,
US,Florida,2020-11-03,232,816700,16890,,3611.0,,626.0,,,,,
US,Florida,2020-11-04,233,821123,16922,,3599.0,,627.0,,,,,
US,Florida,2020-11-05,234,827380,16961,,3630.0,,601.0,,,,,
US,Florida,2020-11-06,235,832625,17014,,3668.0,,630.0,,,,,
US,Florida,2020-11-07,236,837077,17100,,3772.0,,651.0,,,,,
US,Florida,2020-11-08,237,843897,17121,,3866.0,,687.0,,,,,
US,Florida,2020-11-09,238,847821,17179,,3990.0,,698.0,,,,,
US,Florida,2020-11-10,239,852174,17248,,4227.0,,744.0,,,,,
US,Florida,2020-11-11,240,858012,17300,,4150.0,,729.0,,,,,
US,Florida,2020-11-12,241,863619,17372,,4189.0,,726.0,,,,,
US,Florida,2020-11-13,242,870552,17445,,4289.0,,738.0,,,,,
US,Florida,2020-11-14,243,875096,17489,,4225.0,,743.0,,,,,
US,Florida,2020-11-15,244,885201,17518,,4151.0,,815.0,,,,,
US,Florida,2020-11-16,245,889864,17559,,4336.0,,783.0,,,,,
US,Florida,2020-11-17,246,897323,17644,,4133.0,,802.0,,,,,
US,Florida,2020-11-18,247,905248,17731,,4173.0,,820.0,,,,,
US,Florida,2020-11-19,248,914333,17810,,4158.0,,841.0,,,,,
US,Florida,2020-11-20,249,923418,17889,,4150.0,,827.0,,,,,
US,Florida,2020-11-21,250,931827,17930,,4174.0,,827.0,,,,,
US,Florida,2020-11-22,251,938414,17991,,4260.0,,953.0,,,,,
US,Florida,2020-11-23,252,944745,18085,,4447.0,,898.0,,,,,
US,Florida,2020-11-24,253,953300,18157,,4527.0,,916.0,,,,,
US,Florida,2020-11-25,254,961676,18254,,4487.0,,869.0,,,,,
US,Florida,2020-11-26,255,961676,18254,,4385.0,,881.0,,,,,
US,Florida,2020-11-27,256,979020,18363,,4422.0,,885.0,,,,,
US,Florida,2020-11-28,257,985297,18442,,4639.0,,887.0,,,,,
US,Florida,2020-11-29,258,992660,18500,,4719.0,,913.0,,,,,
US,Florida,2020-11-30,259,999319,18597,,4841.0,,951.0,,,,,
US,Florida,2020-12-01,260,1008166,18679,,5031.0,,928.0,,,,,
US,Florida,2020-12-02,261,1018160,18776,,5019.0,,922.0,,,,,
US,Florida,2020-12-03,262,1029030,18874,,4990.0,,927.0,,,,,
US,Florida,2020-12-04,263,1039207,18994,,5058.0,,922.0,,,,,
US,Florida,2020-12-05,264,1049638,19084,,4943.0,,912.0,,,,,
US,Florida,2020-12-06,265,1058074,19177,,4953.0,,922.0,,,,,
US,Florida,2020-12-07,266,1065785,19282,,5064.0,,935.0,,,,,
US,Florida,2020-12-08,267,1073770,19378,,5170.0,,930.0,,,,,
US,Florida,2020-12-09,268,1083362,19462,,5269.0,,968.0,,,,,
US,Florida,2020-12-10,269,1094697,19591,,5329.0,,966.0,,,,,
US,Florida,2020-12-11,270,1106396,19714,,5238.0,,969.0,,,,,
US,Florida,2020-12-12,271,1116973,19785,,5216.0,,951.0,,,,,
US,Florida,2020-12-13,272,1125931,19866,,5353.0,,987.0,,,,,
US,Florida,2020-12-14,273,1134383,20003,,5511.0,,1021.0,,,,,
US,Florida,2020-12-15,274,1143794,20082,,5812.0,,1017.0,,,,,
US,Florida,2020-12-16,275,1155335,20204,,5879.0,,1087.0,,,,,
US,Florida,2020-12-17,276,1168483,20305,,5818.0,,1087.0,,,,,
US,Florida,2020-12-18,277,1181483,20401,,5814.0,,1105.0,,,,,
US,Florida,2020-12-19,278,1193165,20473,,5649.0,,1105.0,,,,,
US,Florida,2020-12-20,279,1201566,20568,,5845.0,,1116.0,,,,,
US,Florida,2020-12-21,280,1212581,20680,,5981.0,,1130.0,,,,,
US,Florida,2020-12-22,281,1223015,20754,,6260.0,,1182.0,,,,,
US,Florida,2020-12-23,282,1234399,20874,,6301.0,,1191.0,,,,,
US,Florida,2020-12-24,283,1247546,20995,,6210.0,,1184.0,,,,,
US,Florida,2020-12-25,284,1247546,20995,,6040.0,,1197.0,,,,,
US,Florida,2020-12-26,285,1264588,21135,,6243.0,,1240.0,,,,,
US,Florida,2020-12-27,286,1271979,21212,,6443.0,,1264.0,,,,,
US,Florida,2020-12-28,287,1280177,21308,,6734.0,,1304.0,,,,,
US,Florida,2020-12-29,288,1292252,21409,,6893.0,,1325.0,,,,,
US,Florida,2020-12-30,289,1306123,21546,,7012.0,,1334.0,,,,,
US,Florida,2020-12-31,290,1323315,21673,,7091.0,,1308.0,,,,,
US,Florida,2021-01-01,291,1323315,21673,,7163.0,,1341.0,,,,,
US,Florida,2021-01-02,292,1354833,21890,,7503.0,,1350.0,,,,,
US,Florida,2021-01-03,293,1365436,21987,,7798.0,,1362.0,,,,,
US,Florida,2021-01-04,294,1376692,22090,,8149.0,,1404.0,,,,,
US,Florida,2021-01-05,295,1392123,22188,,8121.0,,1458.0,,,,,
US,Florida,2021-01-06,296,1409906,22317,,8042.0,,1433.0,,,,,
US,Florida,2021-01-07,297,1429722,22481,,8012.0,,1458.0,,,,,
US,Florida,2021-01-08,298,1449252,22666,,8191.0,,1489.0,,,,,
US,Florida,2021-01-09,299,1464697,22804,,8169.0,,1504.0,,,,,
US,Florida,2021-01-10,300,1477010,22912,,8230.0,,1563.0,,,,,
US,Florida,2021-01-11,301,1488586,23071,,8295.0,,1591.0,,,,,
US,Florida,2021-01-12,302,1503482,23227,,8412.0,,1623.0,,,586741.0,41725.0,0.0
US,Florida,2021-01-13,303,1517472,23396,,8334.0,,1594.0,,,647330.0,52969.0,71958.0
US,Florida,2021-01-14,304,1531192,23613,,8303.0,,1572.0,,,709002.0,52969.0,70522.0
US,Florida,2021-01-15,305,1548067,23799,,8165.0,,1582.0,,,776430.0,74776.0,73214.0
US,Florida,2021-01-16,306,1560186,24004,,7977.0,,1547.0,,,776430.0,74776.0,75010.0
US,Florida,2021-01-17,307,1571279,24137,,8063.0,,1547.0,,,776430.0,74776.0,76089.0
US,Florida,2021-01-18,308,1579281,24274,,8037.0,,1550.0,,,776430.0,74776.0,76807.0
US,Florida,2021-01-19,309,1589097,24436,,8007.0,,1498.0,,,1068787.0,103173.0,77321.0
US,Florida,2021-01-20,310,1601011,24578,,7932.0,,1461.0,,,1125338.0,111763.0,76368.0
US,Florida,2021-01-21,311,1613884,24739,,7680.0,,1481.0,,,1125338.0,111763.0,66499.0
US,Florida,2021-01-22,312,1627603,25011,,7614.0,,1476.0,,,1186719.0,124582.0,65899.0
US,Florida,2021-01-23,313,1639914,25164,,7443.0,,1483.0,,,1333116.0,152209.0,79360.0
US,Florida,2021-01-24,314,1649449,25293,,7461.0,,1457.0,,,1333116.0,152209.0,71859.0
US,Florida,2021-01-25,315,1658169,25446,,7489.0,,1483.0,,,1384407.0,156298.0,64359.0
US,Florida,2021-01-26,316,1667763,25673,,7355.0,,1452.0,,,1412466.0,158886.0,57258.0
US,Florida,2021-01-27,317,1676171,25833,,7411.0,,1435.0,,,1451507.0,176671.0,56074.0
US,Florida,2021-01-28,318,1687594,26035,,7333.0,,1411.0,,,1497903.0,204623.0,66754.0
US,Florida,2021-01-29,319,1698570,26254,,7068.0,,1375.0,,,1554179.0,236834.0,68838.0
US,Florida,2021-01-30,320,1713589,26360,,6872.0,,1363.0,,,1610425.0,274211.0,57314.0
US,Florida,2021-01-31,321,1721377,26479,,6801.0,,1384.0,,,1656005.0,297584.0,63247.0
US,Florida,2021-02-01,322,1727107,26685,,6727.0,,1388.0,,,1683674.0,315392.0,65798.0
US,Florida,2021-02-02,323,1737640,26822,,6661.0,,1364.0,,,1712327.0,329176.0,67522.0
US,Florida,2021-02-03,324,1744619,27019,,6467.0,,1316.0,,,1752699.0,373238.0,71525.0
US,Florida,2021-02-04,325,1752330,27247,,6250.0,,1268.0,,,1793625.0,422482.0,73786.0
US,Florida,2021-02-05,326,1763873,27457,,6071.0,,1232.0,,,1812723.0,440172.0,66357.0
US,Florida,2021-02-06,327,1771359,27599,,5952.0,,1206.0,,,1865090.0,512064.0,70806.0
US,Florida,2021-02-07,328,1777983,27696,,5923.0,,1198.0,,,1965590.0,629556.0,92557.0
US,Florida,2021-02-08,329,1783720,27815,,5839.0,,1193.0,,,1965590.0,629556.0,86021.0
US,Florida,2021-02-09,330,1790743,28048,,5861.0,,1192.0,,,2023419.0,694637.0,97594.0
US,Florida,2021-02-10,331,1798280,28208,,5717.0,,1156.0,,,2064585.0,756678.0,100338.0
US,Florida,2021-02-11,332,1806805,28382,,5559.0,,1143.0,,,2118750.0,823514.0,104854.0
US,Florida,2021-02-12,333,1814422,28565,,5447.0,,1127.0,,,2235645.0,962465.0,136471.0
US,Florida,2021-02-13,334,1821937,28683,,5320.0,,1111.0,,,2304435.0,1028266.0,137942.0
US,Florida,2021-02-14,335,1827373,28779,,5248.0,,1067.0,,,2366552.0,1082096.0,122904.0
US,Florida,2021-02-15,336,1830988,28934,,5139.0,,1058.0,,,2366552.0,1082096.0,132271.0
US,Florida,2021-02-16,337,1837285,29154,,5200.0,,1055.0,,,2441429.0,1134793.0,123957.0
US,Florida,2021-02-17,338,1844627,29311,,5095.0,,1030.0,,,2498089.0,1180757.0,123862.0
US,Florida,2021-02-18,339,1849744,29474,,4969.0,,1005.0,,,2562863.0,1231696.0,123071.0
US,Florida,2021-02-19,340,1856427,29692,,4949.0,,970.0,,,2793123.0,1378573.0,140344.0
US,Florida,2021-02-20,341,1863707,29813,,4812.0,,984.0,,,2796210.0,1382923.0,122067.0
US,Florida,2021-02-21,342,1868772,29906,,4816.0,,974.0,,,2796210.0,1382923.0,118629.0
US,Florida,2021-02-22,343,1872923,30065,,4688.0,,965.0,,,2824219.0,1460844.0,122457.0
US,Florida,2021-02-23,344,1878533,30213,,4687.0,,974.0,,,2829480.0,1470763.0,115287.0
US,Florida,2021-02-24,345,1885661,30340,,4706.0,,955.0,,,2881733.0,1513077.0,114305.0
US,Florida,2021-02-25,346,1892301,30478,,4497.0,,939.0,,,2927858.0,1567301.0,112282.0
US,Florida,2021-02-26,347,1898223,30624,,4393.0,,918.0,,,2976245.0,1616247.0,72297.0
US,Florida,2021-02-27,348,1903682,30734,,4265.0,,883.0,,,3039028.0,1668541.0,88065.0
US,Florida,2021-02-28,349,1909221,30852,,4199.0,,886.0,,,3163425.0,1760865.0,106594.0
US,Florida,2021-03-01,350,1910921,30999,,4106.0,,906.0,,,3166839.0,1761444.0,93905.0
US,Florida,2021-03-02,351,1918100,31135,,4136.0,,879.0,,,3184067.0,1773464.0,95984.0
US,Florida,2021-03-03,352,1924114,31267,,4173.0,,877.0,,,3237174.0,1807459.0,94949.0
US,Florida,2021-03-04,353,1930232,31387,,4015.0,,872.0,,,3328742.0,1859056.0,101286.0
US,Florida,2021-03-05,354,1936207,31522,,3927.0,,868.0,,,3416396.0,1902438.0,106303.0
US,Florida,2021-03-06,355,1940897,31620,,3841.0,,847.0,,,3574315.0,1978276.0,123715.0
US,Florida,2021-03-07,356,1944995,31683,,3757.0,,814.0,,,3714407.0,2045028.0,122290.0
US,Florida,2021-03-08,357,1948307,31764,,3725.0,,816.0,,,3718074.0,2055838.0,122410.0
US,Florida,2021-03-09,358,1952733,31889,,3730.0,,803.0,,,3760044.0,2074763.0,126219.0
US,Florida,2021-03-10,359,1957586,31948,,3696.0,,797.0,,,3833243.0,2111915.0,128975.0
US,Florida,2021-03-11,360,1962651,32040,,3638.0,,784.0,,,3963502.0,2179625.0,145410.0
US,Florida,2021-03-12,361,1967865,32145,,3610.0,,779.0,,,4076435.0,2243267.0,166386.0
US,Florida,2021-03-13,362,1973109,32225,,3498.0,,763.0,,,4325176.0,2399551.0,188491.0
US,Florida,2021-03-14,363,1976808,32255,,3458.0,,746.0,,,4387617.0,2445584.0,172548.0
US,Florida,2021-03-15,364,1979634,32348,,3447.0,,750.0,,,4388959.0,2451940.0,173075.0
US,Florida,2021-03-16,365,1984425,32449,,3448.0,,739.0,,,4436541.0,2498540.0,176638.0
US,Florida,2021-03-17,366,1989024,32504,,3513.0,,737.0,,,4524707.0,2562319.0,180340.0
US,Florida,2021-03-18,367,1994117,32598,,3456.0,,728.0,,,4652763.0,2630843.0,170088.0
US,Florida,2021-03-19,368,1999257,32651,,3465.0,,713.0,,,4760399.0,2691206.0,152970.0
US,Florida,2021-03-20,369,2004362,32713,,3320.0,,690.0,,,4963147.0,2787613.0,138571.0
US,Florida,2021-03-21,370,2008349,32742,,3304.0,,671.0,,,5106288.0,2855811.0,154086.0
US,Florida,2021-03-22,371,2011211,32779,,3272.0,,709.0,,,5109346.0,2859122.0,153563.0
US,Florida,2021-03-23,372,2016513,32820,,3374.0,,703.0,,,5152128.0,2885760.0,150404.0
US,Florida,2021-03-24,373,2021656,32850,,3313.0,,698.0,,,5255602.0,2938265.0,152025.0
US,Florida,2021-03-25,374,2027429,32957,,3211.0,,653.0,,,5403866.0,3002731.0,154331.0
US,Florida,2021-03-26,375,2033179,33116,,3312.0,,673.0,,,5546514.0,3071600.0,161041.0
US,Florida,2021-03-27,376,2039062,33142,,3243.0,,644.0,,,5677465.0,3160502.0,150122.0
US,Florida,2021-03-28,377,2044005,33178,,3282.0,,654.0,,,5837452.0,3248263.0,154874.0
US,Florida,2021-03-29,378,2047379,33247,,3331.0,,670.0,,,5840928.0,3251908.0,155060.0
US,Florida,2021-03-30,379,2052441,33338,,3332.0,,663.0,,,5916809.0,3313207.0,164950.0
US,Florida,2021-03-31,380,2057735,33425,,3328.0,,672.0,,,6005354.0,3384591.0,166657.0
US,Florida,2021-04-01,381,2064525,33494,,3307.0,,664.0,,,6117321.0,3490647.0,168390.0
US,Florida,2021-04-02,382,2071015,33586,,3316.0,,669.0,,,6230063.0,3586874.0,168103.0
US,Florida,2021-04-03,383,2077032,33652,,3319.0,,671.0,,,6343593.0,3692088.0,167914.0
US,Florida,2021-04-04,384,2081826,33674,,3282.0,,676.0,,,6552905.0,3852669.0,184977.0
US,Florida,2021-04-05,385,2085306,33710,,3348.0,,700.0,,,6554477.0,3854492.0,184369.0
US,Florida,2021-04-06,386,2090862,33780,,3498.0,,721.0,,,6610164.0,3879316.0,177187.0
US,Florida,2021-04-07,387,2096747,33822,,3467.0,,702.0,,,6692785.0,3965262.0,177565.0
US,Florida,2021-04-08,388,2104686,33906,,3495.0,,731.0,,,6887386.0,4111383.0,188503.0
US,Florida,2021-04-09,389,2111807,33968,,3560.0,,725.0,,,7045431.0,4252378.0,197104.0
US,Florida,2021-04-10,390,2118713,34014,,3510.0,,712.0,,,7204496.0,4392045.0,205115.0
US,Florida,2021-04-11,391,2124233,34021,,3596.0,,724.0,,,7367260.0,4525445.0,192345.0
US,Florida,2021-04-12,392,2125846,34056,,3620.0,,745.0,,,7477121.0,4605451.0,216603.0
US,Florida,2021-04-13,393,2134914,34120,,3732.0,,745.0,,,7553441.0,4652671.0,220399.0
US,Florida,2021-04-14,394,2141686,34164,,3827.0,,754.0,,,7633413.0,4705146.0,213749.0
US,Florida,2021-04-15,395,2148448,34238,,3842.0,,738.0,,,7768818.0,4819498.0,207087.0
US,Florida,2021-04-16,396,2155744,34330,,3845.0,,758.0,,,7884848.0,4920302.0,199990.0
US,Florida,2021-04-17,397,2162067,34404,,3724.0,,777.0,,,8008113.0,5051844.0,198529.0
US,Florida,2021-04-18,398,2168901,34439,,3791.0,,775.0,,,8200956.0,5221061.0,212170.0
US,Florida,2021-04-19,399,2173138,34471,,3866.0,,793.0,,,8202494.0,5223272.0,188071.0
US,Florida,2021-04-20,400,2178783,34533,,3952.0,,806.0,,,8254998.0,5255230.0,185440.0
US,Florida,2021-04-21,401,2184354,34616,,3968.0,,808.0,,,8330819.0,5343155.0,192906.0
US,Florida,2021-04-22,402,2191038,34696,,3886.0,,781.0,,,8416172.0,5458313.0,186583.0
US,Florida,2021-04-23,403,2196502,34759,,3865.0,,811.0,,,8496266.0,5578946.0,184891.0
US,Florida,2021-04-24,404,2203913,34812,,3766.0,,767.0,,,8561469.0,5701137.0,174740.0
US,Florida,2021-04-25,405,2208584,34848,,3719.0,,809.0,,,8637660.0,5831490.0,152192.0
US,Florida,2021-04-26,406,2212097,34912,,3843.0,,802.0,,,8706265.0,5906447.0,172678.0
US,Florida,2021-04-27,407,2217368,34958,,3872.0,,827.0,,,8755697.0,5946271.0,173147.0
US,Florida,2021-04-28,408,2222546,35030,,3886.0,,829.0,,,8819692.0,6033594.0,171188.0
US,Florida,2021-04-29,409,2228212,35084,,3821.0,,834.0,,,8879732.0,6136199.0,165262.0
US,Florida,2021-04-30,410,2233518,35161,,3728.0,,808.0,,,8939454.0,6224705.0,156839.0
US,Florida,2021-05-01,411,2238937,35239,,3571.0,,807.0,,,9084980.0,6410614.0,176482.0
US,Florida,2021-05-02,412,2242778,35268,,3626.0,,803.0,,,9086831.0,6413816.0,146980.0
US,Florida,2021-05-03,413,2245853,35307,,3685.0,,832.0,,,9116787.0,6461145.0,136806.0
US,Florida,2021-05-04,414,2249535,35399,,3791.0,,808.0,,,9138942.0,6481275.0,129632.0
US,Florida,2021-05-05,415,2253929,35478,,3675.0,,770.0,,,9184860.0,6553069.0,124384.0
US,Florida,2021-05-06,416,2258433,35549,,3528.0,,760.0,,,9264665.0,6664283.0,125626.0
US,Florida,2021-05-07,417,2262598,35635,,3457.0,,731.0,,,9332355.0,6792148.0,132080.0
US,Florida,2021-05-08,418,2266575,35700,,3306.0,,718.0,,,9402537.0,6893295.0,109127.0
US,Florida,2021-05-09,419,2269806,35731,,3229.0,,716.0,,,9460421.0,7018269.0,134198.0
US,Florida,2021-05-10,420,2272102,35783,,3257.0,,733.0,,,9522200.0,7129654.0,147489.0
US,Florida,2021-05-11,421,2275365,35831,,3373.0,,738.0,,,9567391.0,7195443.0,155908.0
US,Florida,2021-05-12,422,2278549,35882,,3443.0,,719.0,,,9608209.0,7264532.0,154214.0
US,Florida,2021-05-13,423,2282613,35929,,3363.0,,700.0,,,9655320.0,7359406.0,149261.0
US,Florida,2021-05-14,424,2286203,36000,,3338.0,,686.0,,,9696388.0,7437086.0,138343.0
US,Florida,2021-05-15,425,2289522,36056,,3193.0,,681.0,,,9809136.0,7607709.0,153406.0
US,Florida,2021-05-16,426,2292004,36075,,3089.0,,675.0,,,9811034.0,7610484.0,128252.0
US,Florida,2021-05-17,427,2293980,36133,,3103.0,,684.0,,,9858497.0,7667248.0,118952.0
US,Florida,2021-05-18,428,2296785,36227,,3055.0,,654.0,,,9894458.0,7708335.0,115068.0
US,Florida,2021-05-19,429,2299596,36271,,2988.0,,622.0,,,9934559.0,7765264.0,113079.0
US,Florida,2021-05-20,430,2302489,36347,,2899.0,,609.0,,,10013464.0,7842314.0,115226.0
US,Florida,2021-05-21,431,2304860,36441,,2746.0,,598.0,,,10078705.0,7907005.0,116480.0
US,Florida,2021-05-22,432,2308266,36463,,2623.0,,593.0,,,10180237.0,7985126.0,102958.0
US,Florida,2021-05-23,433,2310335,36474,,2607.0,,582.0,,,10228992.0,8035859.0,115828.0
US,Florida,2021-05-24,434,2311941,36501,,2597.0,,588.0,,,10271300.0,8077640.0,112229.0
US,Florida,2021-05-25,435,2313815,36581,,2632.0,,580.0,,,10300783.0,8108043.0,109670.0
US,Florida,2021-05-26,436,2316142,36647,,2555.0,,578.0,,,10341847.0,8151970.0,107894.0
US,Florida,2021-05-27,437,2318480,36733,,2552.0,,558.0,,,10390827.0,8205341.0,99723.0
US,Florida,2021-05-28,438,2320818,36774,,2471.0,,565.0,,,10437219.0,8254241.0,94865.0
US,Florida,2021-05-29,439,2320818,36774,,2408.0,,554.0,,,10481744.0,8304027.0,81944.0
US,Florida,2021-05-30,440,2320818,36774,,2377.0,,555.0,,,10523659.0,8351416.0,80619.0
US,Florida,2021-05-31,441,2320818,36774,,2333.0,,544.0,,,10523659.0,8351416.0,77932.0
US,Florida,2021-06-01,442,2326755,36869,,2355.0,,540.0,,,10589244.0,8414881.0,78681.0
US,Florida,2021-06-02,443,2327989,36924,,2324.0,,513.0,,,10612421.0,8439014.0,73826.0
US,Florida,2021-06-03,444,2329867,36973,,2314.0,,499.0,,,10634811.0,8468675.0,67133.0
US,Florida,2021-06-04,445,2329867,36985,,2177.0,,490.0,,,10667209.0,8510451.0,64299.0
US,Florida,2021-06-05,446,2332867,36985,,2048.0,,462.0,,,10717765.0,8561621.0,65464.0
US,Florida,2021-06-06,447,2332867,36985,,2048.0,,461.0,,,10755920.0,8609004.0,65040.0
US,Florida,2021-06-07,448,2332867,36985,,1796.0,,433.0,,,10792205.0,8657883.0,68096.0
US,Florida,2021-06-08,449,2332867,36985,,2071.0,,475.0,,,10821863.0,8697027.0,68572.0
US,Florida,2021-06-09,450,2332867,36985,,1979.0,,463.0,,,10858468.0,8745806.0,74121.0
US,Florida,2021-06-10,451,2332867,36985,,1912.0,,459.0,,,10900234.0,8814001.0,82540.0
US,Florida,2021-06-11,452,2344321,37265,,1875.0,,454.0,,,10900940.0,8814496.0,72565.0
US,Florida,2021-06-12,453,2344321,37265,,1886.0,,443.0,,,10960053.0,8897354.0,78642.0
US,Florida,2021-06-13,454,2344321,37265,,1877.0,,432.0,,,11000089.0,8950349.0,79898.0
US,Florida,2021-06-14,455,2344321,37265,,1868.0,,428.0,,,11053390.0,9115201.0,97028.0
US,Florida,2021-06-15,456,2344321,37265,,1891.0,,395.0,,,11084450.0,9169529.0,99024.0
US,Florida,2021-06-16,457,2344321,37265,,1913.0,,402.0,,,11085890.0,9170862.0,87343.0
US,Florida,2021-06-17,458,2344321,37265,,1884.0,,412.0,,,11164738.0,9302225.0,101751.0
US,Florida,2021-06-18,459,2354416,37555,,1863.0,,410.0,,,11195096.0,9348774.0,112289.0
US,Florida,2021-06-19,460,2354416,37555,,1788.0,,424.0,,,11231862.0,9398112.0,104335.0
US,Florida,2021-06-20,461,2354416,37555,,1804.0,,411.0,,,11284173.0,9469609.0,108407.0
US,Florida,2021-06-21,462,2354416,37555,,1832.0,,426.0,,,11284886.0,9470079.0,79854.0
US,Florida,2021-06-22,463,2354416,37555,,1861.0,,418.0,,,11302856.0,9493764.0,74557.0
US,Florida,2021-06-23,464,2354416,37555,,1892.0,,417.0,,,11322985.0,9517132.0,80393.0
US,Florida,2021-06-24,465,2354416,37555,,1878.0,,401.0,,,11351820.0,9545070.0,58528.0
US,Florida,2021-06-25,466,2365464,37772,,1901.0,,408.0,,,11386007.0,9597221.0,60134.0
US,Florida,2021-06-26,467,2365464,37772,,1852.0,,401.0,,,11415412.0,9634607.0,57523.0
US,Florida,2021-06-27,468,2365464,37772,,1888.0,,403.0,,,11416666.0,9635781.0,40719.0
US,Florida,2021-06-28,469,2365464,37772,,1972.0,,436.0,,,11476836.0,9796545.0,72108.0
US,Florida,2021-06-29,470,2365464,37772,,2060.0,,445.0,,,11493962.0,9814909.0,71344.0
US,Florida,2021-06-30,471,2365464,37772,,2131.0,,433.0,,,11520560.0,9842541.0,72155.0
US,Florida,2021-07-01,472,2365464,37772,,2142.0,,424.0,,,11546951.0,9868893.0,71542.0
US,Florida,2021-07-02,473,2381148,37985,,2164.0,,443.0,,,11573065.0,9899538.0,67204.0
US,Florida,2021-07-03,474,2381148,37985,,2178.0,,462.0,,,11596794.0,9922560.0,64313.0
US,Florida,2021-07-04,475,2381148,37985,,2240.0,,493.0,,,11642136.0,9968347.0,76734.0
US,Florida,2021-07-05,476,2381148,37985,,2304.0,,528.0,,,11642136.0,9968347.0,47494.0
US,Florida,2021-07-06,477,2381148,37985,,2484.0,,549.0,,,11660001.0,9983279.0,44863.0
US,Florida,2021-07-07,478,2381148,37985,,2637.0,,566.0,,,11667862.0,9990655.0,39991.0
US,Florida,2021-07-08,479,2381148,37985,,2801.0,,606.0,,,11693212.0,10015837.0,39911.0
US,Florida,2021-07-09,480,2404895,38157,,2868.0,,603.0,,,11717377.0,10039580.0,38596.0
US,Florida,2021-07-10,481,2404895,38157,,3011.0,,631.0,,,11740921.0,10064763.0,38827.0
US,Florida,2021-07-11,482,2404895,38157,,3151.0,,655.0,,,11763654.0,10086805.0,32535.0
US,Florida,2021-07-12,483,2404895,38157,,3344.0,,699.0,,,11787948.0,10109521.0,36682.0
US,Florida,2021-07-13,484,2404895,38157,,3549.0,,745.0,,,11806684.0,10124706.0,39093.0
US,Florida,2021-07-14,485,2404895,38157,,3778.0,,776.0,,,11825212.0,10142856.0,42347.0
US,Florida,2021-07-15,486,2404895,38157,,3967.0,,805.0,,,11849710.0,10166351.0,42099.0
US,Florida,2021-07-16,487,2450344,38388,,4187.0,,871.0,,,11851154.0,10167736.0,35837.0
US,Florida,2021-07-17,488,2450344,38388,,4337.0,,881.0,,,11903156.0,10220834.0,43965.0
US,Florida,2021-07-18,489,2450344,38388,,4641.0,,959.0,,,11927303.0,10240997.0,44048.0
US,Florida,2021-07-19,490,2450344,38388,,5173.0,,1059.0,,,11952318.0,10260280.0,43872.0
US,Florida,2021-07-20,491,2450344,38388,,5455.0,,1132.0,,,11973220.0,10277618.0,44045.0
US,Florida,2021-07-21,492,2450344,38388,,5951.0,,1224.0,,,11998594.0,10296106.0,45153.0
US,Florida,2021-07-22,493,2450344,38388,,6341.0,,1307.0,,,12031065.0,10320953.0,46499.0
US,Florida,2021-07-23,494,2523510,38670,,6832.0,,1417.0,,,12063754.0,10342062.0,54070.0
US,Florida,2021-07-24,495,2523510,38670,,7119.0,,1493.0,,,12089682.0,10358458.0,45341.0
US,Florida,2021-07-25,496,2523510,38670,,7693.0,,1612.0,,,12177959.0,10407543.0,58803.0
US,Florida,2021-07-26,497,2523510,38670,,8253.0,,1702.0,,,12178682.0,10407789.0,52672.0
US,Florida,2021-07-27,498,2523510,38670,,8897.0,,1756.0,,,12210846.0,10422399.0,54490.0
US,Florida,2021-07-28,499,2523510,38670,,9378.0,,1843.0,,,12248344.0,10435795.0,55431.0
US,Florida,2021-07-29,500,2523510,38670,,9777.0,,1964.0,,,12295768.0,10456350.0,57003.0
US,Florida,2021-07-30,501,2634234,39079,,10315.0,,2075.0,,,12344424.0,10474974.0,58800.0
US,Florida,2021-07-31,502,2634234,39079,,10817.0,,2169.0,,,12392995.0,10497212.0,62794.0
US,Florida,2021-08-01,503,2634234,39079,,11261.0,,2288.0,,,12449521.0,10518519.0,54211.0
US,Florida,2021-08-02,504,2634234,39079,,11959.0,,2422.0,,,12497138.0,10535074.0,63355.0
US,Florida,2021-08-03,505,2634234,39079,,12535.0,,2503.0,,,12538951.0,10551931.0,65046.0
US,Florida,2021-08-04,506,2634234,39079,,12955.0,,2587.0,,,12581564.0,10567995.0,66133.0
US,Florida,2021-08-05,507,2634234,39079,,13564.0,,2743.0,,,12637877.0,10588372.0,67364.0
US,Florida,2021-08-06,508,2768985,39695,,14086.0,,2811.0,,,12695299.0,10609339.0,69028.0
US,Florida,2021-08-07,509,2768985,39695,,14148.0,,2884.0,,,12752958.0,10630690.0,70318.0
US,Florida,2021-08-08,510,2768985,39695,,14611.0,,2943.0,,,12807879.0,10651071.0,69944.0
US,Florida,2021-08-09,511,2768985,39695,,15341.0,,3111.0,,,12856655.0,10670383.0,70562.0
US,Florida,2021-08-10,512,2782060,40167,,15557.0,,3127.0,,,12892048.0,10684883.0,69411.0
US,Florida,2021-08-11,513,2806813,40171,,15791.0,,3254.0,,,12933877.0,10704107.0,69913.0
US,Florida,2021-08-12,514,2827469,40528,,15959.0,,3263.0,,,12967103.0,10720783.0,66001.0
US,Florida,2021-08-13,515,2920749,40766,,16187.0,,3338.0,,,13022776.0,10746993.0,66475.0
US,Florida,2021-08-14,516,2920749,40766,,16092.0,,3420.0,,,13083104.0,10780744.0,68720.0
US,Florida,2021-08-15,517,2920749,40766,,16438.0,,3503.0,,,13134345.0,10813286.0,69997.0
US,Florida,2021-08-16,518,2933429,41123,,16827.0,,3593.0,,,13174939.0,10842793.0,70284.0
US,Florida,2021-08-17,519,2955098,41130,,17197.0,,3673.0,,,13209116.0,10863504.0,72058.0
US,Florida,2021-08-18,520,2978433,41138,,17380.0,,3636.0,,,13242261.0,10891932.0,72942.0
US,Florida,2021-08-19,521,2994019,41937,,17215.0,,3602.0,,,13283939.0,10926175.0,78137.0
US,Florida,2021-08-20,522,3071489,42252,,17234.0,,3605.0,,,13328388.0,10961995.0,79623.0
US,Florida,2021-08-21,523,3071489,42252,,17136.0,,3591.0,,,13370388.0,10998494.0,79327.0
US,Florida,2021-08-22,524,3071489,42252,,17351.0,,3629.0,,,13440380.0,11073889.0,91755.0
US,Florida,2021-08-23,525,3082733,42716,,17367.0,,3671.0,,,13441866.0,11074498.0,81788.0
US,Florida,2021-08-24,526,3103941,42722,,17150.0,,3714.0,,,13467374.0,11102484.0,81419.0
US,Florida,2021-08-25,527,3130144,42731,,16768.0,,3713.0,,,13500540.0,11137284.0,82565.0
US,Florida,2021-08-26,528,3151909,43632,,16539.0,,3650.0,,,13502852.0,11138433.0,70519.0
US,Florida,2021-08-27,529,3223249,43979,,16265.0,,3613.0,,,13574363.0,11219987.0,82513.0
US,Florida,2021-08-28,530,3223249,43979,,15755.0,,3510.0,,,13612965.0,11262689.0,82585.0
US,Florida,2021-08-29,531,3223249,43979,,15818.0,,3559.0,,,13650582.0,11305552.0,71426.0
US,Florida,2021-08-30,532,3231846,44553,,15749.0,,3487.0,,,13682086.0,11350651.0,83697.0
US,Florida,2021-08-31,533,3250454,44561,,15491.0,,3413.0,,,13705058.0,11383472.0,84094.0
US,Florida,2021-09-01,534,3269502,44571,,15138.0,,3394.0,,,13736376.0,11423459.0,84737.0
US,Florida,2021-09-02,535,3291225,45909,,14763.0,,3325.0,,,13773149.0,11468372.0,98059.0
US,Florida,2021-09-03,536,3352451,46324,,14179.0,,3269.0,,,13806568.0,11508250.0,84917.0
US,Florida,2021-09-04,537,3352451,46324,,13760.0,,3170.0,,,13839624.0,11546840.0,83609.0
US,Florida,2021-09-05,538,3352451,46324,,13619.0,,3160.0,,,13839624.0,11546840.0,70439.0
US,Florida,2021-09-06,539,3352451,46324,,13563.0,,3140.0,,,13839624.0,11546840.0,58242.0
US,Florida,2021-09-07,540,3364998,46973,,13381.0,,3077.0,,,13843588.0,11548538.0,49494.0
US,Florida,2021-09-08,541,3378772,46977,,12994.0,,3065.0,,,13941335.0,11673147.0,74459.0
US,Florida,2021-09-09,542,3391158,48273,,12609.0,,2957.0,,,13955624.0,11691263.0,66233.0
US,Florida,2021-09-10,543,3452700,48772,,12166.0,,2902.0,,,13983394.0,11736562.0,66079.0
US,Florida,2021-09-11,544,3452700,48772,,11437.0,,2772.0,,,14011241.0,11772612.0,64788.0
US,Florida,2021-09-12,545,3452700,48772,,11244.0,,2737.0,,,14039209.0,11809414.0,75611.0
US,Florida,2021-09-13,546,3452700,49251,,10986.0,,2701.0,,,14065421.0,11845110.0,85366.0
US,Florida,2021-09-14,547,3453390,49254,,10556.0,,2602.0,,,14085958.0,11872566.0,92435.0
US,Florida,2021-09-15,548,3464113,49257,,10123.0,,2521.0,,,14107610.0,11900631.0,64174.0
US,Florida,2021-09-16,549,3473873,50811,,9563.0,,2443.0,,,14133874.0,11934140.0,68662.0
US,Florida,2021-09-17,550,3528698,51240,,9294.0,,2389.0,,,14156730.0,11966293.0,65760.0
US,Florida,2021-09-18,551,3528698,51240,,8829.0,,2282.0,,,14175543.0,11992505.0,62471.0
US,Florida,2021-09-19,552,3528698,51240,,8670.0,,2249.0,,,14177664.0,11993732.0,51804.0
US,Florida,2021-09-20,553,3528698,51884,,8486.0,,2203.0,,,14219163.0,12059260.0,59448.0
US,Florida,2021-09-21,554,3528698,51889,,8172.0,,2118.0,,,14233693.0,12081811.0,58037.0
US,Florida,2021-09-22,555,3527250,51892,,7875.0,,2035.0,,,14246393.0,12100836.0,55322.0
US,Florida,2021-09-23,556,3531465,53105,,7433.0,,1930.0,,,14265477.0,12130630.0,53751.0
US,Florida,2021-09-24,557,3582807,53580,,7133.0,,1865.0,,,14280836.0,12154279.0,51333.0
US,Florida,2021-09-25,558,3582807,53580,,6712.0,,1779.0,,,14300760.0,12187692.0,52934.0
US,Florida,2021-09-26,559,3582807,53580,,6533.0,,1706.0,,,14319369.0,12218505.0,61492.0
US,Florida,2021-09-27,560,3582807,54063,,6442.0,,1675.0,,,14335244.0,12244625.0,52315.0
US,Florida,2021-09-28,561,3582807,54067,,6158.0,,1590.0,,,14347062.0,12263256.0,53385.0
US,Florida,2021-09-29,562,3582807,54071,,5786.0,,1516.0,,,14349393.0,12264110.0,48224.0
US,Florida,2021-09-30,563,3582807,55009,,5450.0,,1419.0,,,14377111.0,12301042.0,55369.0
US,Florida,2021-10-01,564,3620106,55299,,5211.0,,1357.0,,,14392083.0,12319184.0,57015.0
US,Florida,2021-10-02,565,3620106,55299,,4836.0,,1314.0,,,14402644.0,12331727.0,53686.0
US,Florida,2021-10-03,566,3620106,55299,,4645.0,,1262.0,,,14406137.0,12332537.0,45157.0
US,Florida,2021-10-04,567,3620106,55619,,4584.0,,1212.0,,,14449386.0,12403083.0,66328.0
US,Florida,2021-10-05,568,3620106,55622,,4555.0,,1187.0,,,14461265.0,12421289.0,65662.0
US,Florida,2021-10-06,569,3620106,55625,,4377.0,,1133.0,,,14476194.0,12441401.0,72980.0
US,Florida,2021-10-07,570,3620106,56407,,4219.0,,1089.0,,,14487330.0,12453971.0,63720.0
US,Florida,2021-10-08,571,3645290,56667,,3934.0,,1073.0,,,14512783.0,12485973.0,67614.0
US,Florida,2021-10-09,572,3645290,56667,,3709.0,,997.0,,,14528401.0,12505089.0,70836.0
US,Florida,2021-10-10,573,3645290,56667,,3627.0,,980.0,,,14528401.0,12505089.0,76100.0
US,Florida,2021-10-11,574,3645290,56667,,3574.0,,955.0,,,14528401.0,12505089.0,52158.0
US,Florida,2021-10-12,575,3645290,57300,,3468.0,,913.0,,,14558236.0,12545800.0,51544.0
US,Florida,2021-10-13,576,3645290,57303,,3348.0,,913.0,,,14570859.0,12560764.0,50102.0
US,Florida,2021-10-14,577,3645290,57711,,3247.0,,889.0,,,14589256.0,12584219.0,53793.0
US,Florida,2021-10-15,578,3664097,57859,,3079.0,,821.0,,,14603834.0,12601523.0,49318.0
US,Florida,2021-10-16,579,3664097,57859,,2986.0,,803.0,,,14617624.0,12616885.0,47873.0
US,Florida,2021-10-17,580,3664097,57859,,2848.0,,784.0,,,14633623.0,12636057.0,51563.0
US,Florida,2021-10-18,581,3664097,58142,,2855.0,,760.0,,,14645557.0,12650993.0,52409.0
US,Florida,2021-10-19,582,3664097,58143,,2722.0,,728.0,,,14654112.0,12660652.0,50867.0
US,Florida,2021-10-20,583,3664097,58143,,2617.0,,661.0,,,14667780.0,12675668.0,51542.0
US,Florida,2021-10-21,584,3664097,58608,,2523.0,,624.0,,,14669594.0,12676687.0,42046.0
US,Florida,2021-10-22,585,3678661,58803,,2440.0,,608.0,,,14724066.0,12721909.0,48650.0
US,Florida,2021-10-23,586,3678661,58803,,2345.0,,599.0,,,14736801.0,12735114.0,48103.0
US,Florida,2021-10-24,587,3678661,58803,,2291.0,,579.0,,,14749133.0,12747667.0,46174.0
US,Florida,2021-10-25,588,3678661,58933,,2320.0,,571.0,,,14757995.0,12756457.0,46136.0
US,Florida,2021-10-26,589,3678661,58933,,2250.0,,572.0,,,14766687.0,12764431.0,48773.0
US,Florida,2021-10-27,590,3678661,58933,,2217.0,,540.0,,,14782271.0,12777846.0,51398.0
US,Florida,2021-10-28,591,3678661,59495,,2165.0,,519.0,,,14800606.0,12793276.0,65365.0
US,Florida,2021-10-29,592,3690812,59670,,2073.0,,489.0,,,14813872.0,12804444.0,60037.0
US,Florida,2021-10-30,593,3690812,59670,,1974.0,,476.0,,,14829957.0,12817639.0,65723.0
US,Florida,2021-10-31,594,3690812,59670,,1907.0,,466.0,,,14846690.0,12832435.0,71087.0
US,Florida,2021-11-01,595,3690812,59670,,1902.0,,454.0,,,14858582.0,12843259.0,74315.0
US,Florida,2021-11-02,596,3690812,59670,,1877.0,,421.0,,,14867001.0,12850223.0,73537.0
US,Florida,2021-11-03,597,3690812,59670,,1827.0,,414.0,,,14879879.0,12860793.0,72549.0
US,Florida,2021-11-04,598,3690812,59670,,1729.0,,397.0,,,14894249.0,12872953.0,69103.0
US,Florida,2021-11-05,599,3701310,60334,,1668.0,,375.0,,,14905682.0,12882180.0,68747.0
US,Florida,2021-11-06,600,3701310,60334,,1619.0,,352.0,,,14917928.0,12891833.0,66166.0
US,Florida,2021-11-07,601,3701310,60334,,1605.0,,356.0,,,14933856.0,12904395.0,65562.0
US,Florida,2021-11-08,602,3701310,60418,,1604.0,,351.0,,,14956791.0,12923685.0,71525.0
US,Florida,2021-11-09,603,3701310,60418,,1567.0,,346.0,,,14973862.0,12929870.0,72404.0
US,Florida,2021-11-10,604,3701310,60418,,1522.0,,330.0,,,14993740.0,12939646.0,72367.0
US,Florida,2021-11-11,605,3701310,60418,,1492.0,,313.0,,,14993740.0,12939646.0,76159.0
US,Florida,2021-11-12,606,3711612,60697,,1463.0,,305.0,,,15049327.0,12968507.0,82183.0
US,Florida,2021-11-13,607,3711612,60698,,1388.0,,300.0,,,15076644.0,12983190.0,87324.0
US,Florida,2021-11-14,608,3711612,60698,,1328.0,,286.0,,,15107036.0,13000113.0,93895.0
US,Florida,2021-11-15,609,3711612,60845,,1363.0,,287.0,,,15131145.0,13009599.0,89369.0
US,Florida,2021-11-16,610,3711612,60846,,1419.0,,283.0,,,15148697.0,13016480.0,90288.0
US,Florida,2021-11-17,611,3711612,60846,,1404.0,,285.0,,,15173508.0,13030030.0,94519.0
US,Florida,2021-11-18,612,3711612,60846,,1395.0,,267.0,,,15196739.0,13042051.0,92412.0
US,Florida,2021-11-19,613,3721503,61081,,1393.0,,255.0,,,15217774.0,13052927.0,89665.0
US,Florida,2021-11-20,614,3721503,61081,,1410.0,,257.0,,,15239070.0,13063842.0,86474.0
US,Florida,2021-11-21,615,3721503,61081,,1375.0,,259.0,,,15259992.0,13075215.0,80023.0
US,Florida,2021-11-22,616,3721503,61147,,1378.0,,259.0,,,15281910.0,13084583.0,80650.0
US,Florida,2021-11-23,617,3721503,61147,,1428.0,,254.0,,,15298425.0,13091601.0,82562.0
US,Florida,2021-11-24,618,3721503,61147,,1367.0,,253.0,,,15318838.0,13100793.0,81530.0
US,Florida,2021-11-25,619,3721503,61147,,1255.0,,243.0,,,15318838.0,13100793.0,80362.0
US,Florida,2021-11-26,620,3721503,61147,,1231.0,,248.0,,,15318838.0,13100793.0,79832.0
US,Florida,2021-11-27,621,3721503,61147,,1307.0,,244.0,,,15318838.0,13100793.0,79228.0
US,Florida,2021-11-28,622,3721503,61147,,1299.0,,244.0,,,15318838.0,13100793.0,78311.0
US,Florida,2021-11-29,623,3721503,61538,,1343.0,,254.0,,,15412472.0,13172459.0,77934.0
US,Florida,2021-11-30,624,3730395,61548,,1340.0,,241.0,,,15422450.0,13184332.0,75471.0
US,Florida,2021-12-01,625,3730395,61548,,1312.0,,239.0,,,15437535.0,13198826.0,73626.0
US,Florida,2021-12-02,626,3730395,61630,,1343.0,,259.0,,,15468294.0,13227652.0,84242.0
US,Florida,2021-12-03,627,3741058,61701,,1311.0,,262.0,,,15485793.0,13240664.0,85287.0
US,Florida,2021-12-04,628,3741058,61701,,1288.0,,250.0,,,15516949.0,13265491.0,96833.0
US,Florida,2021-12-05,629,3741058,61701,,1321.0,,258.0,,,15541524.0,13285963.0,103804.0
US,Florida,2021-12-06,630,3741058,61789,,1369.0,,265.0,,,15562658.0,13307158.0,109077.0
US,Florida,2021-12-07,631,3741058,61789,,1507.0,,249.0,,,15576135.0,13321578.0,112559.0
US,Florida,2021-12-08,632,3741058,61789,,1428.0,,250.0,,,15578059.0,13322353.0,103084.0
US,Florida,2021-12-09,633,3741058,62007,,1377.0,,255.0,,,15579824.0,13322860.0,81419.0
US,Florida,2021-12-10,634,3754042,62026,,1394.0,,248.0,,,15640854.0,13372404.0,112810.0
US,Florida,2021-12-11,635,3754042,62026,,1384.0,,262.0,,,15662193.0,13388584.0,104162.0
US,Florida,2021-12-12,636,3754042,62026,,1400.0,,283.0,,,15681847.0,13403153.0,99746.0
US,Florida,2021-12-13,637,3754042,62073,,1458.0,,280.0,,,15701258.0,13420759.0,96973.0
US,Florida,2021-12-14,638,3754042,62073,,1588.0,,281.0,,,15709995.0,13427577.0,92718.0
US,Florida,2021-12-15,639,3754042,62074,,1575.0,,276.0,,,15730503.0,13445468.0,105355.0
US,Florida,2021-12-16,640,3754042,62191,,1537.0,,276.0,,,15750373.0,13460713.0,118177.0
US,Florida,2021-12-17,641,3782883,62220,,1500.0,,283.0,,,15766979.0,13472644.0,85025.0
US,Florida,2021-12-18,642,3782883,62220,,1584.0,,280.0,,,15788648.0,13486427.0,84643.0
US,Florida,2021-12-19,643,3782883,62220,,1617.0,,279.0,,,15808913.0,13496245.0,83328.0
US,Florida,2021-12-20,644,3782883,62264,,1690.0,,288.0,,,15827856.0,13508670.0,81998.0
US,Florida,2021-12-21,645,3782883,62264,,1918.0,,301.0,,,15842601.0,13517297.0,85110.0
US,Florida,2021-12-22,646,3799661,62264,,2050.0,,307.0,,,15861562.0,13527757.0,83690.0
US,Florida,2021-12-23,647,3832530,62347,,2237.0,,330.0,,,15887600.0,13541346.0,86439.0
US,Florida,2021-12-24,648,3907748,62347,,2323.0,,337.0,,,15887600.0,13541346.0,79831.0
US,Florida,2021-12-25,649,3907748,62347,,2442.0,,356.0,,,15887600.0,13541346.0,69990.0
US,Florida,2021-12-26,650,3907748,62347,,2738.0,,375.0,,,15887600.0,13541346.0,61425.0
US,Florida,2021-12-27,651,3936170,62389,,3277.0,,405.0,,,15915591.0,13555645.0,52930.0
US,Florida,2021-12-28,652,3965229,62390,,3948.0,,457.0,,,15960050.0,13581777.0,71768.0
US,Florida,2021-12-29,653,4012152,62390,,4615.0,,499.0,,,15976216.0,13592919.0,69048.0
US,Florida,2021-12-30,654,4090000,62480,,5184.0,,549.0,,,16001140.0,13607439.0,67372.0
US,Florida,2021-12-31,655,4209927,62504,,5568.0,,593.0,,,16001140.0,13607439.0,71965.0
US,Florida,2022-01-01,656,4209927,62504,,5857.0,,667.0,,,16001140.0,13607439.0,76558.0
US,Florida,2022-01-02,657,4209927,62504,,6504.0,,741.0,,,16001140.0,13607439.0,81151.0
US,Florida,2022-01-03,658,4209927,62504,,7241.0,,820.0,,,16001140.0,13607439.0,85744.0
US,Florida,2022-01-04,659,4360178,62541,,8031.0,,898.0,,,16077670.0,13648680.0,65996.0
US,Florida,2022-01-05,660,4360178,62541,,8681.0,,986.0,,,16093212.0,13659111.0,65183.0
US,Florida,2022-01-06,661,4486276,62622,,9258.0,,1062.0,,,16094653.0,13659557.0,51193.0
US,Florida,2022-01-07,662,4606489,62688,,9761.0,,1168.0,,,16134576.0,13682220.0,64173.0
US,Florida,2022-01-08,663,4633077,62688,,10017.0,,1216.0,,,16154162.0,13693288.0,66483.0
US,Florida,2022-01-09,664,4633077,62688,,10736.0,,1336.0,,,16174833.0,13704741.0,69682.0
US,Florida,2022-01-10,665,4759073,62810,,11233.0,,1398.0,,,16192711.0,13715796.0,71721.0
US,Florida,2022-01-11,666,4806782,62813,,11452.0,,1432.0,,,16206056.0,13723349.0,70509.0
US,Florida,2022-01-12,667,4878524,62819,,11739.0,,1478.0,,,16222855.0,13732461.0,70759.0
US,Florida,2022-01-13,668,4933518,63081,,11656.0,,1481.0,,,16242269.0,13744395.0,80693.0
US,Florida,2022-01-14,669,4992579,63158,,11657.0,,1521.0,,,16259156.0,13754878.0,68412.0
US,Florida,2022-01-15,670,5041918,63158,,11578.0,,1539.0,,,16276201.0,13765229.0,66484.0
US,Florida,2022-01-16,671,5041918,63158,,11541.0,,1564.0,,,16276201.0,13765229.0,62219.0
US,Florida,2022-01-17,672,5041918,63158,,11729.0,,1616.0,,,16276201.0,13765229.0,59115.0
US,Florida,2022-01-18,673,5153539,63455,,11764.0,,1612.0,,,16318755.0,13786379.0,59262.0
US,Florida,2022-01-19,674,5196718,63458,,11646.0,,1631.0,,,16318755.0,13786379.0,51087.0
US,Florida,2022-01-20,675,5242386,63569,,11450.0,,1618.0,,,16441725.0,13866645.0,41024.0
US,Florida,2022-01-21,676,5323337,63763,,11746.0,,1630.0,,,16479588.0,13893520.0,52036.0
US,Florida,2022-01-22,677,5324438,63763,,11371.0,,1604.0,,,16491294.0,13903093.0,49255.0
US,Florida,2022-01-23,678,5324438,63763,,11233.0,,1600.0,,,16502846.0,13912911.0,48312.0
US,Florida,2022-01-24,679,5347828,63763,,10737.0,,1571.0,,,16514443.0,13920775.0,46877.0
US,Florida,2022-01-25,680,5383094,64368,,10629.0,,1540.0,,,16523300.0,13925339.0,43456.0
US,Florida,2022-01-26,681,5420755,64368,,10370.0,,1489.0,,,16535165.0,13933423.0,48697.0
US,Florida,2022-01-27,682,5448288,64368,,9853.0,,1470.0,,,16544800.0,13943699.0,54366.0
US,Florida,2022-01-28,683,5522206,64955,,9647.0,,1452.0,,,16554812.0,13953387.0,39128.0
US,Florida,2022-01-29,684,5522206,64955,,9195.0,,1424.0,,,16564038.0,13962382.0,37889.0
US,Florida,2022-01-30,685,5522206,64955,,9036.0,,1367.0,,,16573611.0,13971855.0,36296.0
US,Florida,2022-01-31,686,5535803,65265,,8963.0,,1350.0,,,16582107.0,13981450.0,35210.0
US,Florida,2022-02-01,687,5555874,65271,,8636.0,,1331.0,,,16588933.0,13987885.0,34520.0
US,Florida,2022-02-02,688,5572757,65273,,8428.0,,1300.0,,,16597775.0,13995404.0,33270.0
US,Florida,2022-02-03,689,5572757,65273,,8142.0,,1251.0,,,16605509.0,14004494.0,32081.0
US,Florida,2022-02-04,690,5653565,66282,,7752.0,,1193.0,,,16612817.0,14011491.0,30511.0
US,Florida,2022-02-05,691,5653905,66279,,7366.0,,1118.0,,,16621605.0,14020139.0,29677.0
US,Florida,2022-02-06,692,5653905,66279,,7299.0,,1143.0,,,16630432.0,14029420.0,29047.0
US,Florida,2022-02-07,693,5680958,66463,,7334.0,,1135.0,,,16638144.0,14038520.0,28636.0
US,Florida,2022-02-08,694,5700264,66465,,7101.0,,1108.0,,,16646953.0,14044921.0,28748.0
US,Florida,2022-02-09,695,5713185,66468,,6730.0,,1043.0,,,16653689.0,14051493.0,28180.0
US,Florida,2022-02-10,696,5723066,67322,,6288.0,,992.0,,,16661569.0,14059401.0,27672.0
US,Florida,2022-02-11,697,5776333,67572,,5920.0,,928.0,,,16668424.0,14066377.0,27753.0
US,Florida,2022-02-12,698,5776333,67572,,5588.0,,911.0,,,16674619.0,14072842.0,26899.0
US,Florida,2022-02-13,699,5776333,67572,,5436.0,,892.0,,,16675301.0,14073160.0,22581.0
US,Florida,2022-02-14,700,5776333,67910,,5374.0,,880.0,,,16686208.0,14085719.0,24257.0
US,Florida,2022-02-15,701,5776333,67911,,5123.0,,834.0,,,16691418.0,14090585.0,22987.0
US,Florida,2022-02-16,702,5776333,67914,,4848.0,,791.0,,,16698587.0,14095474.0,22449.0
US,Florida,2022-02-17,703,5776333,68572,,4598.0,,741.0,,,16705821.0,14106658.0,37295.0
US,Florida,2022-02-18,704,5818706,68902,,4396.0,,731.0,,,16711490.0,14112498.0,36611.0
US,Florida,2022-02-19,705,5818706,68902,,4087.0,,679.0,,,16717084.0,14118218.0,36289.0
US,Florida,2022-02-20,706,5818706,68902,,3896.0,,652.0,,,16717084.0,14118218.0,38850.0
US,Florida,2022-02-21,707,5818706,68902,,3815.0,,636.0,,,16717084.0,14118218.0,35184.0
US,Florida,2022-02-22,708,5818706,68955,,3695.0,,626.0,,,16731759.0,14133708.0,35529.0
US,Florida,2022-02-23,709,5818706,68955,,3551.0,,590.0,,,16742267.0,14140275.0,36044.0
US,Florida,2022-02-24,710,5818706,69553,,3305.0,,556.0,,,16742267.0,14140275.0,17213.0
US,Florida,2022-02-25,711,5818706,69554,,3117.0,,515.0,,,16742331.0,14140496.0,14359.0
US,Florida,2022-02-26,712,5844229,69790,,2976.0,,477.0,,,16757645.0,14155716.0,19608.0
US,Florida,2022-02-27,713,5844229,69790,,2857.0,,462.0,,,16757645.0,14155716.0,19593.0
US,Florida,2022-02-28,714,5844096,70084,,2776.0,,433.0,,,16767428.0,14165710.0,19579.0
US,Florida,2022-03-01,715,5844096,70247,,2674.0,,432.0,,,16771173.0,14169133.0,18814.0
US,Florida,2022-03-02,716,5844096,70247,,2556.0,,424.0,,,16778799.0,14173431.0,18145.0
US,Florida,2022-03-03,717,5844096,70789,,2402.0,,372.0,,,16783948.0,14178300.0,20725.0
US,Florida,2022-03-04,718,5858052,70997,,2247.0,,333.0,,,16788577.0,14182677.0,23040.0
US,Florida,2022-03-05,719,5858052,70997,,2060.0,,324.0,,,16793176.0,14186950.0,17138.0
US,Florida,2022-03-06,720,5858052,70997,,2001.0,,307.0,,,16797416.0,14190955.0,16739.0
US,Florida,2022-03-07,721,5858052,71326,,2021.0,,300.0,,,16800872.0,14194505.0,16013.0
US,Florida,2022-03-08,722,5858052,71326,,1911.0,,291.0,,,16803838.0,14197009.0,15522.0
US,Florida,2022-03-09,723,5858052,71397,,1891.0,,268.0,,,16808986.0,14203378.0,15827.0
US,Florida,2022-03-10,724,5858052,71474,,1807.0,,252.0,,,16813141.0,14207223.0,15299.0
US,Florida,2022-03-11,725,5868330,71860,,1677.0,,239.0,,,16816447.0,14210657.0,14825.0
US,Florida,2022-03-12,726,5868263,71860,,1585.0,,230.0,,,16819906.0,14213956.0,14300.0
US,Florida,2022-03-13,727,5868263,71860,,1544.0,,215.0,,,16823271.0,14217598.0,13942.0
US,Florida,2022-03-14,728,5868263,72039,,1524.0,,223.0,,,16826250.0,14220528.0,13557.0
US,Florida,2022-03-15,729,5868263,72055,,1565.0,,221.0,,,16829043.0,14222654.0,13342.0
US,Florida,2022-03-16,730,5868263,72246,,1535.0,,224.0,,,16829431.0,14223127.0,10257.0
US,Florida,2022-03-17,731,5868263,72443,,1496.0,,198.0,,,16837600.0,14229442.0,12003.0
US,Florida,2022-03-18,732,5868263,72592,,1467.0,,196.0,,,16843848.0,14234524.0,12609.0
US,Florida,2022-03-19,733,5868263,72704,,1339.0,,184.0,,,16847575.0,14237748.0,12757.0
US,Florida,2022-03-20,734,5868263,72704,,1358.0,,176.0,,,16851411.0,14240942.0,12894.0
US,Florida,2022-03-21,735,5868263,72767,,1333.0,,178.0,,,16854522.0,14243320.0,13028.0
US,Florida,2022-03-22,736,5868263,72828,,1284.0,,159.0,,,16856743.0,14245008.0,13060.0
US,Florida,2022-03-23,737,5868263,72880,,1263.0,,139.0,,,16859953.0,14247760.0,14710.0
US,Florida,2022-03-24,738,5868263,72946,,1212.0,,145.0,,,16864445.0,14251619.0,13023.0
US,Florida,2022-03-25,739,5885004,73027,,1171.0,,142.0,,,16867737.0,14254677.0,12331.0
US,Florida,2022-03-26,740,5885004,73027,,1182.0,,139.0,,,16871236.0,14257680.0,12211.0
US,Florida,2022-03-27,741,5885004,73027,,1092.0,,133.0,,,16876190.0,14261612.0,12203.0
US,Florida,2022-03-28,742,5885004,73134,,1095.0,,125.0,,,16879046.0,14263907.0,12094.0
US,Florida,2022-03-29,743,5885004,73136,,1108.0,,123.0,,,16883243.0,14265636.0,12293.0
US,Florida,2022-03-30,744,5885004,73138,,1089.0,,125.0,,,16886859.0,14268442.0,12258.0
US,Florida,2022-03-31,745,5885004,73138,,1080.0,,119.0,,,16891695.0,14271700.0,12151.0
US,Florida,2022-04-01,746,5885004,73282,,1064.0,,112.0,,,16895717.0,14275246.0,13024.0
US,Florida,2022-04-02,747,5885004,73290,,956.0,,105.0,,,16899852.0,14279224.0,15816.0
US,Florida,2022-04-03,748,5885004,73290,,948.0,,106.0,,,16904576.0,14283629.0,19749.0
US,Florida,2022-04-04,749,5885004,73409,,960.0,,104.0,,,16908603.0,14287349.0,23781.0
US,Florida,2022-04-05,750,5885004,73411,,1029.0,,90.0,,,16912439.0,14290114.0,26225.0
US,Florida,2022-04-06,751,5885004,73456,,1055.0,,94.0,,,16916772.0,14293450.0,28741.0
US,Florida,2022-04-07,752,5885004,73496,,1012.0,,100.0,,,16921670.0,14297672.0,32246.0
US,Florida,2022-04-08,753,5906352,73538,,985.0,,106.0,,,16926340.0,14301926.0,34938.0
US,Florida,2022-04-09,754,5906352,73555,,919.0,,102.0,,,16932213.0,14306200.0,35969.0
US,Florida,2022-04-10,755,5906352,73555,,909.0,,101.0,,,16936993.0,14310194.0,35539.0
US,Florida,2022-04-11,756,5906352,73583,,928.0,,106.0,,,16940594.0,14313448.0,34671.0
US,Florida,2022-04-12,757,5906352,73588,,993.0,,105.0,,,16941449.0,14313744.0,30852.0
US,Florida,2022-04-13,758,5906352,73622,,1016.0,,96.0,,,16949893.0,14319969.0,34936.0
US,Florida,2022-04-14,759,5906352,73656,,989.0,,111.0,,,16954688.0,14324361.0,35406.0
US,Florida,2022-04-15,760,5906352,73689,,1025.0,,110.0,,,16959927.0,14328714.0,35774.0
US,Florida,2022-04-16,761,5906352,73689,,981.0,,102.0,,,16959927.0,14328714.0,33034.0
US,Florida,2022-04-17,762,5906352,73689,,1017.0,,104.0,,,16966237.0,14333746.0,30448.0
US,Florida,2022-04-18,763,5906352,73738,,1056.0,,89.0,,,16971378.0,14337634.0,31075.0
US,Florida,2022-04-19,764,5906352,73738,,1074.0,,97.0,,,16977412.0,14342962.0,38064.0
US,Florida,2022-04-20,765,5906352,73759,,1111.0,,88.0,,,16980563.0,14345230.0,32103.0
US,Florida,2022-04-21,766,5906352,73789,,1114.0,,82.0,,,16985886.0,14349717.0,31439.0
US,Florida,2022-04-22,767,5942723,73830,,1051.0,,92.0,,,16985886.0,14349717.0,30600.0
US,Florida,2022-04-23,768,5942723,73830,,1035.0,,87.0,,,16997978.0,14357282.0,32608.0
US,Florida,2022-04-24,769,5942723,73830,,1029.0,,85.0,,,17003050.0,14361175.0,34909.0
US,Florida,2022-04-25,770,5942723,73864,,1041.0,,79.0,,,17006000.0,14363750.0,33062.0
US,Florida,2022-04-26,771,5942723,73869,,1128.0,,86.0,,,17009660.0,14366030.0,28832.0
US,Florida,2022-04-27,772,5942723,73897,,1161.0,,87.0,,,17013710.0,14370106.0,30044.0
US,Florida,2022-04-28,773,5942723,73928,,1217.0,,101.0,,,17013710.0,14370106.0,28896.0
US,Florida,2022-04-29,774,5942723,73948,,1220.0,,95.0,,,17023097.0,14377681.0,28217.0
US,Florida,2022-04-30,775,5942723,73948,,1211.0,,94.0,,,17026945.0,14381008.0,27346.0
US,Florida,2022-05-01,776,5942723,73948,,1258.0,,83.0,,,17033775.0,14386647.0,27026.0
US,Florida,2022-05-02,777,5942723,74005,,1298.0,,97.0,,,17035838.0,14388458.0,26148.0
US,Florida,2022-05-03,778,5941724,74010,,1358.0,,104.0,,,17038777.0,14390827.0,25745.0
US,Florida,2022-05-04,779,5946185,74008,,1413.0,,109.0,,,17039378.0,14391103.0,22305.0
US,Florida,2022-05-05,780,5952643,74039,,1346.0,,101.0,,,17046013.0,14396898.0,24738.0
US,Florida,2022-05-06,781,6002153,74060,,1327.0,,106.0,,,17049855.0,14400326.0,24152.0
US,Florida,2022-05-07,782,6002153,74085,,1361.0,,110.0,,,17054791.0,14404121.0,23944.0
US,Florida,2022-05-08,783,6002153,74085,,1346.0,,104.0,,,17055254.0,14404337.0,19115.0
US,Florida,2022-05-09,784,6002153,74108,,1392.0,,107.0,,,17055574.0,14404449.0,16535.0
US,Florida,2022-05-10,785,6002153,74113,,1527.0,,134.0,,,17063471.0,14411629.0,22507.0
US,Florida,2022-05-11,786,6002153,74133,,1563.0,,156.0,,,17063471.0,14411629.0,25371.0
US,Florida,2022-05-12,787,6002153,74158,,1586.0,,130.0,,,17069344.0,14417209.0,21623.0
US,Florida,2022-05-13,788,6002153,74178,,1715.0,,145.0,,,17072996.0,14420444.0,21702.0
US,Florida,2022-05-14,789,6002153,74178,,1737.0,,155.0,,,17076712.0,14423617.0,21613.0
US,Florida,2022-05-15,790,6002153,74178,,1935.0,,149.0,,,17077235.0,14423843.0,21610.0
US,Florida,2022-05-16,791,6021780,74239,,1846.0,,184.0,,,17077588.0,14423956.0,21610.0
US,Florida,2022-05-17,792,6030141,74241,,1890.0,,180.0,,,17085994.0,14431003.0,22727.0
US,Florida,2022-05-18,793,6039475,74272,,1942.0,,168.0,,,17088834.0,14433425.0,22496.0
US,Florida,2022-05-19,794,6049740,74295,,2000.0,,178.0,,,17092425.0,14436496.0,23081.0
US,Florida,2022-05-20,795,6101783,74331,,2057.0,,174.0,,,17096078.0,14439483.0,22875.0
US,Florida,2022-05-21,796,6101783,74331,,2022.0,,172.0,,,17100981.0,14443351.0,22944.0
US,Florida,2022-05-22,797,6101783,74331,,2040.0,,172.0,,,17101512.0,14443583.0,22938.0
US,Florida,2022-05-23,798,6101783,74374,,2202.0,,179.0,,,17101848.0,14443713.0,22938.0
US,Florida,2022-05-24,799,6101783,74378,,2303.0,,198.0,,,17111596.0,14451025.0,23779.0
US,Florida,2022-05-25,800,6102614,74400,,2375.0,,216.0,,,17114545.0,14453666.0,24062.0
US,Florida,2022-05-26,801,6114014,74435,,2375.0,,224.0,,,17118873.0,14456942.0,24577.0
US,Florida,2022-05-27,802,6125115,74466,,2445.0,,234.0,,,17122977.0,14461021.0,25385.0
US,Florida,2022-05-28,803,6125115,74466,,2458.0,,194.0,,,17122977.0,14461021.0,21599.0
US,Florida,2022-05-29,804,6125115,74466,,2504.0,,202.0,,,17122977.0,14461021.0,21581.0
US,Florida,2022-05-30,805,6125115,74466,,2661.0,,215.0,,,17122977.0,14461021.0,21594.0
US,Florida,2022-05-31,806,6159702,74550,,2730.0,,221.0,,,17124316.0,14461640.0,11320.0
US,Florida,2022-06-01,807,6169670,74557,,2829.0,,229.0,,,17125530.0,14462011.0,8369.0
US,Florida,2022-06-02,808,6182874,74588,,2829.0,,232.0,,,17138353.0,14473552.0,18684.0
US,Florida,2022-06-03,809,6240440,74590,,2898.0,,234.0,,,17142003.0,14476842.0,17751.0
US,Florida,2022-06-04,810,6240440,74667,,2786.0,,246.0,,,17145798.0,14479820.0,20856.0
US,Florida,2022-06-05,811,6240440,74667,,2858.0,,241.0,,,17146082.0,14479939.0,20862.0
US,Florida,2022-06-06,812,6240440,74715,,2991.0,,255.0,,,17146632.0,14480120.0,20856.0
US,Florida,2022-06-07,813,6240440,74719,,3094.0,,268.0,,,17153420.0,14486100.0,27820.0
US,Florida,2022-06-08,814,6247227,74766,,3168.0,,282.0,,,17157100.0,14489042.0,29840.0
US,Florida,2022-06-09,815,6259362,74818,,3206.0,,284.0,,,17160287.0,14491643.0,18167.0
US,Florida,2022-06-10,816,6271284,74852,,3119.0,,307.0,,,17163664.0,14494382.0,17436.0
US,Florida,2022-06-11,817,6282014,74886,,3157.0,,293.0,,,17166744.0,14496868.0,16958.0
US,Florida,2022-06-12,818,6282014,74886,,3219.0,,314.0,,,17166988.0,14496944.0,16956.0
US,Florida,2022-06-13,819,6297767,74948,,3320.0,,339.0,,,17167155.0,14497008.0,16950.0
US,Florida,2022-06-14,820,6307534,74953,,3475.0,,344.0,,,17167552.0,14497198.0,9979.0
US,Florida,2022-06-15,821,6320890,75023,,3541.0,,352.0,,,17176342.0,14504929.0,16159.0
US,Florida,2022-06-16,822,6333646,75087,,3514.0,,364.0,,,17179154.0,14507397.0,15859.0
US,Florida,2022-06-17,823,6389198,75096,,3456.0,,345.0,,,17179154.0,14507397.0,14892.0
US,Florida,2022-06-18,824,6389198,75096,,3369.0,,348.0,,,17179154.0,14507397.0,13935.0
US,Florida,2022-06-19,825,6389198,75096,,3461.0,,338.0,,,17179154.0,14507397.0,15599.0
US,Florida,2022-06-20,826,6389198,75096,,3573.0,,348.0,,,17179154.0,14507397.0,17281.0
US,Florida,2022-06-21,827,6389198,75297,,3646.0,,365.0,,,17179154.0,14507397.0,18958.0
US,Florida,2022-06-22,828,6395154,75337,,3632.0,,349.0,,,17191424.0,14517927.0,12437.0
US,Florida,2022-06-23,829,6407648,75411,,3682.0,,322.0,,,17191424.0,14517927.0,10162.0
US,Florida,2022-06-24,830,6419490,75491,,3635.0,,335.0,,,17191424.0,14517927.0,8549.0
US,Florida,2022-06-25,831,6430582,75577,,3629.0,,332.0,,,17191424.0,14517927.0,6937.0
US,Florida,2022-06-26,832,6430582,75577,,3730.0,,334.0,,,17191424.0,14517927.0,5325.0
US,Florida,2022-06-27,833,6447100,75663,,3810.0,,363.0,,,17191424.0,14517927.0,3712.0
US,Florida,2022-06-28,834,6447100,75671,,3856.0,,385.0,,,17191424.0,14517927.0,2100.0
US,Florida,2022-06-29,835,6469540,75738,,3844.0,,399.0,,,17215541.0,14523072.0,488.0
US,Florida,2022-06-30,836,6482295,75800,,3781.0,,406.0,,,17215541.0,14523072.0,2019.0
US,Florida,2022-07-01,837,6537512,75891,,3716.0,,404.0,,,17215541.0,14523072.0,3549.0
US,Florida,2022-07-02,838,6537512,75891,,3665.0,,411.0,,,17215541.0,14523072.0,5080.0
US,Florida,2022-07-03,839,6537512,75891,,3732.0,,393.0,,,17215541.0,14523072.0,6611.0
US,Florida,2022-07-04,840,6537512,75891,,3893.0,,410.0,,,17215541.0,14523072.0,8142.0
US,Florida,2022-07-05,841,6537512,76031,,4012.0,,419.0,,,17215541.0,14523072.0,9673.0
US,Florida,2022-07-06,842,6537512,76041,,4145.0,,424.0,,,17232786.0,14535778.0,11203.0
US,Florida,2022-07-07,843,6547636,76119,,4109.0,,422.0,,,17232786.0,14535778.0,11259.0
US,Florida,2022-07-08,844,6561833,76193,,3925.0,,404.0,,,17232786.0,14535778.0,11315.0
US,Florida,2022-07-09,845,6561833,76193,,4140.0,,432.0,,,17232786.0,14535778.0,11371.0
US,Florida,2022-07-10,846,6561833,76193,,4141.0,,415.0,,,17232786.0,14535778.0,11427.0
US,Florida,2022-07-11,847,6590900,76389,,4268.0,,410.0,,,17232786.0,14535778.0,11483.0
US,Florida,2022-07-12,848,6602374,76404,,4365.0,,436.0,,,17232786.0,14535778.0,11539.0
US,Florida,2022-07-13,849,6614806,76489,,4454.0,,434.0,,,17251553.0,14549762.0,11595.0
US,Florida,2022-07-14,850,6628345,76490,,4425.0,,435.0,,,17251553.0,14549762.0,12353.0
US,Florida,2022-07-15,851,6683581,76662,,4373.0,,422.0,,,17251553.0,14549762.0,13111.0
US,Florida,2022-07-16,852,6683581,76662,,4235.0,,427.0,,,17251553.0,14549762.0,13868.0
US,Florida,2022-07-17,853,6683581,76662,,4310.0,,448.0,,,17251553.0,14549762.0,14626.0
US,Florida,2022-07-18,854,6683581,76823,,4520.0,,441.0,,,17251553.0,14549762.0,15384.0
US,Florida,2022-07-19,855,6683581,76839,,4543.0,,468.0,,,17251553.0,14549762.0,16142.0
US,Florida,2022-07-20,856,6691964,76922,,4615.0,,487.0,,,17273613.0,14565785.0,16899.0
US,Florida,2022-07-21,857,6703842,77022,,4450.0,,482.0,,,17273613.0,14565785.0,16855.0
US,Florida,2022-07-22,858,6716112,77098,,4493.0,,455.0,,,17273613.0,14565785.0,16811.0
US,Florida,2022-07-23,859,6716112,77098,,4257.0,,452.0,,,17273613.0,14565785.0,16767.0
US,Florida,2022-07-24,860,6716112,77098,,4343.0,,468.0,,,17273613.0,14565785.0,16722.0
US,Florida,2022-07-25,861,6743157,77273,,4543.0,,466.0,,,17273613.0,14565785.0,16678.0
US,Florida,2022-07-26,862,6754722,77286,,4803.0,,464.0,,,17273613.0,14565785.0,16634.0
US,Florida,2022-07-27,863,6765875,77377,,4765.0,,469.0,,,17295374.0,14581207.0,16590.0
US,Florida,2022-07-28,864,6778523,77377,,4580.0,,463.0,,,17295374.0,14581207.0,16192.0
US,Florida,2022-07-29,865,6833033,77565,,4501.0,,479.0,,,17295374.0,14581207.0,15795.0
US,Florida,2022-07-30,866,6833033,77565,,4416.0,,493.0,,,17295374.0,14581207.0,15398.0
US,Florida,2022-07-31,867,6833033,77565,,4467.0,,483.0,,,17295374.0,14581207.0,15001.0
US,Florida,2022-08-01,868,6833033,77734,,4548.0,,476.0,,,17295374.0,14581207.0,14603.0
US,Florida,2022-08-02,869,6833033,77734,,4520.0,,489.0,,,17295374.0,14581207.0,14206.0
US,Florida,2022-08-03,870,6834572,77823,,4667.0,,503.0,,,17312019.0,14592869.0,13809.0
US,Florida,2022-08-04,871,6845953,77823,,4607.0,,493.0,,,17312019.0,14592869.0,13465.0
US,Florida,2022-08-05,872,6855234,78047,,4467.0,,501.0,,,17312019.0,14592869.0,13121.0
US,Florida,2022-08-06,873,6855234,78047,,4395.0,,479.0,,,17312019.0,14592869.0,12777.0
US,Florida,2022-08-07,874,6855234,78047,,4349.0,,473.0,,,17312019.0,14592869.0,12433.0
US,Florida,2022-08-08,875,6875931,78236,,4424.0,,455.0,,,17312019.0,14592869.0,12089.0
US,Florida,2022-08-09,876,6884224,78251,,4394.0,,467.0,,,17312019.0,14592869.0,11746.0
US,Florida,2022-08-10,877,6892701,78346,,4319.0,,502.0,,,17331789.0,14609388.0,11402.0
US,Florida,2022-08-11,878,6901581,78447,,4241.0,,483.0,,,17331789.0,14609388.0,11202.0
US,Florida,2022-08-12,879,6909415,78556,,4210.0,,461.0,,,17331789.0,14609388.0,11003.0
US,Florida,2022-08-13,880,6979951,78559,,4030.0,,440.0,,,17331789.0,14609388.0,10804.0
US,Florida,2022-08-14,881,6979951,78559,,4022.0,,451.0,,,17331789.0,14609388.0,10604.0
US,Florida,2022-08-15,882,6979951,78731,,4068.0,,430.0,,,17331789.0,14609388.0,10405.0
US,Florida,2022-08-16,883,6979951,78749,,3972.0,,447.0,,,17331789.0,14609388.0,10206.0
US,Florida,2022-08-17,884,6952951,78845,,3865.0,,445.0,,,17349227.0,14622038.0,10006.0
US,Florida,2022-08-18,885,6952951,78939,,3790.0,,429.0,,,17349227.0,14622038.0,9788.0
US,Florida,2022-08-19,886,6954834,79017,,3724.0,,394.0,,,17349227.0,14622038.0,9571.0
US,Florida,2022-08-20,887,6954834,79017,,3630.0,,408.0,,,17349227.0,14622038.0,9353.0
US,Florida,2022-08-21,888,6954834,79017,,3645.0,,403.0,,,17349227.0,14622038.0,9135.0
US,Florida,2022-08-22,889,6971052,79236,,3678.0,,400.0,,,17349227.0,14622038.0,8917.0
US,Florida,2022-08-23,890,6977905,79243,,3597.0,,406.0,,,17349227.0,14622038.0,8699.0
US,Florida,2022-08-24,891,6984510,79366,,3512.0,,403.0,,,17363166.0,14633418.0,8481.0
US,Florida,2022-08-25,892,6991770,79450,,3471.0,,379.0,,,17363166.0,14633418.0,8258.0
US,Florida,2022-08-26,893,7041916,79573,,3418.0,,368.0,,,17363166.0,14633418.0,8035.0
US,Florida,2022-08-27,894,7041916,79573,,3248.0,,335.0,,,17363166.0,14633418.0,7813.0
US,Florida,2022-08-28,895,7041916,79573,,3232.0,,352.0,,,17363166.0,14633418.0,7590.0
US,Florida,2022-08-29,896,7042096,79782,,3227.0,,337.0,,,17363166.0,14633418.0,7367.0
US,Florida,2022-08-30,897,7042096,79795,,3205.0,,322.0,,,17363166.0,14633418.0,7144.0
US,Florida,2022-08-31,898,7042096,79853,,3155.0,,311.0,,,17375503.0,14643957.0,6921.0
US,Florida,2022-09-01,899,7042096,79955,,3112.0,,314.0,,,17375503.0,14643957.0,6340.0
US,Florida,2022-09-02,900,7042096,80027,,3031.0,,310.0,,,17375503.0,14643957.0,5758.0
US,Florida,2022-09-03,901,7042096,80027,,2921.0,,291.0,,,17375503.0,14643957.0,5177.0
US,Florida,2022-09-04,902,7042096,80027,,2891.0,,293.0,,,17375503.0,14643957.0,4596.0
US,Florida,2022-09-05,903,7042096,80027,,2885.0,,305.0,,,17375503.0,14643957.0,4014.0
US,Florida,2022-09-06,904,7051414,80231,,2916.0,,307.0,,,17375503.0,14643957.0,3433.0
US,Florida,2022-09-07,905,7051414,80231,,2958.0,,294.0,,,17381594.0,14648767.0,2851.0
US,Florida,2022-09-08,906,7061296,80327,,2919.0,,325.0,,,17381594.0,14648767.0,5313.0
US,Florida,2022-09-09,907,7108060,80408,,2862.0,,310.0,,,17381594.0,14648767.0,7774.0
US,Florida,2022-09-10,908,7108060,80408,,2668.0,,294.0,,,17381594.0,14648767.0,10235.0
US,Florida,2022-09-11,909,7108060,80408,,2622.0,,280.0,,,17381594.0,14648767.0,12696.0
US,Florida,2022-09-12,910,7108176,80574,,2634.0,,270.0,,,17381594.0,14648767.0,15157.0
US,Florida,2022-09-13,911,7109769,80564,,2618.0,,262.0,,,17381594.0,14648767.0,17618.0
US,Florida,2022-09-14,912,7109769,80647,,2560.0,,261.0,,,17400470.0,14666081.0,20079.0
US,Florida,2022-09-15,913,7109769,80716,,2436.0,,235.0,,,17400470.0,14666081.0,20768.0
US,Florida,2022-09-16,914,7109769,80782,,2363.0,,241.0,,,17400470.0,14666081.0,21457.0
US,Florida,2022-09-17,915,7109769,80782,,2295.0,,247.0,,,17400470.0,14666081.0,22146.0
US,Florida,2022-09-18,916,7109769,80782,,2292.0,,253.0,,,17400470.0,14666081.0,22834.0
US,Florida,2022-09-19,917,7109769,80949,,2307.0,,252.0,,,17400470.0,14666081.0,23523.0
US,Florida,2022-09-20,918,7109769,80954,,2250.0,,255.0,,,17400470.0,14666081.0,24212.0
US,Florida,2022-09-21,919,7109769,81007,,2240.0,,254.0,,,17420313.0,14682192.0,24901.0
US,Florida,2022-09-22,920,7109769,81077,,2136.0,,231.0,,,17420313.0,14682192.0,24917.0
US,Florida,2022-09-23,921,7150188,81139,,2089.0,,224.0,,,17420313.0,14682192.0,24933.0
US,Florida,2022-09-24,922,7150188,81139,,2031.0,,223.0,,,17420313.0,14682192.0,24949.0
US,Florida,2022-09-25,923,7150188,81139,,1994.0,,232.0,,,17420313.0,14682192.0,24966.0
US,Florida,2022-09-26,924,7150188,81260,,1998.0,,231.0,,,17420313.0,14682192.0,24982.0
US,Florida,2022-09-27,925,7150188,81261,,1950.0,,215.0,,,17420313.0,14682192.0,24998.0
US,Florida,2022-09-28,926,7150188,81308,,1860.0,,220.0,,,17438749.0,14697269.0,25014.0
US,Florida,2022-09-29,927,7150188,81369,,1864.0,,221.0,,,17438749.0,14697269.0,23610.0
US,Florida,2022-09-30,928,7150188,81416,,1827.0,,204.0,,,17438749.0,14697269.0,22205.0
US,Florida,2022-10-01,929,7150188,81416,,1801.0,,190.0,,,17438749.0,14697269.0,20801.0
US,Florida,2022-10-02,930,7150188,81416,,1701.0,,188.0,,,17438749.0,14697269.0,19396.0
US,Florida,2022-10-03,931,7150188,81454,,1774.0,,178.0,,,17438749.0,14697269.0,17992.0
US,Florida,2022-10-04,932,7150188,81464,,1706.0,,182.0,,,17438749.0,14697269.0,16587.0
US,Florida,2022-10-05,933,7150188,81533,,1704.0,,173.0,,,17453012.0,14714181.0,15183.0
US,Florida,2022-10-06,934,7150188,81606,,1715.0,,172.0,,,17453012.0,14714181.0,16455.0
US,Florida,2022-10-07,935,7172780,81661,,1660.0,,167.0,,,17453012.0,14714181.0,17727.0
US,Florida,2022-10-08,936,7172780,81661,,1621.0,,176.0,,,17453012.0,14714181.0,18998.0
US,Florida,2022-10-09,937,7172780,81661,,1588.0,,161.0,,,17453012.0,14714181.0,20270.0
US,Florida,2022-10-10,938,7172780,81661,,1611.0,,150.0,,,17453012.0,14714181.0,21542.0
US,Florida,2022-10-11,939,7172780,81764,,1640.0,,153.0,,,17453012.0,14714181.0,22814.0
US,Florida,2022-10-12,940,7172780,81807,,1587.0,,151.0,,,17470934.0,14728777.0,24086.0
US,Florida,2022-10-13,941,7172780,81865,,1552.0,,147.0,,,17470934.0,14728777.0,23575.0
US,Florida,2022-10-14,942,7172780,81910,,1542.0,,149.0,,,17470934.0,14728777.0,23064.0
US,Florida,2022-10-15,943,7172780,81910,,1448.0,,133.0,,,17470934.0,14728777.0,22552.0
US,Florida,2022-10-16,944,7172780,81910,,1457.0,,159.0,,,17470934.0,14728777.0,22041.0
US,Florida,2022-10-17,945,7172780,82021,,1472.0,,167.0,,,17470934.0,14728777.0,21530.0
US,Florida,2022-10-18,946,7172780,82025,,1524.0,,183.0,,,17470934.0,14728777.0,21019.0
US,Florida,2022-10-19,947,7172780,82065,,1536.0,,186.0,,,17485591.0,14741036.0,20508.0
US,Florida,2022-10-20,948,7172780,82065,,1496.0,,174.0,,,17485591.0,14741036.0,22767.0
US,Florida,2022-10-21,949,7192835,82176,,1468.0,,148.0,,,17485591.0,14741036.0,25027.0
US,Florida,2022-10-22,950,7192835,82176,,1438.0,,146.0,,,17485591.0,14741036.0,27287.0
US,Florida,2022-10-23,951,7192835,82176,,1428.0,,124.0,,,17485591.0,14741036.0,29546.0
US,Florida,2022-10-24,952,7192835,82176,,1448.0,,147.0,,,17485591.0,14741036.0,31806.0
US,Florida,2022-10-25,953,7192835,82176,,1419.0,,146.0,,,17485591.0,14741036.0,34066.0
US,Florida,2022-10-26,954,7192835,82176,,1463.0,,155.0,,,17509215.0,14761529.0,36325.0
US,Florida,2022-10-27,955,7192835,82176,,1534.0,,159.0,,,17509215.0,14761529.0,35424.0
US,Florida,2022-10-28,956,7192835,82176,,1469.0,,135.0,,,17509215.0,14761529.0,34523.0
US,Florida,2022-10-29,957,7192835,82176,,1373.0,,128.0,,,17509215.0,14761529.0,33622.0
US,Florida,2022-10-30,958,7192835,82176,,1399.0,,136.0,,,17509215.0,14761529.0,32721.0
US,Florida,2022-10-31,959,7192835,82176,,1423.0,,143.0,,,17509215.0,14761529.0,31820.0
US,Florida,2022-11-01,960,7192835,82176,,1454.0,,152.0,,,17509215.0,14761529.0,30918.0
US,Florida,2022-11-02,961,7192835,82176,,1453.0,,142.0,,,17528535.0,14777366.0,30017.0
US,Florida,2022-11-03,962,7203370,82357,,1448.0,,150.0,,,17528535.0,14777366.0,29074.0
US,Florida,2022-11-04,963,7215992,82541,,1400.0,,137.0,,,17528535.0,14777366.0,28131.0
US,Florida,2022-11-05,964,7215992,82541,,1355.0,,125.0,,,17528535.0,14777366.0,27188.0
US,Florida,2022-11-06,965,7215992,82541,,1370.0,,130.0,,,17528535.0,14777366.0,26245.0
US,Florida,2022-11-07,966,7215992,82541,,1390.0,,125.0,,,17528535.0,14777366.0,25301.0
US,Florida,2022-11-08,967,7215992,82541,,1406.0,,122.0,,,17528535.0,14777366.0,24358.0
US,Florida,2022-11-09,968,7215992,82541,,1347.0,,112.0,,,17547128.0,14790986.0,23415.0
US,Florida,2022-11-10,969,7215992,82541,,1353.0,,112.0,,,17547128.0,14790986.0,22643.0
US,Florida,2022-11-11,970,7215992,82541,,1335.0,,111.0,,,17547128.0,14790986.0,21871.0
US,Florida,2022-11-12,971,7215992,82541,,1343.0,,128.0,,,17547128.0,14790986.0,21099.0
US,Florida,2022-11-13,972,7215992,82541,,1399.0,,141.0,,,17547128.0,14790986.0,20327.0
US,Florida,2022-11-14,973,7215992,82541,,1462.0,,145.0,,,17547128.0,14790986.0,19555.0
US,Florida,2022-11-15,974,7215992,82541,,1465.0,,142.0,,,17547128.0,14790986.0,18783.0
US,Florida,2022-11-16,975,7215992,82541,,1490.0,,144.0,,,17562116.0,14803839.0,18011.0
US,Florida,2022-11-17,976,7215992,82541,,1487.0,,144.0,,,17562116.0,14803839.0,17988.0
US,Florida,2022-11-18,977,7239478,82875,,1426.0,,136.0,,,17562116.0,14803839.0,17966.0
US,Florida,2022-11-19,978,7239478,82875,,1379.0,,137.0,,,17562116.0,14803839.0,17944.0
US,Florida,2022-11-20,979,7239478,82875,,1335.0,,144.0,,,17562116.0,14803839.0,17922.0
US,Florida,2022-11-21,980,7239478,82875,,1374.0,,153.0,,,17562116.0,14803839.0,17899.0
US,Florida,2022-11-22,981,7239478,82875,,1457.0,,154.0,,,17562116.0,14803839.0,17877.0
US,Florida,2022-11-23,982,7239478,82875,,1445.0,,131.0,,,17577464.0,14815370.0,17855.0
US,Florida,2022-11-24,983,7239478,82875,,1416.0,,124.0,,,17577464.0,14815370.0,17031.0
US,Florida,2022-11-25,984,7239478,82875,,1426.0,,129.0,,,17577464.0,14815370.0,16207.0
US,Florida,2022-11-26,985,7239478,82875,,1474.0,,133.0,,,17577464.0,14815370.0,15383.0
US,Florida,2022-11-27,986,7239478,82875,,1538.0,,154.0,,,17577464.0,14815370.0,14559.0
US,Florida,2022-11-28,987,7239478,82875,,1607.0,,165.0,,,17577464.0,14815370.0,13736.0
US,Florida,2022-11-29,988,7239478,82875,,1710.0,,174.0,,,17577464.0,14815370.0,12912.0
US,Florida,2022-11-30,989,7239478,82875,,1708.0,,155.0,,,17588427.0,14823571.0,12088.0
US,Florida,2022-12-01,990,7252023,83095,,1726.0,,167.0,,,17588427.0,14823571.0,12577.0
US,Florida,2022-12-02,991,7270410,83201,,1668.0,,190.0,,,17588427.0,14823571.0,13066.0
US,Florida,2022-12-03,992,7270410,83201,,1694.0,,188.0,,,17588427.0,14823571.0,13555.0
US,Florida,2022-12-04,993,7270410,83201,,1615.0,,168.0,,,17588427.0,14823571.0,14043.0
US,Florida,2022-12-05,994,7270410,83201,,1692.0,,168.0,,,17588427.0,14823571.0,14532.0
US,Florida,2022-12-06,995,7270410,83201,,1788.0,,180.0,,,17588427.0,14823571.0,15021.0
US,Florida,2022-12-07,996,7270410,83201,,1873.0,,187.0,,,17603034.0,14833950.0,15510.0
US,Florida,2022-12-08,997,7270410,83201,,1901.0,,188.0,,,17603034.0,14833950.0,15579.0
US,Florida,2022-12-09,998,7270410,83201,,2051.0,,188.0,,,17603034.0,14833950.0,15649.0
US,Florida,2022-12-10,999,7270410,83201,,1803.0,,201.0,,,17603034.0,14833950.0,15718.0
US,Florida,2022-12-11,1000,7270410,83201,,1852.0,,201.0,,,17603034.0,14833950.0,15788.0
US,Florida,2022-12-12,1001,7270410,83201,,1900.0,,208.0,,,17603034.0,14833950.0,15857.0
US,Florida,2022-12-13,1002,7270410,83201,,1996.0,,208.0,,,17603034.0,14833950.0,15927.0
US,Florida,2022-12-14,1003,7270410,83201,,2021.0,,207.0,,,17617408.0,14844287.0,15996.0
US,Florida,2022-12-15,1004,7290073,83380,,2113.0,,205.0,,,17617408.0,14844287.0,15479.0
US,Florida,2022-12-16,1005,7312963,83606,,2139.0,,231.0,,,17617408.0,14844287.0,14961.0
US,Florida,2022-12-17,1006,7312963,83606,,2035.0,,217.0,,,17617408.0,14844287.0,14444.0
US,Florida,2022-12-18,1007,7312963,83606,,2090.0,,228.0,,,17617408.0,14844287.0,13926.0
US,Florida,2022-12-19,1008,7312963,83606,,2168.0,,232.0,,,17617408.0,14844287.0,13408.0
US,Florida,2022-12-20,1009,7312963,83606,,2217.0,,248.0,,,17617408.0,14844287.0,12891.0
US,Florida,2022-12-21,1010,7312963,83606,,2302.0,,240.0,,,17628375.0,14852170.0,12373.0
US,Florida,2022-12-22,1011,7312963,83606,,2138.0,,232.0,,,17628375.0,14852170.0,10647.0
US,Florida,2022-12-23,1012,7312963,83606,,2235.0,,226.0,,,17628375.0,14852170.0,8921.0
US,Florida,2022-12-24,1013,7312963,83606,,2094.0,,206.0,,,17628375.0,14852170.0,7195.0
US,Florida,2022-12-25,1014,7312963,83606,,2079.0,,200.0,,,17628375.0,14852170.0,5469.0
US,Florida,2022-12-26,1015,7312963,83606,,2193.0,,204.0,,,17628375.0,14852170.0,3743.0
US,Florida,2022-12-27,1016,7312963,83606,,2393.0,,206.0,,,17628375.0,14852170.0,2017.0
US,Florida,2022-12-28,1017,7312963,83606,,2511.0,,227.0,,,17630141.0,14852978.0,291.0
US,Florida,2022-12-29,1018,7338503,83906,,2657.0,,252.0,,,17630141.0,14852978.0,282.0
US,Florida,2022-12-30,1019,7338503,83906,,2742.0,,256.0,,,17630141.0,14852978.0,274.0
US,Florida,2022-12-31,1020,7338503,83906,,2788.0,,257.0,,,17630141.0,14852978.0,266.0
US,Florida,2023-01-01,1021,7338503,83906,,2811.0,,279.0,,,17630141.0,14852978.0,257.0
US,Florida,2023-01-02,1022,7338503,83906,,2965.0,,300.0,,,17630141.0,14852978.0,249.0
US,Florida,2023-01-03,1023,7338503,83906,,3170.0,,303.0,,,17630141.0,14852978.0,241.0
US,Florida,2023-01-04,1024,7338503,83906,,3278.0,,318.0,,,17633718.0,14855016.0,232.0
US,Florida,2023-01-05,1025,7361744,84015,,3239.0,,323.0,,,17633718.0,14855016.0,4548.0
US,Florida,2023-01-06,1026,7393712,84176,,3192.0,,336.0,,,17633718.0,14855016.0,8863.0
US,Florida,2023-01-07,1027,7393712,84176,,3130.0,,345.0,,,17633718.0,14855016.0,13178.0
US,Florida,2023-01-08,1028,7393712,84176,,3093.0,,349.0,,,17633718.0,14855016.0,17494.0
US,Florida,2023-01-09,1029,7393712,84176,,3198.0,,336.0,,,17633718.0,14855016.0,21809.0
US,Florida,2023-01-10,1030,7393712,84176,,3113.0,,316.0,,,17633718.0,14855016.0,26124.0
US,Florida,2023-01-11,1031,7393712,84176,,3004.0,,336.0,,,17666141.0,14876677.0,30440.0
US,Florida,2023-01-12,1032,7393712,84176,,2969.0,,351.0,,,17666141.0,14876677.0,26176.0
US,Florida,2023-01-13,1033,7393712,84176,,2899.0,,349.0,,,17666141.0,14876677.0,21911.0
US,Florida,2023-01-14,1034,7393712,84176,,2835.0,,351.0,,,17666141.0,14876677.0,17647.0
US,Florida,2023-01-15,1035,7393712,84176,,2848.0,,339.0,,,17666141.0,14876677.0,13383.0
US,Florida,2023-01-16,1036,7393712,84176,,2897.0,,344.0,,,17666141.0,14876677.0,9119.0
US,Florida,2023-01-17,1037,7393712,84176,,2854.0,,335.0,,,17666141.0,14876677.0,4855.0
US,Florida,2023-01-18,1038,7393712,84176,,2771.0,,338.0,,,17667546.0,14877408.0,591.0
US,Florida,2023-01-19,1039,7421680,84605,,2783.0,,326.0,,,17667546.0,14877408.0,2815.0
US,Florida,2023-01-20,1040,7443954,84927,,2700.0,,308.0,,,17667546.0,14877408.0,5039.0
US,Florida,2023-01-21,1041,7443954,84927,,2559.0,,298.0,,,17667546.0,14877408.0,7263.0
US,Florida,2023-01-22,1042,7443954,84927,,2526.0,,293.0,,,17667546.0,14877408.0,9487.0
US,Florida,2023-01-23,1043,7443954,84927,,2680.0,,289.0,,,17667546.0,14877408.0,11711.0
US,Florida,2023-01-24,1044,7443954,84927,,2642.0,,318.0,,,17667546.0,14877408.0,13935.0
US,Florida,2023-01-25,1045,7443954,84927,,2774.0,,306.0,,,17690650.0,14891239.0,16159.0
US,Florida,2023-01-26,1046,7443954,84927,,2672.0,,304.0,,,17690650.0,14891239.0,13882.0
US,Florida,2023-01-27,1047,7443954,84927,,2424.0,,268.0,,,17690650.0,14891239.0,11604.0
US,Florida,2023-01-28,1048,7443954,84927,,2368.0,,261.0,,,17690650.0,14891239.0,9326.0
US,Florida,2023-01-29,1049,7443954,84927,,2334.0,,264.0,,,17690650.0,14891239.0,7049.0
US,Florida,2023-01-30,1050,7443954,84927,,2412.0,,290.0,,,17690650.0,14891239.0,4771.0
US,Florida,2023-01-31,1051,7443954,84927,,2333.0,,263.0,,,17690650.0,14891239.0,2493.0
US,Florida,2023-02-01,1052,7443954,84927,,2375.0,,277.0,,,17691493.0,14891661.0,215.0
US,Florida,2023-02-02,1053,7465016,85370,,2344.0,,262.0,,,17691493.0,14891661.0,794.0
US,Florida,2023-02-03,1054,7483857,85710,,2320.0,,251.0,,,17691493.0,14891661.0,1372.0
US,Florida,2023-02-04,1055,7483857,85710,,2201.0,,224.0,,,17691493.0,14891661.0,1951.0
US,Florida,2023-02-05,1056,7483857,85710,,2155.0,,223.0,,,17691493.0,14891661.0,2529.0
US,Florida,2023-02-06,1057,7483857,85710,,2163.0,,232.0,,,17691493.0,14891661.0,3108.0
US,Florida,2023-02-07,1058,7483857,85710,,2106.0,,247.0,,,17691493.0,14891661.0,3686.0
US,Florida,2023-02-08,1059,7483857,85710,,2046.0,,247.0,,,17699765.0,14896712.0,4265.0
US,Florida,2023-02-09,1060,7483857,85710,,1990.0,,248.0,,,17699765.0,14896712.0,5254.0
US,Florida,2023-02-10,1061,7483857,85710,,1922.0,,235.0,,,17699765.0,14896712.0,6242.0
US,Florida,2023-02-11,1062,7483857,85710,,1895.0,,250.0,,,17699765.0,14896712.0,7231.0
US,Florida,2023-02-12,1063,7483857,85710,,1929.0,,243.0,,,17699765.0,14896712.0,8220.0
US,Florida,2023-02-13,1064,7483857,85710,,2017.0,,262.0,,,17699765.0,14896712.0,9208.0
US,Florida,2023-02-14,1065,7483857,85710,,2042.0,,268.0,,,17699765.0,14896712.0,10197.0
US,Florida,2023-02-15,1066,7483857,85710,,1968.0,,239.0,,,17719402.0,14909632.0,11186.0
US,Florida,2023-02-16,1067,7483857,85710,,1845.0,,205.0,,,17719402.0,14909632.0,10234.0
US,Florida,2023-02-17,1068,7516906,86294,,1823.0,,202.0,,,17719402.0,14909632.0,9282.0
US,Florida,2023-02-18,1069,7516906,86294,,1759.0,,209.0,,,17719402.0,14909632.0,8329.0
US,Florida,2023-02-19,1070,7516906,86294,,1818.0,,222.0,,,17719402.0,14909632.0,7377.0
US,Florida,2023-02-20,1071,7516906,86294,,1844.0,,232.0,,,17719402.0,14909632.0,6425.0
US,Florida,2023-02-21,1072,7516906,86294,,1839.0,,231.0,,,17719402.0,14909632.0,5473.0
US,Florida,2023-02-22,1073,7516906,86294,,1845.0,,231.0,,,17727475.0,14915281.0,4521.0
US,Florida,2023-02-23,1074,7516906,86294,,1700.0,,226.0,,,17727475.0,14915281.0,3893.0
US,Florida,2023-02-24,1075,7516906,86294,,1718.0,,215.0,,,17727475.0,14915281.0,3265.0
US,Florida,2023-02-25,1076,7516906,86294,,1638.0,,198.0,,,17727475.0,14915281.0,2638.0
US,Florida,2023-02-26,1077,7516906,86294,,1611.0,,201.0,,,17727475.0,14915281.0,2010.0
US,Florida,2023-02-27,1078,7516906,86294,,1628.0,,185.0,,,17727475.0,14915281.0,1382.0
US,Florida,2023-02-28,1079,7516906,86294,,1555.0,,163.0,,,17727475.0,14915281.0,755.0
US,Florida,2023-03-01,1080,7516906,86294,,1545.0,,167.0,,,17727927.0,14915494.0,127.0
US,Florida,2023-03-02,1081,7528420,86460,,1577.0,,169.0,,,17727927.0,14915494.0,664.0
US,Florida,2023-03-03,1082,7574590,86850,,1462.0,,156.0,,,17727927.0,14915494.0,1202.0
US,Florida,2023-03-04,1083,7574590,86850,,1446.0,,151.0,,,17727927.0,14915494.0,1739.0
US,Florida,2023-03-05,1084,7574590,86850,,1451.0,,147.0,,,17727927.0,14915494.0,2277.0
US,Florida,2023-03-06,1085,7574590,86850,,1482.0,,144.0,,,17727927.0,14915494.0,2814.0
US,Florida,2023-03-07,1086,7574590,86850,,1471.0,,140.0,,,17727927.0,14915494.0,3352.0
US,Florida,2023-03-08,1087,7574590,86850,,1373.0,,132.0,,,17735743.0,14921084.0,3889.0
US,Florida,2023-03-09,1088,7574590,86850,,1353.0,,132.0,,,,,
