Continent,Country,Province,Data Start Date,MAPE,Infection Rate,Median Day of Action,Rate of Action,Rate of Death,Mortality Rate,Rate of Mortality Rate Decay,Internal Parameter 1,Internal Parameter 2,Jump Magnitude,Jump Time,Jump Decay
Asia,Afghanistan,None,3/27/20,18.28190332,2.527612032,-13.08331963,1.085998458,0.544824923,0.021695234,0,0.379357452,0.020724373,0,87.80646525,0.992133389
Europe,Albania,None,3/23/20,15.86811311,0.567435159,-916.4037217,0.011310805,4.801588996,0.02788925,0.189659164,0.089022395,1.055651975,1.870606391,80.11534237,1.528409494
Africa,Algeria,None,3/21/20,17.58669788,0.523236887,-8.080827273,0.196534537,7.601578583,0.085651139,0.151079222,0.630334374,9.534965859,1.478554258,89.40086647,2.04689416
Europe,Andorra,None,3/22/20,9.738344144,0.893215776,-41.51223266,0.763859027,0.110010481,0.065724093,0.134806308,0.124004708,1.962332915,0.156409321,91.81871164,1.057467668
Africa,Angola,None,6/10/20,5.90902051,1.140510657,-6.766519304,0.966422098,0.212354734,0.04539175,0.205960419,0.091436873,0.203371181,0.0325431,13.94317359,1.05744197
South America,Argentina,None,3/20/20,21.14456184,0.504473269,-0.549748218,0.001476532,2.201957602,0.029222093,0.150189914,0.039004089,3.133822687,0.312692063,81.72814166,0.92877106
Asia,Armenia,None,3/19/20,16.07053118,1.009328744,-82.02919267,0.149082835,0.032766256,0.039673739,0.06643995,0.29930141,0.448883057,0,93.82144514,0.952923577
Oceania,Australia,Australian Capital Territory,4/9/20,1.087418948,1.81644455,-27.11378485,2.095149825,0.308314242,0.010502773,0.162038171,0.014186179,0.002009038,1.162264924,66.20884163,1.135184637
Oceania,Australia,New South Wales,3/14/20,7.070910615,45.44373041,-0.009483514,292.2506031,0.048879319,0.01592217,0.139771438,8.933113807,0.028351421,0.826778478,88.69315813,0.745055899
Oceania,Australia,Queensland,3/19/20,3.625486856,0.134920363,-82.49295203,0.463966557,0.153884307,0.005735231,0.032426731,5.455857245,0.219177346,0.112573741,95.11451272,0.971480393
Oceania,Australia,South Australia,3/22/20,3.377455975,0.001619598,-370.1521031,77.77323472,0.099972338,0.009166153,0.200570701,1.25190728,1.034742108,0.100407757,91.00595001,1.000010108
Oceania,Australia,Tasmania,4/9/20,2.285374617,0.002723347,-279.8974683,46.80391745,0.137333472,0.049578757,0.263516037,0.995545198,0.264495554,0.118266666,73.33763706,1.005481064
Oceania,Australia,Victoria,3/18/20,10.21760432,0.358001535,-295.8350013,0.036486219,0.594597885,0.011227077,0.260032356,2.265567206,2.062344984,5,88.7884333,3.314211657
Oceania,Australia,Western Australia,3/22/20,7.202719678,0.448028094,-93.85620134,0.266731407,0.095126756,0.014189475,0.203444431,0.448417559,1.603957418,0.14675739,91.99526764,1.05963144
Europe,Austria,None,3/8/20,33.41739816,10.31555627,-0.275389601,27.01889327,0.06563749,0.045567688,0.16331107,10.87588893,0.360381167,3.108705038,105.9460935,1.040884529
Asia,Azerbaijan,None,3/26/20,10.23630068,0.503058691,-22.97424995,0.013997744,0.099057427,0.016370951,0,0.057426915,1.5512193,0,88.1372018,0.990106893
Asia,Bahrain,None,3/10/20,23.80130066,0.61945693,-0.041674448,0.113044074,0.147119077,0.002405644,0.051234453,0.025603993,0.686106722,0,107.3408524,0.602774883
Asia,Bangladesh,None,4/6/20,11.80802433,0.704422904,-0.45736148,0.224009394,3.386211325,0.015676777,0.355762385,0.192147105,15.15613858,0,77.09337989,0.965839644
Europe,Belarus,None,3/30/20,13.88605634,0.617608378,0.098866805,0.332510029,0.950627275,0.004952116,0.153405159,15.28977717,0.041221103,0,84.46140912,0.934045972
Europe,Belgium,None,3/6/20,50.11267546,2.316677146,5.525403592,3.27057974,0.224442933,0.181558389,0.087504297,1.51284539,0.032244543,0.49403897,105.3618233,1.129184523
Africa,Benin,None,5/7/20,85.3469059,0.395159989,-13.24567005,3.512659837,0.00351414,0.121180245,0.031000124,0.043107736,2.909821069,1.411034631,42.48197625,1.041648481
South America,Bolivia,None,3/31/20,8.570478117,1.147920133,-47.60565933,0.235907417,3.250619753,0.035711672,0.047096608,0.239503002,0.802912944,0.043689585,83.05349749,0.650664073
Europe,Bosnia and Herzegovina,None,3/22/20,19.35894526,0.380796989,-6.870438498,0.087015559,0.190951833,0.065786695,0.181596315,0.667263577,2.059112264,5,87.61929048,2.063068362
South America,Brazil,None,3/13/20,45.57820837,0.760769998,9.504241586,0.226627317,8.54686341,0.057523711,0.099216039,11.01594327,0.167975501,0.236708869,100.4882152,1.246374844
Europe,Bulgaria,None,3/20/20,7.766301072,1.93703074,-33.1744613,0.99921594,0.063463989,0.07730156,0.132260594,1.086005262,0.236212465,2.095680424,81.49625267,1.2832436
Africa,Burkina Faso,None,3/24/20,6.562676459,0.977995329,-975.299562,0.045648153,3.256229179,0.067216072,0.274082449,1.726733364,0.772672111,1.469809354,88.8710547,1.699296004
Africa,Burundi,None,6/16/20,6.251293351,0.515390408,2.62615408,3.84238263,0.019131898,0.003826379,0,0.265629819,0.141718555,0,5.959006345,0.985689871
Africa,Cabo Verde,None,4/26/20,10.65693234,0.913487807,-39.1935783,0.281769823,0.053368547,0.014560421,0,0.120632279,0.202610868,0.968879916,57.77892617,0.954701002
Asia,Cambodia,None,3/29/20,,1.655025934,-67.34725553,1.089583104,0.000545269,2.22E-05,0.198651863,0.040740665,0.037572473,4.984805618,78.80398365,1.714858796
Africa,Cameroon,None,3/29/20,18.39532438,1.270521497,-131.1556595,0.18814087,1.874064736,0.031979477,0.172749524,0.115097203,1.874542226,0,85.40911386,0.991525671
North America,Canada,Alberta,3/19/20,11.96378172,16.51044355,-0.129173912,22.08551333,0.39321023,0.02113677,0.091144405,0.281102971,0.00839569,0.226801012,83.00804882,1.007399617
North America,Canada,British Columbia,3/16/20,7.66835492,0.42108428,-62.54542035,0.123072526,0.071891045,0.072705733,0.159042014,2.211645077,4.513241661,2.019377405,90.10541098,1.828553891
North America,Canada,Manitoba,3/31/20,3.684550576,0.746111153,-520.6737115,0.097339385,0.146123264,0.021314577,0.304438254,0.001518183,1.007703284,3.468316741,68.70925345,2.105035353
North America,Canada,New Brunswick,4/6/20,32.67041084,3.560784481,-1739.120537,0.060659127,0.042137588,0.004075664,0.5,0.000230948,0.028395602,0,77.37906709,0.954666684
North America,Canada,Newfoundland and Labrador,3/27/20,4.349165857,0.001952426,-213.6721436,57.25614251,0.19821872,0.011683925,0.5,1.025119608,0.532477159,0.051801555,87.19642304,1.00029384
North America,Canada,Nova Scotia,3/28/20,30.52723152,84.11298231,-0.006386888,292.7981118,0.054704027,0.062046031,2.12E-05,0.964054708,0.000341917,0,86.26394332,0.997241648
North America,Canada,Ontario,3/15/20,115.9346709,0.53275247,0.118743719,0.272524749,0.596912692,0.083732701,0.056540963,18.55819825,0.003981567,1.539427276,100.2542119,1.21116992
North America,Canada,Quebec,3/19/20,44.97732315,0.936241614,-4.068223071,0.764009759,0.079867585,0.11069799,0.047578148,0.141282675,10.34152325,0,94.11686672,1.011006872
North America,Canada,Saskatchewan,3/28/20,11.36970133,0.451843011,-10.03605971,0.252832702,0.038096274,0.022748283,0.114847782,0.003209683,0.505588391,2.268702528,79.56929682,2.384594184
Africa,Central African Republic,None,5/8/20,28.99265495,1.065151055,6.589856879,3.663716703,0.031886698,0.006377676,0.5,0.804142402,0.070674974,2.666352034,35.19548585,1.109866601
Africa,Chad,None,5/2/20,4.596876935,0.658099327,4.950867956,4.573707606,12.46568181,0.0948348,0.433446354,0.855311004,1.243389858,0,43.06529507,0.853404109
South America,Chile,None,3/16/20,25.25429864,0.883789941,-7.45222265,0.221358069,0.015250595,0.06799561,0,1.901495029,0.109364403,0,98.74493993,0.999197403
South America,Colombia,None,3/19/20,18.94691211,0.509555265,-12.23578182,0.008810783,1.532456238,0.035597549,0,5.605636833,1.003865284,0.023017528,95.49520111,0.925415025
Africa,Comoros,None,5/30/20,20.67718674,1.12038006,-7.790609995,1.448143566,0.09710307,0.019420398,0,0.14880674,0.168344887,0.013691537,24.07619659,1.018110722
Africa,Congo (Brazzaville),None,4/15/20,5.711883389,0.682486045,-71.53162116,0.127091273,0.055768127,0.042043865,0,0.019230701,0.434531902,3.548553548,74.92672724,2.077733983
Africa,Congo (Kinshasa),None,4/1/20,13.08104551,1.171048916,-26.40207487,0.385752544,6.53421978,0.024790434,0.119468361,0.625754947,0.154668161,0.044656799,80.80690864,1.635577876
North America,Costa Rica,None,3/21/20,20.63147033,0.656466914,-777.6350632,0.01377253,0.111514768,0.006583388,0,0.016944824,0.426071656,2.904319681,90.63221475,1.15865649
Africa,Cote d'Ivoire,None,3/27/20,21.62249297,0.481992995,-24.09580035,0.00710968,3.801630866,0.007982306,0,0.036011377,1.140880608,0,87.12359819,0.990323905
Europe,Croatia,None,3/19/20,15.09580205,3.841877187,-23.64332124,4.858179674,0.057586707,0.050539835,0.100981355,6.495474869,0.151687203,1.545903498,81.9191179,1.591102276
North America,Cuba,None,3/28/20,13.17432614,0.990626349,-44.78397366,0.588184374,3.44887856,0.042597717,0.196837059,4.078444752,0.144680675,0.597139806,86.9673748,5
Europe,Cyprus,None,3/23/20,4.765080886,2.569774622,-495.4332551,0.352805924,0.39646181,0.017595301,0,3.71107122,0.001413213,0.531888555,65.28166531,1.418312725
Europe,Czechia,None,3/13/20,59.97907181,0.419468393,-64.15263735,0.128890109,0.127718084,0.038217537,0.145555142,12.77357007,2.639509165,3.135646299,91.69834313,3.296098972
Europe,Denmark,None,3/10/20,57.53031568,0.582375426,0.011248462,0.528716057,0.637461628,0.051715547,0.053046623,1.83842599,1.592277602,2.273545477,96.09338675,2.341166799
Africa,Djibouti,None,4/8/20,32.44728167,1.448802022,-35.15158785,0.64338209,0.007303686,0.046990708,0,1.633449048,0.018191332,0,75.22298439,0.9680586
North America,Dominican Republic,None,3/21/20,24.706737,0.673830578,-370.9448252,0.035429379,8.320755288,0.031797877,0.192538656,2.951103589,8.75552972,0.770290642,89.31229479,1.110489394
South America,Ecuador,None,3/18/20,11.79900944,0.902527952,0.673971711,0.689186804,0.101172668,0.104934777,0.095216343,8.798494882,0.529284047,2.584406717,93.88644062,1.92740677
Africa,Egypt,None,3/14/20,17.39376821,0.610725015,-34.97382902,0.07263994,2.76340105,0.041081582,0,4.060274736,0.189663801,0,97.97989353,0.965486714
North America,El Salvador,None,4/9/20,10.94726672,0.610209203,-15.51731156,0.153134538,0.027646737,0.051901712,0,1.635143119,0.342988637,0.926595174,73.04198128,1.772177976
Africa,Equatorial Guinea,None,4/24/20,19.81973561,2.035773458,-7.576945363,1.949813971,0.021660908,0.038326385,0.160810215,0.05574795,0.124456886,1.993611043,64.9125156,2.616248031
Europe,Estonia,None,3/14/20,27.09089172,1.204849452,-69.94696268,0.628566709,0.076117488,0.039386325,0.126961109,4.481781461,0.000175598,0.503238625,99.64942327,0.956949015
Africa,Ethiopia,None,4/18/20,23.79442677,4.43353966,-2.77137304,2.345908663,0.082466709,0.0261986,0.050595174,0.004924048,0.002098581,0,65.81080584,0.965017625
Europe,Finland,None,3/13/20,43.27895322,2.751195232,-14.81031769,2.302161423,0.134820842,0.051349711,0.082373986,2.5986136,0.001577994,0.903493418,103.3613537,1.084061703
Europe,France,None,2/29/20,21.37564814,0.793517892,22.18731837,2.411836203,0.174855511,0.166019436,0.046023485,5.450691112,0.921449262,4.582985886,106.9383544,2.857930049
Africa,Gabon,None,4/17/20,12.52042488,1.296544192,-16.33239614,0.690283083,0.251457872,0.007442984,0.168784821,0.939874195,0.133092819,0.275419023,64.94876066,0.95557476
Asia,Georgia,None,3/30/20,7.679856586,0.832350688,-83.24495741,0.285928421,0.191471857,0.017517915,0.175134775,0.643281522,0.62714925,0.998525323,66.9739735,1.000329547
Europe,Germany,None,3/1/20,56.10063474,2.714868488,5.044104056,4.431402691,0.071760554,0.049393941,0.012320059,2.707295905,0.477221489,3.034369815,98.53670136,1.016233566
Africa,Ghana,None,3/26/20,12.1778775,1.365214654,-17.72433555,0.570915095,0.16427564,0.004736139,0.198359717,0.79077628,0.021261227,0.724242109,79.98176804,1.23494311
Europe,Greece,None,3/13/20,5.855197976,1.053202789,-89.44072785,0.452915668,0.10604364,0.067934947,0.168801841,4.405546169,0.01260031,4.120189517,87.00014149,1.328624089
North America,Guatemala,None,4/10/20,14.42136524,1.85378446,-32.5644767,0.550976808,0.02386493,0.120294102,0,0.542847009,0.017348551,0.099213475,74.16000332,1.288735976
Africa,Guinea,None,4/4/20,9.265753491,4.14193945,-84.48306273,1.222901037,3.229529899,0.005733304,0,3.585265487,0.002586424,0.080626598,77.02271797,1.044812518
Africa,Guinea-Bissau,None,4/29/20,7.058411307,0.237774202,0.083961346,0.306428914,0.002565808,0.125182289,0,2.486276078,0.384709868,3.128848417,42.53582609,2.0378547
South America,Guyana,None,5/10/20,4.291425629,0.861050364,-14.27317071,0.573949131,0.160229253,0.019539402,0.239613297,0.047860295,0.110524588,1.280908373,38.21928189,1.441911098
North America,Haiti,None,5/5/20,5.742628637,0.860531288,13.16243828,1.833920897,0.765281886,0.015575925,0,0.029392919,1.692308497,0.270903917,47.42264043,1.044551959
North America,Honduras,None,3/29/20,18.96535874,1.152979308,-205.5755242,0.095835107,4.378491439,0.036963839,0.140463894,0.123950074,0.932895098,0.533639761,78.76299823,1.093951255
Europe,Hungary,None,3/21/20,8.365856216,5.028230666,-17.36045204,4.51785871,0.111509531,0.154042562,0.077644948,3.042605528,0.919427242,0.384142232,94.39425882,1.433388026
Europe,Iceland,None,3/12/20,7.817551541,48.90126782,-0.011790293,253.2126963,0.133339579,0.005221287,0.141340907,3.912100925,0.000307174,0.873954168,101.5628982,0.865942633
Asia,India,None,3/14/20,51.15350097,0.638753649,0.165326056,0.113848157,3.790418699,0.030633687,0,18.2337383,0.222366912,0.19283996,100.0135648,0.839119521
Asia,Indonesia,None,3/15/20,16.4555667,0.465624586,-104.6602992,0.016067676,6.493526888,0.066788078,0.11305327,12.99638019,2.035865374,0,96.45233656,0.956019907
Asia,Iran,None,2/26/20,58.00973638,0.374481526,0.918136187,0.007903247,29.85576133,0.060511213,0.124294215,209.4568892,249.8222011,0.398250207,89.16299803,1.200064865
Asia,Iraq,None,3/13/20,32.10394398,0.605594186,-21.73264548,0.010182234,1.778036647,0.038082204,0,0.006304218,0.665009785,0,100.2235108,1.00104629
Europe,Ireland,None,3/14/20,19.86109831,0.67351802,18.88378775,2.124993798,0.136305021,0.07298357,0.074294113,3.016592553,0.642766576,0.317896914,99.34547315,1.006379673
Asia,Israel,None,3/12/20,15.34842704,6.276677722,0.457474519,11.09752154,0.120695726,0.017233554,0.131418848,2.307132294,0.045368438,1.785599668,91.77086824,1.447427607
Europe,Italy,None,2/23/20,30.20730155,1.440632348,0.026516097,1.483507988,0.225463853,0.151207411,0.034346862,18.82786689,4.520278315,1.401576301,98.98944763,0.875501994
Africa,Jamaica,None,4/15/20,4.960033206,0.260602598,0.28172507,0.183465192,0.508996947,0.007963531,0.153282425,0.239917945,1.545532597,3.942218019,56.58810239,2.447210291
Asia,Japan,None,2/21/20,20.64039809,2.102783256,14.7475462,2.305832194,0.052153967,0.058719877,0.002942017,0.003742824,0.000493939,3.137755741,121.2527492,1.306891658
Asia,Jordan,None,3/22/20,17.73317796,0.952057955,-488.7656857,0.058148636,1.812775062,0.011113847,0.362905883,0.002361473,0.707348311,0.938353871,91.72821595,1.417673938
Asia,Kazakhstan,None,3/26/20,20.01070953,0.485880865,-1.87961269,0.066447444,0.228323094,0.005591653,0.262818309,0.169890221,3.834125372,5,93.55461372,3.334538535
Africa,Kenya,None,4/2/20,12.28503084,1.185133279,-78.08715549,0.201745771,1.281668679,0.032255348,0.176029023,0.001831299,0.285561743,0.204792591,82.59909643,0.630110956
Asia,"Korea, South",None,2/20/20,9.953553827,0.224323169,0.36850011,0.007057793,0.054585522,0.025408133,0.137960504,26.55282082,16.89528977,0.086555911,121.0202991,0.822995248
Europe,Kosovo,None,3/31/20,28.1734422,1.428107116,-42.8263359,0.569161174,5.783813609,0.024886741,0.192156412,0.659498001,0.024501282,1.611586791,83.70360455,2.873729343
Asia,Kuwait,None,3/14/20,25.77167985,2.277426351,-0.061653205,1.089752542,0.342125159,0.008385702,0,0.030618801,0.004921484,0.565217172,102.8094582,0.827720884
Europe,Latvia,None,3/20/20,13.96355167,0.652105321,-315.5365516,0.082804068,0.024761972,0.035208155,0.094021396,1.767528254,0.762607572,0,101.5230799,1.010982297
Asia,Lebanon,None,3/15/20,14.87947453,0.404288056,-701.5061709,0.004979203,3.964850439,0.024652771,0.298902456,0.053424529,1.250911883,0.959261428,96.39599444,1.943380314
Africa,Liberia,None,4/21/20,11.56519174,0.566205005,-272.9131304,0.018458154,3.413836888,0.059721821,0.278349776,0.022665212,0.410567155,0,62.27659695,0.870057326
Africa,Libya,None,5/28/20,16.37524152,1.055931834,-5.135357123,1.915170428,0.080751945,0.03160288,0,1.408660084,0.412371955,0.817692747,23.98072404,1.182383876
Europe,Lithuania,None,3/22/20,4.996913629,1.020662327,-175.7025612,0.255372713,0.047471598,0.04922098,0.113943737,2.788501274,0.86617824,0.873992333,98.16685607,1.093836751
Europe,Luxembourg,None,3/17/20,3.597108314,0.452736919,-535.4853176,0.059973308,0.08480219,0.028876778,0.175010325,16.30643679,0.11486388,5,79.27487282,1.665436626
Africa,Madagascar,None,4/11/20,14.86563725,3.98269026,-4.778174228,2.177201138,0.00551809,0.079211587,0.027102893,0.003753754,0.001672577,0.415380061,71.42611829,0.790979126
Africa,Malawi,None,5/25/20,16.79660278,1.201803593,-12.74075492,1.268273157,0.041362421,0.020680241,0.050320046,1.401303591,0.434235447,1.414234094,25.94688405,0.977285365
Asia,Malaysia,None,3/9/20,25.5889353,0.79365619,-133.8614778,0.177884289,1.610222333,0.01787394,0.456537371,11.9249909,0.017814731,0.310490889,106.2736991,1.073046275
Asia,Maldives,None,4/23/20,8.791918948,0.470812253,6.579311382,0.589699298,0.569025746,0.003705815,0.015630407,0.101906878,2.04472364,1.842107395,58.83346682,1.167439564
Africa,Mali,None,4/12/20,6.164836728,0.883705736,-49.10445629,0.293743937,0.55573177,0.061662636,0.136942596,0.018569961,1.850189424,0,71.47868052,0.992818708
Europe,Malta,None,3/23/20,7.60342692,0.42636165,-280.9235702,0.038452439,0.033503768,0.017327448,0.149104192,0.602410237,0.571181165,0,93.07677849,0.988379282
Africa,Mauritania,None,5/19/20,14.85328156,0.945204986,-11.01046981,0.553034235,0.216952627,0.052293166,0.5,1.034018947,1.096309439,0,33.28524692,0.976133895
Africa,Mauritius,None,3/28/20,2.511532364,0.002611539,-332.380262,45.25335676,0.437684958,0.024970848,0.150336573,1.983118063,0.627406799,0.100066849,85.50622848,0.976668496
North America,Mexico,None,3/19/20,37.19394228,1.361131176,-66.9152701,0.26352638,0.129570306,0.157330798,0.026388562,4.661350336,1.462885508,0.003567414,95.90700378,1.002681775
Europe,Moldova,None,3/23/20,43.60003427,0.431412566,-71.25385762,0.008627591,0.483176906,0.040223694,0.104932449,2.636964462,2.935118897,0,94.96395905,1.010589302
Europe,Monaco,None,6/22/20,3.830110925,0.54001256,-0.421730958,2.999224279,0.036047587,0.007204564,0,0.072001469,0.072003142,0,0,0.992602983
Asia,Mongolia,None,5/16/20,,1.72146062,-3.082295219,5.008491059,0.001123864,0.000188263,0.198872779,0.146054879,0.007938612,1.005454558,31.54652447,0.391630649
Europe,Montenegro,None,3/31/20,10.8791039,0.06761927,-70.57389714,21.01573097,0.043797624,0.023081858,0.05775746,2.387762503,0.210586131,0.100907295,83.02602479,1.000448417
Africa,Morocco,None,3/22/20,25.50998649,0.536241855,-28.0049795,0.211390965,3.288182244,0.028465526,0.303265591,0.112437122,8.370750911,2.818567386,85.04562371,2.339185561
Africa,Mozambique,None,5/11/20,8.646808871,0.535448823,20.06758913,1.227698187,0.069148317,0.009501818,0.200204339,0.049472424,0.179913263,0.433066318,43.1352688,1.138500148
Africa,Namibia,None,6/25/20,,0.907665442,-1.554384634,2.284890792,0.05,0.01,0.200082077,2.22949263,0.432451578,0.020785441,2.862498333,1.400186503
Asia,Nepal,None,5/7/20,19.02929153,3.578705698,-11.14338608,2.075520397,1.372229892,0.002470985,0,1.017105458,0.086004947,0,44.80887064,1.045137014
Europe,Netherlands,None,3/6/20,49.77545981,1.064294249,0.438760634,1.199471787,0.340011225,0.135717523,0.065122468,14.25556584,0.224625051,0.231934428,112.1186825,1.012150599
Oceania,New Zealand,None,3/22/20,28.87418906,24.55699661,-0.006735598,366.5700745,0.062427838,0.0149328,0,8.245868519,0.00174623,1.02697213,87.42116566,1.091462237
North America,Nicaragua,None,5/19/20,10.56904267,0.465873418,0.741347528,0.565153227,0.754348258,0.031618039,0.286114703,2.406779968,0.540740539,1.000113099,35.77497544,1.563534053
Africa,Niger,None,4/3/20,6.781932908,0.244954127,41.40497584,0.020901062,0.058964619,0.075351592,0.227698166,0.00462422,3.073956536,4.198803404,80.10147581,2.531458185
Africa,Nigeria,None,3/29/20,24.92542632,1.043995133,-74.4801883,0.198733737,1.280373159,0.031067533,0.161112637,2.782083999,0.085795482,0.192693983,74.65898282,1.146393304
Europe,North Macedonia,None,3/22/20,23.91139018,0.65331195,-270.5713905,0.038084848,1.299017599,0.059513607,0.113888597,0.301454987,0.780479012,0.960661929,71.67693716,1.41732733
Europe,Norway,None,3/6/20,24.90685443,10.2251962,-24.55820371,9.99368302,0.079870736,0.031124678,0.119029723,15.58306735,0.001761796,1.235631239,108.1257411,1.140716341
Asia,Oman,None,3/26/20,14.39764198,0.729168594,0.046885863,0.170349445,2.14375875,0.00446557,0,0.055073444,0.591041931,0,90.47160373,0.995244365
Asia,Pakistan,None,3/16/20,35.05150156,0.592475213,-7.468942782,0.08861782,1.893844639,0.020844092,0.015139441,0.598400037,5.914725462,0,99.62274186,0.99270594
North America,Panama,None,3/19/20,19.22585242,0.442535049,-1.728097111,0.006328105,6.493369093,0.025463879,0.179725388,6.956902774,0.536711194,0.955200465,94.70899976,1.396993293
South America,Paraguay,None,4/5/20,16.02804002,1.235807379,-52.44051176,0.413542827,2.529026237,0.007336766,0,0.24930086,0.357212958,2.340636009,77.37403799,1.465046471
South America,Peru,None,3/17/20,10.63743296,1.017322734,-1.207602355,0.430703599,0.587489397,0.032040861,0,5.329446981,0.021046457,0,91.77203094,0.771071725
Asia,Philippines,None,3/14/20,27.64496228,0.410262905,0.54291798,0.003736447,6.094074945,0.051391947,0.149242339,13.44666227,5.57586053,0.463826019,102.3460703,2.498530361
Europe,Poland,None,3/14/20,56.69022677,0.757456685,-85.51884233,0.154583019,1.094678523,0.053237424,0.141651176,14.29507905,3.298075535,0.438032277,97.9865279,0.969423639
Europe,Portugal,None,3/13/20,56.41200698,0.328321991,0.199282416,0.033509819,0.260231729,0.043009154,0.028671799,52.68598646,0.056989807,3.674524819,102.324676,1.974404443
Asia,Qatar,None,3/11/20,22.23302207,1.234117104,-0.016232646,0.478017892,0.010974579,0.003479498,0.032954589,0.075184395,0.054269872,0,105.2578828,1.020509119
Europe,Romania,None,3/14/20,45.9499995,0.396969661,0.09774999,0.111221763,0.268336758,0.070605984,0.052849333,18.36619848,0.001296572,1.519704055,94.98131061,3.00733508
Asia,Russia,None,3/17/20,33.99991305,0.972367506,1.573730228,0.505734523,0.056747096,0.020225956,0.105096241,21.78552355,0.199572762,0.326569687,93.37363419,1.584833241
Africa,Rwanda,None,4/4/20,21.62658998,2.157888816,-21.01299384,0.861015618,0.018293135,0.004449148,0.5,0.017612408,0.004304933,0.886559938,79.6030887,1.225487904
Europe,San Marino,None,3/15/20,6.700305082,0.710384469,-0.661572314,0.808546053,27.32526822,0.070715598,0.275235682,0.017287672,0.537789535,0.941859175,79.06599256,1.258824974
Africa,Sao Tome and Principe,None,5/5/20,8.524723129,2.55113058,-0.601929225,4.555643014,0.865238654,0.016948887,0.5,0.113918571,0.028989382,0,48.01772945,1.00116773
Asia,Saudi Arabia,None,3/14/20,27.45647193,0.596351315,-2.341445389,0.12415682,0.044319472,0.013319091,0,13.89297313,0.123633687,0,102.4291391,0.942419106
Africa,Senegal,None,3/26/20,10.6483164,3.011085951,-46.17283066,0.96151752,0.042347115,0.022871031,0,0.1635964,0.287105567,0.126694996,85.95464475,1.190781223
Europe,Serbia,None,3/19/20,37.41310742,0.637522673,0.451154179,0.62517224,3.757803394,0.022055991,0.118897304,6.415680302,2.407248911,1.063281881,98.09063732,0.991712738
Africa,Sierra Leone,None,4/28/20,7.884711747,0.760872414,-45.28787792,0.337830582,7.877283258,0.05036433,0.329986697,2.085758746,0.354795813,0.480361346,54.67469157,1.177742644
Asia,Singapore,None,2/29/20,25.22279934,11.2025569,-0.057901313,6.486468297,5.997556356,0.00066863,0,0.003056969,0.000367886,0.292852953,114.2552637,0.2566445
Europe,Slovakia,None,3/18/20,31.63816154,48.90891029,-0.082283509,103.8077716,0.093122619,0.019260134,0.180271166,0.461118382,0.000464816,0.345051048,93.70710416,1.05405997
Europe,Slovenia,None,3/13/20,21.87195063,2.542489079,-4.068799298,6.276969231,0.071563979,0.073903111,0,2.105320735,0.014945237,0.532674947,93.09639442,1.109848358
Africa,Somalia,None,4/17/20,7.118964096,0.883610872,-32.24797264,0.471739043,4.702840711,0.03837149,0.301882382,0.770197963,2.287605877,0,65.20244581,1.028153553
Africa,South Africa,None,3/18/20,28.14153451,1.171644894,-507.4330287,0.039234543,0.082928177,0.040086446,0.160559575,0.069497394,2.18796747,0.082599038,97.89576341,0.778322157
Africa,South Sudan,None,5/8/20,13.09131421,1.624297414,-3.658910373,2.61432118,0.05036874,0.030803467,0.301512926,1.643711419,0.061926364,0,45.10969048,1.001879918
Europe,Spain,None,3/2/20,10.98873886,2.200286493,9.820719696,4.731535369,0.272350741,0.127549681,0.09498118,1.37968213,0.244976971,0.160385675,111.9569155,1.033401327
Asia,Sri Lanka,None,3/24/20,22.31419289,0.831245113,-9.569735482,0.453447791,3.077034374,0.006269077,0,0.001357601,0.31680007,0,90.20038234,0.990165077
Africa,Sudan,None,4/20/20,6.107184764,1.779423315,-12.73585412,1.249985715,0.145912447,0.075085437,0.088383725,6.478686628,0.911533493,0.000264635,63.15185158,0.885406828
South America,Suriname,None,6/7/20,9.984654777,1.141754832,-7.947707283,1.593856043,0.256143282,0.030612248,0.496393591,0.996615687,0.028328581,0.908170732,16.66917283,0.351504439
Europe,Sweden,None,3/6/20,370.5052078,0.408145623,0.324346456,0.015144646,4.629652094,0.116060932,0.117792264,25.06644813,0.032852,0.604837833,107.9384418,0.988530367
Europe,Switzerland,None,3/5/20,9.364177813,7.38037989,5.251829332,22.09427069,0.088335377,0.067476875,0.087410135,0.070143835,0.006086798,0.275170132,107.9893448,1.008827505
Asia,Tajikistan,None,5/3/20,13.83173965,1.658135356,-2.092294211,3.908248471,11.69452886,0.009568636,0,4.24145901,1.629843389,0.817901324,46.44190009,1.117723858
Africa,Tanzania,None,4/17/20,3.995486153,0.006123908,-559.4688468,117.2477702,0.197052748,0.034279729,0.142081233,2.835097219,0.283201674,0.099935464,65.91154597,1.000838378
Asia,Thailand,None,3/15/20,13.30721807,21.12558927,-1.001275258,80.51416197,0.132574509,0.019246081,0.159227467,6.225065748,0.006462976,0.93135883,94.43686898,1.098589569
Africa,Togo,None,4/29/20,6.0826637,0.529486226,0.73117956,0.708165228,26.38702583,0.013790508,0.5,1.225010525,0.021294817,1.175815082,49.43166401,1.325431116
South America,Trinidad and Tobago,None,4/4/20,1.464988337,0.750084512,-18.42563174,1.110532206,3.522112385,0.024449447,0.201058585,0.042743113,0.027053372,4.95160547,62.68032478,2.293062579
Africa,Tunisia,None,3/24/20,4.052620676,0.938444853,-7.340086757,2.154586445,0.2334799,0.043853561,0.126326447,1.539642404,1.37116219,0.37976532,79.98866543,0.726065279
Asia,Turkey,None,3/19/20,34.74175564,0.396246749,0.096221146,0.224156392,0.569849946,0.028440701,0.0659532,158.1423608,0.259979699,4.255169979,89.42595766,1.481055709
North America,US,Alabama,3/20/20,52.86705308,0.423522359,5.330565114,0.00264462,3.805038924,0.036237638,0.16346163,7.286147631,3.600989349,0.844293286,93.40838173,1.318778569
North America,US,Alaska,3/28/20,13.45524678,0.609695811,-1034.046855,0.01366855,5.09409709,0.018768354,0.5,0.035821411,0.493996992,1.459422695,68.45636592,1.698828496
North America,US,Arizona,3/21/20,30.14124023,0.499174137,-4.198393033,0.006693819,2.537901287,0.033706412,0.163570009,0.290951268,5.101425158,0.935230333,86.58825865,1.348873033
North America,US,Arkansas,3/20/20,16.08205578,0.665129241,-245.0797528,0.03731161,3.082171745,0.017884888,0.262016026,0.627199406,1.604143004,0.701887644,78.06761544,1.181223628
North America,US,California,3/7/20,106.2331108,0.459298246,-78.3345892,0.022021696,3.668290106,0.038981716,0.139951135,60.18034736,0.06958768,1.366838692,105.839845,1.462723849
North America,US,Colorado,3/14/20,37.18044857,0.54177595,0.093616516,0.285388027,0.446411818,0.057494101,0.038167947,18.38784337,0.020208569,2.601472001,100.6695701,1.711109467
North America,US,Connecticut,3/19/20,24.74119689,0.684273712,0.459501242,0.622243628,0.165532539,0.104112158,0.078514062,21.53674135,0.090096309,1.599721775,91.78491706,1.201010874
North America,US,Delaware,3/24/20,6.088149654,0.737867653,-4.144681838,0.533681567,0.088291536,0.049190767,0.053748975,5.442235677,0.020754061,2.078064828,89.89617412,1.822119738
North America,US,District of Columbia,3/23/20,16.47057039,0.620540649,2.323154237,0.440551464,0.296077051,0.057672078,0.057044842,5.590731204,0.177426977,0.959415815,92.77697853,1.078267645
North America,US,Florida,3/16/20,63.68883632,0.420281251,1.395443013,0.016882927,0.597933639,0.041862092,0.16471617,9.001506283,33.58776727,2.427528086,96.027716,2.505356298
North America,US,Georgia,3/16/20,36.16857528,0.385662821,0.149146735,0.020956125,1.040498116,0.049678979,0.152155913,41.43994971,0.01178198,1.469661899,90.551753,1.776780389
North America,US,Hawaii,3/26/20,12.30022992,0.832640714,-304.9759366,0.156474145,0.245399405,0.027884413,0.5,1.142846886,1.229082259,2.471536868,76.18403951,3.601175605
North America,US,Idaho,3/25/20,20.66667421,0.980493391,-2354.170213,0.013937685,2.827861993,0.027556448,0.378878523,0.124454436,3.375336124,2.670022069,84.58763801,1.639356115
North America,US,Illinois,3/17/20,33.20616534,0.47086978,32.63152073,0.532237277,0.238373551,0.050448071,0.023902602,1.800152857,11.99689258,0.566990166,91.78496102,1.097208013
North America,US,Indiana,3/21/20,23.71997506,0.474011389,0.061584597,0.202248876,1.743995099,0.066026878,0.072307857,29.74340176,0.228736849,2.351640342,93.03257241,1.007167114
North America,US,Iowa,3/23/20,10.40988107,0.800994337,-0.022356688,0.498528026,0.19790254,0.034447009,0.187984964,3.238161111,0.933696123,1.520543542,85.29859702,1.327063755
North America,US,Kansas,3/24/20,12.93900593,0.640145993,-7.342821165,0.382814541,5.711246935,0.02596719,0.258562354,5.640254487,0.430800756,3.671203365,84.54492988,1.407870581
North America,US,Kentucky,3/22/20,18.62548047,0.554748047,-138.053997,0.062565523,19.71948713,0.048303753,0.166900813,11.88207775,0.001598006,0.617241476,91.60864626,1.384607887
North America,US,Louisiana,3/16/20,67.87130197,0.372965502,0.400294537,0.074696366,0.910393769,0.073741337,0.112502266,32.60862966,24.01399875,4.999992848,95.38587199,1.71671059
North America,US,Maine,3/23/20,23.21221229,0.561095764,-36.59665968,0.14872512,4.476043332,0.044072469,0.194286035,0.085443159,1.276619295,0.374336872,94.16336541,1.032906499
North America,US,Maryland,3/19/20,60.89354035,0.720620796,0.051324552,0.41077259,5.111305972,0.054318708,0.094539744,15.45278525,0.006605241,0.086557914,100.671248,0.884645659
North America,US,Massachusetts,3/12/20,40.06199026,2.004142156,1.119596432,1.857729646,0.103328813,0.084609366,0.083953731,4.922549882,0.068622872,0.377951251,93.79654669,1.216496999
North America,US,Michigan,3/19/20,43.51043224,0.404204439,0.555372903,0.227673209,0.329987948,0.098557696,0.067483032,64.08559016,2.652970655,5,95.67822069,1.235113908
North America,US,Minnesota,3/20/20,28.54525535,3.745883288,-0.016403304,2.399824678,2.761387585,0.051862103,0.126289751,0.032876582,0.008987008,0.39814828,97.06941144,1.434725399
North America,US,Mississippi,3/21/20,29.19922741,0.533082054,-92.95944226,0.062325088,0.619902058,0.054529896,0.145275039,8.746117233,0.135555918,1.453513905,91.52321684,1.610137841
North America,US,Missouri,3/22/20,37.19961662,0.374577709,-0.507111168,0.042390368,0.314811441,0.067864196,0.176185492,2.072361893,13.40955743,1.785545424,87.47387987,2.088023426
North America,US,Montana,3/27/20,12.2926039,1.632470966,-453.6969175,0.132249654,0.274716879,0.035548486,0.309242864,0.109432436,0.648236817,2.042008402,80.46393892,1.587466829
North America,US,Nebraska,3/27/20,11.88338658,2.792419614,-17.54220005,1.659048322,0.222439375,0.013943979,0,3.683280303,0.080294335,0.306621768,83.75278906,1.052160316
North America,US,Nevada,3/20/20,39.25966835,0.38547914,-0.559298692,0.005685085,3.111156314,0.047200209,0.194622717,2.096917096,3.56844001,4.883671239,92.08488841,1.219651548
North America,US,New Hampshire,3/23/20,11.18222236,0.639112367,-7.87028999,0.347286879,0.047647967,0.080143811,0.037042697,2.415582142,0.470671454,0.038407721,91.77623943,0.940993851
North America,US,New Jersey,3/16/20,29.83911603,0.692120191,0.027333676,0.705078771,0.068250913,0.091253764,0.075526483,84.59828122,0.649999059,1.615597231,79.45720334,1.273358465
North America,US,New Mexico,3/24/20,33.30621981,0.479419289,-2.222453975,0.155810844,0.416241826,0.05306712,0.1379182,5.789350753,0.164067918,1.877620305,89.57375379,1.418865922
North America,US,New York,3/8/20,1.138375351,1.535723232,-0.842601153,1.720507577,0.12089712,0.19759803,0.878087173,9.784082308,2.151208845,1.719821752,4.682341187,2.208865194
North America,US,North Carolina,3/19/20,45.24173966,0.442122924,-23.49941431,0.007616498,3.307983839,0.031113758,0.170921018,11.47706443,0.738570278,0,95.87386385,1.011307726
North America,US,North Dakota,3/30/20,8.006497539,0.768751781,-11.12663625,0.4379507,0.378533159,0.025421946,0.099890647,1.114110502,0.280972673,1.591594686,85.77628563,1.379113478
North America,US,Ohio,3/19/20,34.22791363,0.435849426,-0.338377151,0.110843874,0.299212067,0.070230505,0.097259642,25.46811986,0.593986067,5,102.7022023,1.614493535
North America,US,Oklahoma,3/24/20,19.53139834,0.36711108,-15.19368433,0.005912732,6.385131135,0.048375314,0.225043008,1.665650506,7.409240508,2.104821572,80.26319921,2.355272664
North America,US,Oregon,3/20/20,17.85743311,0.389884122,-2.2061559,0.010033435,4.04736021,0.036059512,0.206943493,0.787816723,3.173616485,1.697464682,83.58791775,1.45013747
North America,US,Pennsylvania,3/17/20,69.01610957,0.53506842,0.149895452,0.338524379,0.08984272,0.086926566,0.068730563,54.01131825,2.083868947,4.134686645,96.32817047,1.275710506
North America,US,Rhode Island,3/23/20,11.74072199,0.86778304,0.111532215,0.817280204,0.053151532,0.066525255,0.066908638,1.770452446,2.713525957,2.27419092,91.34967315,1.376752825
North America,US,South Carolina,3/20/20,22.30934176,0.513566236,0.066616835,0.099821806,0.254200051,0.038616477,0.172031034,4.277339678,0.437544941,1.448029695,87.85043935,2.527986962
North America,US,South Dakota,3/30/20,11.43434001,0.384327872,0.338539793,0.101544076,0.049744472,0.017033642,0.07082436,8.175252718,0.02033188,0.906574035,80.69336293,1.294133415
North America,US,Tennessee,3/19/20,31.39843723,0.395390113,-0.437670233,0.005993617,6.063669167,0.018527484,0.297539995,12.17953974,1.450688539,1.021078513,96.08026139,3.543878116
North America,US,Texas,3/17/20,34.30089621,0.425736162,0.347856127,0.011459717,4.882970544,0.024525681,0.223118761,40.17837313,0.589569997,2.666215163,91.85472592,1.137839635
North America,US,Utah,3/20/20,23.75611591,0.430311913,-0.371387951,0.008248334,0.845552966,0.009292568,0.181452159,0.810004861,4.144418478,1.05930009,93.99168933,1.212324011
North America,US,Vermont,3/24/20,6.337877814,0.640032988,-590.1366122,0.062497924,0.716237791,0.050324136,0.169512601,4.879353981,0.339335683,4.536836511,69.31866778,1.499006157
North America,US,Virginia,3/20/20,13.9060622,1.110854233,-18.10045453,0.493367345,9.491361082,0.035182988,0.15476755,8.763199027,0.392874911,0.280875934,94.97659358,0.993936458
North America,US,Washington,3/7/20,36.48653937,0.379288795,0.279897087,0.039042757,20.30156203,0.056828092,0.157116631,146.7073798,201.1779872,5,106.3381919,1.032265271
North America,US,West Virginia,3/29/20,40.17338969,0.379796091,-149.770865,0.015630794,0.656817727,0.04501791,0.235545678,0.725908034,1.750991099,1.494724551,81.65085273,1.652280827
North America,US,Wisconsin,3/18/20,18.39823044,0.613098503,-21.21396304,0.180863103,5.022599693,0.037254543,0.162870571,5.067441597,1.707217243,1.042626268,92.63804153,0.878973833
North America,US,Wyoming,3/31/20,14.22729303,0.88400956,-491.1363712,0.054608038,0.036949216,0.026747343,0.317706015,0.032422386,1.036946912,1.26714514,74.56224989,1.811801588
Africa,Uganda,None,5/7/20,,0.872721331,12.31528613,3.548980749,0.000392076,0.000251274,0.199509172,0.069280453,0.060051081,1.12195445,45.87636898,1.674754503
Europe,Ukraine,None,3/25/20,18.15908635,0.427778136,-26.5271002,0.039987925,0.612200185,0.033656148,0.160746309,19.86754995,0.069212514,1.09765692,81.48996023,1.156719892
Asia,United Arab Emirates,None,3/18/20,14.23009492,0.824477311,-0.882004468,0.448535419,1.506364682,0.007189959,0,5.257658189,0.004277252,0.998487678,97.55028767,0.803668862
Europe,United Kingdom,None,3/5/20,428.8636424,1.030139295,0.022535682,0.749601485,23.88225997,0.152170187,0,26.14148317,0.003299959,0.269567421,112.2777019,1.496610045
South America,Uruguay,None,3/21/20,9.3726131,0.495440897,-342.9682542,0.041749596,0.058127116,0.032659125,0.086039245,0.069305762,1.337903459,4.681436312,91.32479359,1.036227106
Asia,Uzbekistan,None,3/28/20,15.71578402,0.442642704,-36.62234339,0.039513487,0.928248366,0.003027872,0,0.275614671,2.943498495,1.774407227,82.19185902,2.01468295
South America,Venezuela,None,3/26/20,25.91625715,1.281418748,-159.9219216,0.126164647,0.277863851,0.010299204,0.20048906,0.007395596,0.139736056,0.218116474,88.60002413,0.978239819
Asia,Vietnam,None,3/22/20,,0.444904445,-346.859937,0.043455638,0.000447955,0.000160963,0.153469479,0.001751422,0.557078091,3.120114599,78.78701607,1.567927598
Asia,Yemen,None,5/15/20,6.240547492,1.279254683,-8.206820552,1.256083752,0.30843249,0.320932855,0.078786839,4.466084867,0.858943905,0,37.9097049,1.007109542
Africa,Zambia,None,4/30/20,20.33449594,0.850841794,0.963715589,1.75545064,0.102995431,0.0102552,0.225114584,0.902049758,0.65464072,1.261861864,43.13507496,1.009695071
Africa,Zimbabwe,None,5/27/20,6.913987551,0.823575144,-11.77079145,0.998591918,0.02595388,0.005190769,0.5,0.608302055,0.38825454,0,24.70476766,1.356917166