region,country,province,cap_ratio,eval_days,capped_days,capped_fraction,mean_policy_over_arctan_ratio
Afghanistan,Afghanistan,None,1.5,93,93,1.0,4.060001496731218
Albania,Albania,None,1.5,93,93,1.0,1.7424474017819582
Algeria,Algeria,None,1.5,93,82,0.8817204301075269,1.772679692552195
Andorra,Andorra,None,1.5,93,89,0.956989247311828,2.212330206003565
Angola,Angola,None,1.5,93,93,1.0,5.5442016014891315
Argentina,Argentina,None,1.5,93,0,0.0,1.2425789802165743
Australia - Australian Capital Territory,Australia,Australian Capital Territory,1.5,93,91,0.978494623655914,4.65965600682524
Australia - New South Wales,Australia,New South Wales,1.5,93,93,1.0,18.13090278901312
Australia - Queensland,Australia,Queensland,1.5,93,83,0.8924731182795699,1.8274504015806414
Australia - South Australia,Australia,South Australia,1.5,93,0,0.0,0.3940461706967752
Australia - Tasmania,Australia,Tasmania,1.5,93,0,0.0,0.891145805818327
Australia - Victoria,Australia,Victoria,1.5,93,0,0.0,1.2197450743798046
Australia - Western Australia,Australia,Western Australia,1.5,93,77,0.8279569892473119,1.6965032643643594
Austria,Austria,None,1.5,93,85,0.9139784946236559,2.7022961144180346
Azerbaijan,Azerbaijan,None,1.5,93,0,0.0,1.0470129577602785
Bahrain,Bahrain,None,1.5,93,37,0.3978494623655914,1.449334461716567
Bangladesh,Bangladesh,None,1.5,93,93,1.0,2.0851543776474415
Belarus,Belarus,None,1.5,93,83,0.8924731182795699,2.0042805817616247
Belgium,Belgium,None,1.5,93,89,0.956989247311828,6.039192286838739
Benin,Benin,None,1.5,93,89,0.956989247311828,17.939106167013435
Bolivia,Bolivia,None,1.5,93,85,0.9139784946236559,1.8337610437698169
Bosnia and Herzegovina,Bosnia and Herzegovina,None,1.5,93,28,0.3010752688172043,1.4310388125659201
Brazil,Brazil,None,1.5,93,83,0.8924731182795699,2.6508863106924836
Bulgaria,Bulgaria,None,1.5,93,93,1.0,3.4821234111554853
Burkina Faso,Burkina Faso,None,1.5,93,0,0.0,1.1590356474753156
Burundi,Burundi,None,1.5,93,91,0.978494623655914,24.484739366682895
Cambodia,Cambodia,None,1.5,93,87,0.9354838709677419,3.652618705769635
Cameroon,Cameroon,None,1.5,93,41,0.44086021505376344,1.5054458369397714
Canada - Alberta,Canada,Alberta,1.5,93,93,1.0,11.527750853810591
Canada - British Columbia,Canada,British Columbia,1.5,93,68,0.7311827956989247,1.5923738901653475
Canada - Manitoba,Canada,Manitoba,1.5,93,93,1.0,2.228638199559179
Canada - New Brunswick,Canada,New Brunswick,1.5,93,0,0.0,1.04923999458869
Canada - Newfoundland and Labrador,Canada,Newfoundland and Labrador,1.5,93,0,0.0,0.8452772131617556
Canada - Nova Scotia,Canada,Nova Scotia,1.5,93,93,1.0,151.77362586354516
Canada - Ontario,Canada,Ontario,1.5,93,86,0.9247311827956989,2.0162741459491644
Canada - Quebec,Canada,Quebec,1.5,93,93,1.0,3.1253414991172765
Canada - Saskatchewan,Canada,Saskatchewan,1.5,93,86,0.9247311827956989,2.1674490519758036
Central African Republic,Central African Republic,None,1.5,93,93,1.0,40.0246270955687
Chad,Chad,None,1.5,93,93,1.0,24.002197480519495
Chile,Chile,None,1.5,93,77,0.8279569892473119,2.526982450108232
Colombia,Colombia,None,1.5,93,0,0.0,1.0631213079415613
Congo (Kinshasa),Congo (Kinshasa),None,1.5,93,93,1.0,2.9556708334107387
Costa Rica,Costa Rica,None,1.5,93,0,0.0,1.0066619847008735
Cote d'Ivoire,Cote d'Ivoire,None,1.5,93,0,0.0,1.0182582466666692
Croatia,Croatia,None,1.5,93,93,1.0,11.220063858787489
Cuba,Cuba,None,1.5,93,74,0.7956989247311828,2.145830004961155
Cyprus,Cyprus,None,1.5,93,93,1.0,2.0893232195237363
Czechia,Czechia,None,1.5,93,87,0.9354838709677419,2.6246885121078845
Denmark,Denmark,None,1.5,93,88,0.946236559139785,4.04801148084936
Djibouti,Djibouti,None,1.5,93,61,0.6559139784946236,1.6551452804610947
Dominican Republic,Dominican Republic,None,1.5,93,0,0.0,1.0861792987495917
Ecuador,Ecuador,None,1.5,93,84,0.9032258064516129,3.432465202077537
Egypt,Egypt,None,1.5,93,0,0.0,1.319974641742695
El Salvador,El Salvador,None,1.5,93,62,0.6666666666666666,1.5787171761113827
Estonia,Estonia,None,1.5,93,40,0.43010752688172044,1.416027270584541
Ethiopia,Ethiopia,None,1.5,93,93,1.0,13.963088052933614
Finland,Finland,None,1.5,93,86,0.9247311827956989,2.5858085577983805
France,France,None,1.5,93,86,0.9247311827956989,16.64824160661716
Gabon,Gabon,None,1.5,93,91,0.978494623655914,3.712505245621743
Georgia,Georgia,None,1.5,93,89,0.956989247311828,1.8549165049312557
Germany,Germany,None,1.5,93,93,1.0,15.817744099665568
Ghana,Ghana,None,1.5,93,91,0.978494623655914,2.9358170758845987
Greece,Greece,None,1.5,93,93,1.0,8.337216927641414
Guatemala,Guatemala,None,1.5,93,90,0.967741935483871,2.591316733649668
Guinea,Guinea,None,1.5,93,90,0.967741935483871,2.2638647185132443
Guyana,Guyana,None,1.5,93,88,0.946236559139785,3.9070028806000585
Haiti,Haiti,None,1.5,93,93,1.0,18.985746187304457
Honduras,Honduras,None,1.5,93,8,0.08602150537634409,1.2995119246574935
Hungary,Hungary,None,1.5,93,51,0.5483870967741935,1.4658524183931383
Iceland,Iceland,None,1.5,93,0,0.0,0.9962179092117095
India,India,None,1.5,93,19,0.20430107526881722,1.4048023247852048
Indonesia,Indonesia,None,1.5,93,0,0.0,1.0525139832584895
Iran,Iran,None,1.5,93,0,0.0,1.0669021205561902
Iraq,Iraq,None,1.5,93,0,0.0,1.0302333637817673
Ireland,Ireland,None,1.5,93,92,0.989247311827957,11.18283733063672
Israel,Israel,None,1.5,93,92,0.989247311827957,17.528005884510687
Italy,Italy,None,1.5,93,93,1.0,3.7022362513422356
Jamaica,Jamaica,None,1.5,93,91,0.978494623655914,2.3649464056090457
Japan,Japan,None,1.5,93,85,0.9139784946236559,3.5750019730015357
Jordan,Jordan,None,1.5,93,0,0.0,1.0789960001568846
Kazakhstan,Kazakhstan,None,1.5,93,0,0.0,1.101146692816032
Kenya,Kenya,None,1.5,93,71,0.7634408602150538,1.890477532923656
"Korea, South","Korea, South",None,1.5,93,0,0.0,1.0153811695735768
Kosovo,Kosovo,None,1.5,93,77,0.8279569892473119,2.1318959006899925
Kuwait,Kuwait,None,1.5,93,90,0.967741935483871,5.045946849586776
Latvia,Latvia,None,1.5,93,15,0.16129032258064516,1.2823894414473096
Lebanon,Lebanon,None,1.5,93,0,0.0,1.0310710051635914
Liberia,Liberia,None,1.5,93,0,0.0,1.0650697041388193
Libya,Libya,None,1.5,93,92,0.989247311827957,15.390589509951386
Lithuania,Lithuania,None,1.5,93,38,0.40860215053763443,1.2971250661947142
Luxembourg,Luxembourg,None,1.5,93,93,1.0,3.8866181760410186
Madagascar,Madagascar,None,1.5,93,89,0.956989247311828,13.145706498347511
Malawi,Malawi,None,1.5,93,90,0.967741935483871,9.100397759628661
Malaysia,Malaysia,None,1.5,93,56,0.6021505376344086,1.7335396781896453
Mali,Mali,None,1.5,93,56,0.6021505376344086,1.6107122673431102
Malta,Malta,None,1.5,93,77,0.8279569892473119,1.4993662172677868
Mauritania,Mauritania,None,1.5,93,93,1.0,5.823083090285516
Mauritius,Mauritius,None,1.5,93,0,0.0,1.0174532958524116
Mexico,Mexico,None,1.5,93,56,0.6021505376344086,1.567897895265965
Moldova,Moldova,None,1.5,93,0,0.0,1.082900744499625
Monaco,Monaco,None,1.5,93,88,0.946236559139785,18.725205926997713
Mongolia,Mongolia,None,1.5,93,93,1.0,38.9831068966059
Morocco,Morocco,None,1.5,93,85,0.9139784946236559,1.9368547268204581
Mozambique,Mozambique,None,1.5,93,93,1.0,9.166699555313684
Namibia,Namibia,None,1.5,93,87,0.9354838709677419,13.93782763306529
Nepal,Nepal,None,1.5,93,93,1.0,13.465305456475443
Netherlands,Netherlands,None,1.5,93,90,0.967741935483871,4.501237061914043
New Zealand,New Zealand,None,1.5,93,89,0.956989247311828,291.2592688012772
Nicaragua,Nicaragua,None,1.5,93,88,0.946236559139785,4.233407070652221
Niger,Niger,None,1.5,93,0,0.0,0.96227699171982
Nigeria,Nigeria,None,1.5,93,37,0.3978494623655914,1.4424407319260921
Norway,Norway,None,1.5,93,57,0.6129032258064516,1.5097526937270558
Oman,Oman,None,1.5,93,69,0.7419354838709677,1.7196885359495044
Pakistan,Pakistan,None,1.5,93,37,0.3978494623655914,1.5574187657311662
Panama,Panama,None,1.5,93,0,0.0,0.996421286438013
Paraguay,Paraguay,None,1.5,93,85,0.9139784946236559,2.0776651188662325
Peru,Peru,None,1.5,93,93,1.0,3.1843382231159936
Philippines,Philippines,None,1.5,93,0,0.0,1.1225383042903831
Poland,Poland,None,1.5,93,39,0.41935483870967744,1.5669662828069877
Portugal,Portugal,None,1.5,93,0,0.0,1.0204165463255814
Qatar,Qatar,None,1.5,93,93,1.0,2.7301739535774887
Romania,Romania,None,1.5,93,51,0.5483870967741935,1.4708456232519416
Russia,Russia,None,1.5,93,87,0.9354838709677419,3.1231344849402403
Rwanda,Rwanda,None,1.5,93,87,0.9354838709677419,3.1729580293595125
San Marino,San Marino,None,1.5,93,93,1.0,5.271384384280539
Saudi Arabia,Saudi Arabia,None,1.5,93,44,0.4731182795698925,1.488015629284114
Senegal,Senegal,None,1.5,93,88,0.946236559139785,2.2038422421479273
Serbia,Serbia,None,1.5,93,77,0.8279569892473119,2.116764910658758
Sierra Leone,Sierra Leone,None,1.5,93,81,0.8709677419354839,1.885205899615235
Singapore,Singapore,None,1.5,93,92,0.989247311827957,5.997186607269075
Slovakia,Slovakia,None,1.5,93,89,0.956989247311828,56.28560024816547
Slovenia,Slovenia,None,1.5,93,91,0.978494623655914,8.655548664746105
Somalia,Somalia,None,1.5,93,93,1.0,4.261046488747688
South Africa,South Africa,None,1.5,93,0,0.0,1.108736746777518
South Sudan,South Sudan,None,1.5,93,93,1.0,13.72339602864921
Spain,Spain,None,1.5,93,84,0.9032258064516129,5.046412383334797
Sri Lanka,Sri Lanka,None,1.5,93,93,1.0,3.402569993904214
Sudan,Sudan,None,1.5,93,93,1.0,7.009039045206494
Suriname,Suriname,None,1.5,93,93,1.0,12.718128291458628
Sweden,Sweden,None,1.5,93,0,0.0,1.1546075219377856
Switzerland,Switzerland,None,1.5,93,86,0.9247311827956989,2.477616122256001
Tajikistan,Tajikistan,None,1.5,93,89,0.956989247311828,14.193918270287234
Tanzania,Tanzania,None,1.5,93,0,0.0,0.2334203781429331
Thailand,Thailand,None,1.5,93,86,0.9247311827956989,15.74298313993831
Togo,Togo,None,1.5,93,89,0.956989247311828,6.003817940024678
Trinidad and Tobago,Trinidad and Tobago,None,1.5,93,93,1.0,9.983961720777938
Tunisia,Tunisia,None,1.5,93,93,1.0,8.16955848283815
Turkey,Turkey,None,1.5,93,86,0.9247311827956989,2.193033043758979
Uganda,Uganda,None,1.5,93,90,0.967741935483871,25.004064395839606
Ukraine,Ukraine,None,1.5,93,0,0.0,1.2803114868079262
United Arab Emirates,United Arab Emirates,None,1.5,93,89,0.956989247311828,3.5909073660525515
United Kingdom,United Kingdom,None,1.5,93,71,0.7634408602150538,1.7473543802528881
Uruguay,Uruguay,None,1.5,93,8,0.08602150537634409,1.168788608549499
US - Alabama,US,Alabama,1.5,93,0,0.0,1.3678605537721393
US - Alaska,US,Alaska,1.5,93,0,0.0,1.3754495562615539
US - Arizona,US,Arizona,1.5,93,0,0.0,1.03638073485173
US - Arkansas,US,Arkansas,1.5,93,0,0.0,1.163870723641968
US - California,US,California,1.5,93,0,0.0,1.0098228981015107
US - Colorado,US,Colorado,1.5,93,68,0.7311827956989247,1.6457268413110642
US - Connecticut,US,Connecticut,1.5,93,87,0.9354838709677419,3.1521584337489155
US - Delaware,US,Delaware,1.5,93,84,0.9032258064516129,2.940132168881777
US - District of Columbia,US,District of Columbia,1.5,93,89,0.956989247311828,2.97964248333852
US - Florida,US,Florida,1.5,93,0,0.0,1.009428150011155
US - Georgia,US,Georgia,1.5,93,0,0.0,1.1281932654610909
US - Hawaii,US,Hawaii,1.5,93,88,0.946236559139785,2.5126940630874195
US - Idaho,US,Idaho,1.5,93,0,0.0,1.0282843435228692
US - Illinois,US,Illinois,1.5,93,90,0.967741935483871,3.6684866845498214
US - Indiana,US,Indiana,1.5,93,61,0.6559139784946236,1.5957859846888907
US - Iowa,US,Iowa,1.5,93,88,0.946236559139785,2.5458524395964903
US - Kansas,US,Kansas,1.5,93,86,0.9247311827956989,2.0056790989314752
US - Kentucky,US,Kentucky,1.5,93,0,0.0,1.193393207746121
US - Louisiana,US,Louisiana,1.5,93,0,0.0,1.1241413422571422
US - Maine,US,Maine,1.5,93,60,0.6451612903225806,1.5760431535873385
US - Maryland,US,Maryland,1.5,93,93,1.0,3.0149824092332036
US - Massachusetts,US,Massachusetts,1.5,93,91,0.978494623655914,4.395755993516803
US - Michigan,US,Michigan,1.5,93,80,0.8602150537634409,1.8121068407953533
US - Minnesota,US,Minnesota,1.5,93,70,0.7526881720430108,1.7505841543497043
US - Mississippi,US,Mississippi,1.5,93,0,0.0,1.1522416593116889
US - Missouri,US,Missouri,1.5,93,0,0.0,1.1220422581499472
US - Montana,US,Montana,1.5,93,88,0.946236559139785,2.1808878507584875
US - Nebraska,US,Nebraska,1.5,93,88,0.946236559139785,2.6365122411964035
US - Nevada,US,Nevada,1.5,93,0,0.0,0.9709238098835985
US - New Hampshire,US,New Hampshire,1.5,93,93,1.0,2.2274619339447272
US - New Jersey,US,New Jersey,1.5,93,93,1.0,3.926288814392516
US - New Mexico,US,New Mexico,1.5,93,66,0.7096774193548387,1.6044380395395301
US - New York,US,New York,1.5,93,93,1.0,3.1569792825467187
US - North Carolina,US,North Carolina,1.5,93,0,0.0,1.0204681116788612
US - North Dakota,US,North Dakota,1.5,93,87,0.9354838709677419,2.6576724147779043
US - Ohio,US,Ohio,1.5,93,19,0.20430107526881722,1.278792484722303
US - Oklahoma,US,Oklahoma,1.5,93,0,0.0,1.3992074963307575
US - Oregon,US,Oregon,1.5,93,0,0.0,1.1036494360651166
US - Pennsylvania,US,Pennsylvania,1.5,93,44,0.4731182795698925,1.4170581895746588
US - Rhode Island,US,Rhode Island,1.5,93,86,0.9247311827956989,3.336527620118419
US - South Carolina,US,South Carolina,1.5,93,72,0.7741935483870968,1.5922756340566406
US - South Dakota,US,South Dakota,1.5,93,22,0.23655913978494625,1.3532274517558522
US - Tennessee,US,Tennessee,1.5,93,0,0.0,0.9589594079080827
US - Texas,US,Texas,1.5,93,0,0.0,1.0147963743943338
US - Utah,US,Utah,1.5,93,0,0.0,1.003411229528381
US - Vermont,US,Vermont,1.5,93,93,1.0,2.8279297454226677
US - Virginia,US,Virginia,1.5,93,90,0.967741935483871,3.3638699987754546
US - Washington,US,Washington,1.5,93,0,0.0,1.0753960989283522
US - West Virginia,US,West Virginia,1.5,93,0,0.0,1.0056067479828668
US - Wisconsin,US,Wisconsin,1.5,93,53,0.5698924731182796,1.5232230448408572
US - Wyoming,US,Wyoming,1.5,93,73,0.7849462365591398,1.5249595304764025
Uzbekistan,Uzbekistan,None,1.5,93,23,0.24731182795698925,1.2275984065831367
Venezuela,Venezuela,None,1.5,93,13,0.13978494623655913,1.3777555362491063
Vietnam,Vietnam,None,1.5,93,58,0.6236559139784946,1.6153320279700936
Yemen,Yemen,None,1.5,93,93,1.0,12.4917241444569
Zambia,Zambia,None,1.5,93,93,1.0,10.825716501587022
Zimbabwe,Zimbabwe,None,1.5,93,93,1.0,7.167979157532243
