region,country,province,model,n_eval_days,mean_daily_ape_cases_pct,mean_daily_ape_deaths_pct,mean_daily_ape_both_pct
Afghanistan,Afghanistan,None,delphi,93,38.746058005509575,46.86349899386715,42.80477849968836
Afghanistan,Afghanistan,None,delphi_lookahead,93,6.071304397746939,17.63089303133847,11.851098714542704
Afghanistan,Afghanistan,None,delphi_constant,93,69.36899742433702,73.5236631593373,71.44633029183717
Afghanistan,Afghanistan,None,themis,93,143.79405646371347,63.49858911012997,103.64632278692173
Afghanistan,Afghanistan,None,seir,93,3640.9272975572685,2541.17836386782,3091.052830712544
Albania,Albania,None,delphi,93,68.63736159621635,65.63504429210029,67.13620294415833
Albania,Albania,None,delphi_lookahead,93,74.06029084119486,87.09454857844234,80.5774197098186
Albania,Albania,None,delphi_constant,93,76.1725571346783,73.62199022197927,74.89727367832879
Albania,Albania,None,themis,93,135.14440395910927,69.79734184947905,102.47087290429417
Albania,Albania,None,seir,93,64.44091846357554,52.98133220983346,58.7111253367045
Algeria,Algeria,None,delphi,93,51.40130902872674,31.341678848633727,41.37149393868023
Algeria,Algeria,None,delphi_lookahead,93,55.48875877652975,13.308853060575796,34.398805918552775
Algeria,Algeria,None,delphi_constant,93,63.32680379154923,48.17259999737747,55.74970189446335
Algeria,Algeria,None,themis,93,38.99539803864048,28.089302405258778,33.54235022194963
Algeria,Algeria,None,seir,93,48.965454977255135,222.6721888549679,135.81882191611152
Andorra,Andorra,None,delphi,93,16.08097442134354,0.7514396741420479,8.416207047742795
Andorra,Andorra,None,delphi_lookahead,93,13.977798740411727,0.972283040594236,7.4750408905029815
Andorra,Andorra,None,delphi_constant,93,52.31824457104085,44.0085595621912,48.16340206661603
Andorra,Andorra,None,themis,93,52.27231694110744,43.96247666256061,48.117396801834026
Andorra,Andorra,None,seir,93,42.68889744507916,40.92409571720919,41.806496581144174
Angola,Angola,None,delphi,93,100.0,100.0,100.0
Angola,Angola,None,delphi_lookahead,93,100.0,100.0,100.0
Angola,Angola,None,delphi_constant,93,100.0,100.0,100.0
Angola,Angola,None,themis,93,100.0,100.0,100.0
Angola,Angola,None,seir,93,65.84639206945091,56.26461427038389,61.0555031699174
Argentina,Argentina,None,delphi,93,79.34009074208949,60.8568044033053,70.0984475726974
Argentina,Argentina,None,delphi_lookahead,93,142.71520493727868,128.22676962229238,135.47098727978553
Argentina,Argentina,None,delphi_constant,93,84.40990441414347,70.50864607601791,77.45927524508069
Argentina,Argentina,None,themis,93,783.8955627717958,575.6659680342107,679.7807654030032
Argentina,Argentina,None,seir,93,19.461301139397786,90.79091382121123,55.12610748030451
Australia - Australian Capital Territory,Australia,Australian Capital Territory,delphi,93,3.3503641482516726,0.0,1.6751820741258363
Australia - Australian Capital Territory,Australia,Australian Capital Territory,delphi_lookahead,93,1.5424121428498632,0.0,0.7712060714249316
Australia - Australian Capital Territory,Australia,Australian Capital Territory,delphi_constant,93,41.398685086991144,38.41307031349325,39.9058777002422
Australia - Australian Capital Territory,Australia,Australian Capital Territory,themis,93,41.39817126836363,38.412782280785024,39.905476774574325
Australia - Australian Capital Territory,Australia,Australian Capital Territory,seir,93,16.849189084686234,14.22767656285853,15.538432823772382
Australia - New South Wales,Australia,New South Wales,delphi,93,15.401447842396724,2.4674137645132492,8.934430803454987
Australia - New South Wales,Australia,New South Wales,delphi_lookahead,93,8.154548785760277,2.7274269509292552,5.440987868344766
Australia - New South Wales,Australia,New South Wales,delphi_constant,93,35.63281649477,22.989251654069538,29.311034074419766
Australia - New South Wales,Australia,New South Wales,themis,93,35.631140469883285,22.987819133714716,29.309479801799
Australia - New South Wales,Australia,New South Wales,seir,93,1149.925102953417,2148.0870547308664,1649.0060788421417
Australia - Queensland,Australia,Queensland,delphi,93,5.670115578546129,66.66666666666666,36.168391122606394
Australia - Queensland,Australia,Queensland,delphi_lookahead,93,4.936030874877227,66.66666666666666,35.801348770771945
Australia - Queensland,Australia,Queensland,delphi_constant,93,48.8964542227424,7.697434674857145,28.29694444879977
Australia - Queensland,Australia,Queensland,themis,93,48.89509941277439,7.695641675786941,28.295370544280665
Australia - Queensland,Australia,Queensland,seir,93,911.9726811125925,1659.6181324068891,1285.7954067597407
Australia - South Australia,Australia,South Australia,delphi,93,2.3904222944494817,0.0,1.1952111472247409
Australia - South Australia,Australia,South Australia,delphi_lookahead,93,2.0471512440780315,18.27956989247312,10.163360568275575
Australia - South Australia,Australia,South Australia,delphi_constant,93,25.595888328114132,15.987658564275607,20.79177344619487
Australia - South Australia,Australia,South Australia,themis,93,25.595373519451318,15.987192340721307,20.79128293008631
Australia - South Australia,Australia,South Australia,seir,93,22.940986725267408,5.195818874660246,14.068402799963827
Australia - Tasmania,Australia,Tasmania,delphi,93,0.43808216901536184,0.0,0.21904108450768092
Australia - Tasmania,Australia,Tasmania,delphi_lookahead,93,0.33800074584011996,0.0,0.16900037292005998
Australia - Tasmania,Australia,Tasmania,delphi_constant,93,67.76090253771804,67.20835592746458,67.48462923259132
Australia - Tasmania,Australia,Tasmania,themis,93,67.74964859678752,67.19812046960388,67.4738845331957
Australia - Tasmania,Australia,Tasmania,seir,93,110.26090712838167,78.452202852402,94.35655499039183
Australia - Victoria,Australia,Victoria,delphi,93,67.77244420925355,60.88924504343185,64.3308446263427
Australia - Victoria,Australia,Victoria,delphi_lookahead,93,167.23282825231925,528.271295526549,347.7520618894341
Australia - Victoria,Australia,Victoria,delphi_constant,93,75.54334810559648,70.1050984585304,72.82422328206344
Australia - Victoria,Australia,Victoria,themis,93,75.534160425564,70.09648306502231,72.81532174529315
Australia - Victoria,Australia,Victoria,seir,93,60.884556993678544,58.575783909001956,59.73017045134025
Australia - Western Australia,Australia,Western Australia,delphi,93,9.428421130223295,0.0,4.714210565111648
Australia - Western Australia,Australia,Western Australia,delphi_lookahead,93,2.6873098524027172,0.0,1.3436549262013586
Australia - Western Australia,Australia,Western Australia,delphi_constant,93,31.41609423608961,20.713621994089728,26.06485811508967
Australia - Western Australia,Australia,Western Australia,themis,93,31.41411468255029,20.71191765867359,26.063016170611938
Australia - Western Australia,Australia,Western Australia,seir,93,13.817972188300573,8.021616624034552,10.919794406167561
Austria,Austria,None,delphi,93,22.127924075669895,10.105781924177201,16.116852999923548
Austria,Austria,None,delphi_lookahead,93,18.497815729006653,4.193409667391508,11.34561269819908
Austria,Austria,None,delphi_constant,93,40.76588718119038,31.59918227811982,36.1825347296551
Austria,Austria,None,themis,93,39.87496760345681,30.933496133248898,35.40423186835285
Austria,Austria,None,seir,93,856.099292731623,2373.347002669519,1614.723147700571
Azerbaijan,Azerbaijan,None,delphi,93,66.65542097265812,58.61771790712311,62.636569439890614
Azerbaijan,Azerbaijan,None,delphi_lookahead,93,33.15177685705509,35.59266835340526,34.37222260523018
Azerbaijan,Azerbaijan,None,delphi_constant,93,74.75204461508926,68.69451372545109,71.72327917027017
Azerbaijan,Azerbaijan,None,themis,93,141.001253032207,70.15835048343334,105.57980175782016
Azerbaijan,Azerbaijan,None,seir,93,128.34872870519115,94.80814290711186,111.5784358061515
Bahrain,Bahrain,None,delphi,93,75.38072537309692,37.24088518280824,56.31080527795258
Bahrain,Bahrain,None,delphi_lookahead,93,28.39992647515802,131.20796369231815,79.80394508373809
Bahrain,Bahrain,None,delphi_constant,93,81.08530964963727,47.612290923888246,64.34880028676275
Bahrain,Bahrain,None,themis,93,78.34782590177387,43.331271967593736,60.839548934683805
Bahrain,Bahrain,None,seir,93,339.3192410944555,303.7660232139614,321.54263215420843
Bangladesh,Bangladesh,None,delphi,93,65.11176946254301,48.91901291507036,57.01539118880669
Bangladesh,Bangladesh,None,delphi_lookahead,93,33.71017523946992,30.289138543601542,31.99965689153573
Bangladesh,Bangladesh,None,delphi_constant,93,73.62176066843847,61.47248492743219,67.54712279793533
Bangladesh,Bangladesh,None,themis,93,4306.11608745409,3702.1017122213198,4004.108899837705
Bangladesh,Bangladesh,None,seir,93,4315.723120519234,8565.221244114846,6440.47218231704
Barbados,Barbados,None,delphi,93,100.0,100.0,100.0
Barbados,Barbados,None,delphi_lookahead,93,100.0,100.0,100.0
Barbados,Barbados,None,delphi_constant,93,100.0,100.0,100.0
Barbados,Barbados,None,themis,93,100.0,100.0,100.0
Barbados,Barbados,None,seir,93,48.091489898692565,98.24547620692567,73.16848305280912
Belarus,Belarus,None,delphi,93,18.165649218134668,12.756555311298227,15.461102264716448
Belarus,Belarus,None,delphi_lookahead,93,4.137199394038755,20.731811709047197,12.434505551542976
Belarus,Belarus,None,delphi_constant,93,37.39650126477446,26.257041261180863,31.82677126297766
Belarus,Belarus,None,themis,93,32.35162323269042,22.70294303590011,27.527283134295267
Belarus,Belarus,None,seir,93,2820.7446501115705,2516.000673520932,2668.3726618162514
Belgium,Belgium,None,delphi,93,15.703172807178925,1.0648078519091535,8.383990329544039
Belgium,Belgium,None,delphi_lookahead,93,14.099201835029653,0.7194442215747219,7.409323028302188
Belgium,Belgium,None,delphi_constant,93,35.91651615576828,24.713632821944284,30.315074488856283
Belgium,Belgium,None,themis,93,637.1836393998232,232.61139180332816,434.89751560157566
Belgium,Belgium,None,seir,93,1737.6291219899456,5425.015428688572,3581.322275339259
Belize,Belize,None,delphi,93,100.0,100.0,100.0
Belize,Belize,None,delphi_lookahead,93,100.0,100.0,100.0
Belize,Belize,None,delphi_constant,93,100.0,100.0,100.0
Belize,Belize,None,themis,93,100.0,100.0,100.0
Belize,Belize,None,seir,93,52.30435530540841,67.29564791424866,59.800001609828534
Benin,Benin,None,delphi,93,100.0,100.0,100.0
Benin,Benin,None,delphi_lookahead,93,100.0,100.0,100.0
Benin,Benin,None,delphi_constant,93,100.0,100.0,100.0
Benin,Benin,None,themis,93,100.0,100.0,100.0
Benin,Benin,None,seir,93,99.49798563584393,71.60191186424538,85.54994875004465
Bhutan,Bhutan,None,delphi,93,53.13458876119406,,53.13458876119406
Bhutan,Bhutan,None,delphi_lookahead,93,49.85695059539867,,49.85695059539867
Bhutan,Bhutan,None,delphi_constant,93,64.48381320542985,,64.48381320542985
Bhutan,Bhutan,None,themis,93,58.83715127528661,,58.83715127528661
Bhutan,Bhutan,None,seir,93,97.91597273166475,,97.91597273166475
Bolivia,Bolivia,None,delphi,93,74.22417287593012,66.92134765081617,70.57276026337314
Bolivia,Bolivia,None,delphi_lookahead,93,67.1772546177931,89.39728206168957,78.28726833974133
Bolivia,Bolivia,None,delphi_constant,93,80.75786147221974,75.36892838424274,78.06339492823125
Bolivia,Bolivia,None,themis,93,51.885321122159525,55.81148474951912,53.84840293583932
Bolivia,Bolivia,None,seir,93,900.1078497278903,957.0738776145241,928.5908636712072
Bosnia and Herzegovina,Bosnia and Herzegovina,None,delphi,93,65.33554614247106,40.44500729378274,52.8902767181269
Bosnia and Herzegovina,Bosnia and Herzegovina,None,delphi_lookahead,93,87.6133371726885,54.042231280401836,70.82778422654516
Bosnia and Herzegovina,Bosnia and Herzegovina,None,delphi_constant,93,73.8629943104199,54.92091751605965,64.39195591323977
Bosnia and Herzegovina,Bosnia and Herzegovina,None,themis,93,72.98114504756292,53.58708405190986,63.28411454973639
Bosnia and Herzegovina,Bosnia and Herzegovina,None,seir,93,16.103087875347086,53.336116290196635,34.71960208277186
Botswana,Botswana,None,delphi,93,100.0,100.0,100.0
Botswana,Botswana,None,delphi_lookahead,93,100.0,100.0,100.0
Botswana,Botswana,None,delphi_constant,93,100.0,100.0,100.0
Botswana,Botswana,None,themis,93,100.0,100.0,100.0
Botswana,Botswana,None,seir,93,70.63008885419904,173.95473390103,122.29241137761453
Brazil,Brazil,None,delphi,93,66.31994915536302,32.944085882046636,49.63201751870483
Brazil,Brazil,None,delphi_lookahead,93,49.3433903769102,23.747217627167046,36.54530400203862
Brazil,Brazil,None,delphi_constant,93,74.75723598691721,49.8340595510649,62.29564776899105
Brazil,Brazil,None,themis,93,61.799881852414316,53.22889080764009,57.51438633002721
Brazil,Brazil,None,seir,93,1370.0077699398907,2677.54199727326,2023.7748836065755
Bulgaria,Bulgaria,None,delphi,93,63.341697257466905,43.33388934940091,53.33779330343391
Bulgaria,Bulgaria,None,delphi_lookahead,93,60.07594274132781,42.0844136549433,51.080178198135556
Bulgaria,Bulgaria,None,delphi_constant,93,72.26464957998243,57.011380800360236,64.63801519017133
Bulgaria,Bulgaria,None,themis,93,66.82114845048582,53.67079561578727,60.245972033136546
Bulgaria,Bulgaria,None,seir,93,21.920788956925595,43.98076476689423,32.950776861909915
Burkina Faso,Burkina Faso,None,delphi,93,21.922694962584394,1.7901341912297488,11.856414576907072
Burkina Faso,Burkina Faso,None,delphi_lookahead,93,15.16427865732802,1.9130784118611261,8.538678534594574
Burkina Faso,Burkina Faso,None,delphi_constant,93,41.36328332066677,24.809139801582138,33.08621156112445
Burkina Faso,Burkina Faso,None,themis,93,280.03238865314876,140.71122344083128,210.37180604699
Burkina Faso,Burkina Faso,None,seir,93,20.561518032315842,54.80984988409927,37.685683958207555
Burundi,Burundi,None,delphi,93,100.0,100.0,100.0
Burundi,Burundi,None,delphi_lookahead,93,100.0,100.0,100.0
Burundi,Burundi,None,delphi_constant,93,100.0,100.0,100.0
Burundi,Burundi,None,themis,93,100.0,100.0,100.0
Burundi,Burundi,None,seir,93,421.1737225899136,4780.927130519091,2601.0504265545023
Cambodia,Cambodia,None,delphi,93,36.13607230986556,,36.13607230986556
Cambodia,Cambodia,None,delphi_lookahead,93,29.565755483236234,,29.565755483236234
Cambodia,Cambodia,None,delphi_constant,93,51.33686132421382,,51.33686132421382
Cambodia,Cambodia,None,themis,93,51.33657860832934,,51.33657860832934
Cambodia,Cambodia,None,seir,93,88.1006240336874,,88.1006240336874
Cameroon,Cameroon,None,delphi,93,46.34238887696653,32.17659302790548,39.25949095243601
Cameroon,Cameroon,None,delphi_lookahead,93,14.585047485653618,1.7630360251656703,8.174041755409645
Cameroon,Cameroon,None,delphi_constant,93,59.39623696071001,48.83088790071443,54.11356243071222
Cameroon,Cameroon,None,themis,93,71.27694925944377,51.597530270127706,61.43723976478574
Cameroon,Cameroon,None,seir,93,910.0883252209709,1292.338028933725,1101.2131770773478
Canada - Alberta,Canada,Alberta,delphi,93,28.785689249305367,20.23978577487646,24.512737512090915
Canada - Alberta,Canada,Alberta,delphi_lookahead,93,21.67608867471644,11.743672093116027,16.709880383916232
Canada - Alberta,Canada,Alberta,delphi_constant,93,46.33396573398115,39.787085525666036,43.060525629823594
Canada - Alberta,Canada,Alberta,themis,93,45.31306997199686,39.106569018964684,42.20981949548077
Canada - Alberta,Canada,Alberta,seir,93,278.10279613197866,268.62897859920605,273.36588736559236
Canada - British Columbia,Canada,British Columbia,delphi,93,29.170754169066065,9.18542500776898,19.17808958841752
Canada - British Columbia,Canada,British Columbia,delphi_lookahead,93,31.89790363401626,5.319566435207782,18.60873503461202
Canada - British Columbia,Canada,British Columbia,delphi_constant,93,46.33087884244475,30.733447925240384,38.532163383842565
Canada - British Columbia,Canada,British Columbia,themis,93,46.09952397934152,30.479902613068163,38.28971329620484
Canada - British Columbia,Canada,British Columbia,seir,93,21.900953545624443,23.007609234083663,22.454281389854053
Canada - Manitoba,Canada,Manitoba,delphi,93,37.244461101870996,18.834279519763392,28.039370310817194
Canada - Manitoba,Canada,Manitoba,delphi_lookahead,93,78.09356558720927,33.71858875891134,55.906077173060304
Canada - Manitoba,Canada,Manitoba,delphi_constant,93,52.711171192251854,38.34980550162079,45.53048834693632
Canada - Manitoba,Canada,Manitoba,themis,93,52.708361976718145,38.346632969068885,45.527497472893515
Canada - Manitoba,Canada,Manitoba,seir,93,254.35318778446026,555.3344967455981,404.8438422650292
Canada - New Brunswick,Canada,New Brunswick,delphi,93,22.972553341392672,50.0,36.486276670696334
Canada - New Brunswick,Canada,New Brunswick,delphi_lookahead,93,5.484805794706693,0.0,2.7424028973533465
Canada - New Brunswick,Canada,New Brunswick,delphi_constant,93,41.899376091515016,49.56334973875248,45.731362915133744
Canada - New Brunswick,Canada,New Brunswick,themis,93,41.87720925559231,49.549213427043085,45.7132113413177
Canada - New Brunswick,Canada,New Brunswick,seir,93,5.941306855627326,86.7436152527494,46.34246105418836
Canada - Newfoundland and Labrador,Canada,Newfoundland and Labrador,delphi,93,1.4251869879323016,0.0,0.7125934939661508
Canada - Newfoundland and Labrador,Canada,Newfoundland and Labrador,delphi_lookahead,93,1.1755481174875062,0.0,0.5877740587437531
Canada - Newfoundland and Labrador,Canada,Newfoundland and Labrador,delphi_constant,93,25.707080324155672,23.9880963434875,24.847588333821584
Canada - Newfoundland and Labrador,Canada,Newfoundland and Labrador,themis,93,25.706073887528223,23.987208424248987,24.846641155888605
Canada - Newfoundland and Labrador,Canada,Newfoundland and Labrador,seir,93,39.03645610066834,42.227796444302676,40.63212627248551
Canada - Nova Scotia,Canada,Nova Scotia,delphi,93,100.0,100.0,100.0
Canada - Nova Scotia,Canada,Nova Scotia,delphi_lookahead,93,100.0,100.0,100.0
Canada - Nova Scotia,Canada,Nova Scotia,delphi_constant,93,100.0,100.0,100.0
Canada - Nova Scotia,Canada,Nova Scotia,themis,93,100.0,100.0,100.0
Canada - Nova Scotia,Canada,Nova Scotia,seir,93,1154.3542625879097,494.19924851407666,824.2767555509931
Canada - Ontario,Canada,Ontario,delphi,93,16.92237887392853,0.8594937457740908,8.89093630985131
Canada - Ontario,Canada,Ontario,delphi_lookahead,93,6.57328096805512,0.9730891518720665,3.7731850599635934
Canada - Ontario,Canada,Ontario,delphi_constant,93,37.045797583275,24.592180989071377,30.818989286173185
Canada - Ontario,Canada,Ontario,themis,93,32.62549302050706,20.677936475793054,26.651714748150056
Canada - Ontario,Canada,Ontario,seir,93,4778.048828603614,7595.736830412653,6186.892829508133
Canada - Quebec,Canada,Quebec,delphi,93,5.210352962196483,2.2375152165431924,3.7239340893698376
Canada - Quebec,Canada,Quebec,delphi_lookahead,93,4.184733087946406,0.4809273373374459,2.3328302126419262
Canada - Quebec,Canada,Quebec,delphi_constant,93,41.32495189489885,36.98597715834623,39.15546452662254
Canada - Quebec,Canada,Quebec,themis,93,37.68397019377819,34.727782339573444,36.205876266675816
Canada - Quebec,Canada,Quebec,seir,93,1495.5019462685525,1068.63692515955,1282.0694357140512
Canada - Saskatchewan,Canada,Saskatchewan,delphi,93,37.609883120706805,22.41922622205429,30.014554671380548
Canada - Saskatchewan,Canada,Saskatchewan,delphi_lookahead,93,32.51288169281045,15.989801268970956,24.251341480890705
Canada - Saskatchewan,Canada,Saskatchewan,delphi_constant,93,53.074249123305066,41.97938587923204,47.52681750126855
Canada - Saskatchewan,Canada,Saskatchewan,themis,93,52.13073733323433,41.164338742223386,46.64753803772886
Canada - Saskatchewan,Canada,Saskatchewan,seir,93,19.599096822494932,4.882824850009042,12.240960836251986
Central African Republic,Central African Republic,None,delphi,93,65.28710631503631,73.14452742527406,69.21581687015518
Central African Republic,Central African Republic,None,delphi_lookahead,93,11.629525064328499,17.960792244115307,14.795158654221904
Central African Republic,Central African Republic,None,delphi_constant,93,73.72515457845672,79.18740104724043,76.45627781284858
Central African Republic,Central African Republic,None,themis,93,162.96483100288626,73.34114112782602,118.15298606535615
Central African Republic,Central African Republic,None,seir,93,1778.746834859058,830.109062860692,1304.427948859875
Chad,Chad,None,delphi,93,100.0,100.0,100.0
Chad,Chad,None,delphi_lookahead,93,100.0,100.0,100.0
Chad,Chad,None,delphi_constant,93,100.0,100.0,100.0
Chad,Chad,None,themis,93,100.0,100.0,100.0
Chad,Chad,None,seir,93,21014.431324947833,22582.11125099922,21798.271287973526
Chile,Chile,None,delphi,93,49.81945482110429,62.638251503048124,56.228853162076206
Chile,Chile,None,delphi_lookahead,93,14.793622923619775,23.982371932167016,19.387997427893396
Chile,Chile,None,delphi_constant,93,63.406119182906856,72.87587446986201,68.14099682638444
Chile,Chile,None,themis,93,432.24410992542965,179.54001635701735,305.8920631412235
Chile,Chile,None,seir,93,2500.9552318808237,3138.010211413281,2819.482721647052
Colombia,Colombia,None,delphi,93,77.24151586005271,70.00298242239315,73.62224914122294
Colombia,Colombia,None,delphi_lookahead,93,132.43639928574217,114.28308737674078,123.35974333124148
Colombia,Colombia,None,delphi_constant,93,91.26456501454133,88.50666924885367,89.8856171316975
Colombia,Colombia,None,themis,93,75.72615540354002,73.84587347274476,74.78601443814239
Colombia,Colombia,None,seir,93,224.81610328910486,217.278399158846,221.04725122397542
Congo (Kinshasa),Congo (Kinshasa),None,delphi,93,48.50457391305959,38.14200210695811,43.32328801000885
Congo (Kinshasa),Congo (Kinshasa),None,delphi_lookahead,93,14.111292291970786,11.953490045296938,13.032391168633861
Congo (Kinshasa),Congo (Kinshasa),None,delphi_constant,93,61.05214840666684,53.402499075852376,57.22732374125961
Congo (Kinshasa),Congo (Kinshasa),None,themis,93,446.1892628712206,119.3328932568938,282.7610780640572
Congo (Kinshasa),Congo (Kinshasa),None,seir,93,258.3627992452454,512.747073741389,385.5549364933172
Costa Rica,Costa Rica,None,delphi,93,81.82007699880876,69.44157987926265,75.6308284390357
Costa Rica,Costa Rica,None,delphi_lookahead,93,251.29546678715712,498.0563926615014,374.67592972432925
Costa Rica,Costa Rica,None,delphi_constant,93,86.25014643144094,75.13653171984078,80.69333907564086
Costa Rica,Costa Rica,None,themis,93,84.80889752804379,73.91203201286365,79.36046477045372
Costa Rica,Costa Rica,None,seir,93,79.2308297496628,68.42361765870933,73.82722370418607
Cote d'Ivoire,Cote d'Ivoire,None,delphi,93,66.41481503459907,46.67300697702802,56.54391100581354
Cote d'Ivoire,Cote d'Ivoire,None,delphi_lookahead,93,27.01850364520479,45.72417497501795,36.371339310111374
Cote d'Ivoire,Cote d'Ivoire,None,delphi_constant,93,82.16551775410606,71.69130871108395,76.928413232595
Cote d'Ivoire,Cote d'Ivoire,None,themis,93,79.75749920394829,68.46900724173739,74.11325322284284
Cote d'Ivoire,Cote d'Ivoire,None,seir,93,176.69277675326126,377.81604488163157,277.2544108174464
Croatia,Croatia,None,delphi,93,50.491805191648126,20.988863509474456,35.74033435056129
Croatia,Croatia,None,delphi_lookahead,93,70.98299610540487,17.81970557623003,44.40135084081745
Croatia,Croatia,None,delphi_constant,93,80.11785308105738,67.92489582287747,74.02137445196743
Croatia,Croatia,None,themis,93,80.11335323278617,67.91921662114082,74.0162849269635
Croatia,Croatia,None,seir,93,37.25868297311205,37.94778251659035,37.6032327448512
Cuba,Cuba,None,delphi,93,22.637286477198916,3.765370386009093,13.201328431604004
Cuba,Cuba,None,delphi_lookahead,93,24.85377079462894,6.081820767490623,15.467795781059781
Cuba,Cuba,None,delphi_constant,93,41.897688932840595,26.920201959589775,34.408945446215185
Cuba,Cuba,None,themis,93,34.28480841783914,21.812442080733778,28.04862524928646
Cuba,Cuba,None,seir,93,309.2027030637804,456.0906996675387,382.6467013656595
Cyprus,Cyprus,None,delphi,93,17.6179872846479,13.210845621711496,15.414416453179697
Cyprus,Cyprus,None,delphi_lookahead,93,16.950131039577478,4.554233416712193,10.752182228144836
Cyprus,Cyprus,None,delphi_constant,93,60.389836321612236,57.18790372671592,58.78887002416408
Cyprus,Cyprus,None,themis,93,60.29453879297429,57.08169935321154,58.68811907309292
Cyprus,Cyprus,None,seir,93,20.946982871380182,33.40859401590824,27.17778844364421
Czechia,Czechia,None,delphi,93,40.658904246645626,11.567190679936392,26.11304746329101
Czechia,Czechia,None,delphi_lookahead,93,37.754973998946824,8.085036231504976,22.920005115225898
Czechia,Czechia,None,delphi_constant,93,55.02399885625496,32.827880346240136,43.92593960124755
Czechia,Czechia,None,themis,93,47.49091868485207,28.024281430970486,37.757600057911276
Czechia,Czechia,None,seir,93,1031.4815696641613,3512.650180584922,2272.065875124542
Denmark,Denmark,None,delphi,93,15.830588941749875,2.381169928372838,9.105879435061357
Denmark,Denmark,None,delphi_lookahead,93,13.435365126209776,1.0907743862151098,7.263069756212443
Denmark,Denmark,None,delphi_constant,93,35.083553061233445,24.04763164568602,29.565592353459735
Denmark,Denmark,None,themis,93,34.17350406483302,23.578640257412527,28.87607216112277
Denmark,Denmark,None,seir,93,284.3268835164528,658.9264992671071,471.62669139178
Djibouti,Djibouti,None,delphi,93,100.0,100.0,100.0
Djibouti,Djibouti,None,delphi_lookahead,93,100.0,100.0,100.0
Djibouti,Djibouti,None,delphi_constant,93,100.0,100.0,100.0
Djibouti,Djibouti,None,themis,93,100.0,100.0,100.0
Djibouti,Djibouti,None,seir,93,1058.7908758965561,556.0515825754105,807.4212292359833
Dominican Republic,Dominican Republic,None,delphi,93,56.68846521743217,39.62893776748305,48.15870149245761
Dominican Republic,Dominican Republic,None,delphi_lookahead,93,51.77204434832466,31.129852847829145,41.450948598076906
Dominican Republic,Dominican Republic,None,delphi_constant,93,67.18171303130308,54.35048674738345,60.766099889343266
Dominican Republic,Dominican Republic,None,themis,93,28.95327216922702,17.940199865174094,23.446736017200557
Dominican Republic,Dominican Republic,None,seir,93,121.67309520560666,334.34265067966265,228.00787294263466
Ecuador,Ecuador,None,delphi,93,40.69789365794507,22.14040880096344,31.419151229454258
Ecuador,Ecuador,None,delphi_lookahead,93,27.430027222973138,18.51355363447563,22.971790428724383
Ecuador,Ecuador,None,delphi_constant,93,55.15191627802158,41.140421725744126,48.14616900188285
Ecuador,Ecuador,None,themis,93,42.629166405510574,26.548204958005954,34.588685681758264
Ecuador,Ecuador,None,seir,93,886.9442584027662,733.9944645994559,810.469361501111
Egypt,Egypt,None,delphi,93,55.2894481525613,51.59459725811188,53.44202270533659
Egypt,Egypt,None,delphi_lookahead,93,14.636741648538866,18.529338128580783,16.583039888559824
Egypt,Egypt,None,delphi_constant,93,66.14274612190349,63.43985374421887,64.79129993306118
Egypt,Egypt,None,themis,93,946.5277512573163,347.94879456511893,647.2382729112176
Egypt,Egypt,None,seir,93,399.6911163893509,393.10423688277376,396.39767663606233
El Salvador,El Salvador,None,delphi,93,100.0,100.0,100.0
El Salvador,El Salvador,None,delphi_lookahead,93,100.0,100.0,100.0
El Salvador,El Salvador,None,delphi_constant,93,100.0,100.0,100.0
El Salvador,El Salvador,None,themis,93,100.0,100.0,100.0
El Salvador,El Salvador,None,seir,93,640.5410495227067,595.3889140458396,617.964981784273
Estonia,Estonia,None,delphi,93,11.256925396492623,6.971170792611886,9.114048094552254
Estonia,Estonia,None,delphi_lookahead,93,8.421744029714763,4.26802967563837,6.3448868526765665
Estonia,Estonia,None,delphi_constant,93,50.008442152843905,39.78070565506111,44.894573903952505
Estonia,Estonia,None,themis,93,49.980608417532316,39.752079683047725,44.866344050290024
Estonia,Estonia,None,seir,93,369.0508785590762,598.283072768421,483.6669756637486
Ethiopia,Ethiopia,None,delphi,93,81.05699232403046,77.65220766634468,79.35459999518757
Ethiopia,Ethiopia,None,delphi_lookahead,93,189.50680762057675,167.3203172992387,178.41356245990772
Ethiopia,Ethiopia,None,delphi_constant,93,85.71872239315094,83.15802390603216,84.43837314959154
Ethiopia,Ethiopia,None,themis,93,72.57928478926846,75.30909095004823,73.94418786965835
Ethiopia,Ethiopia,None,seir,93,91.46270084318994,82.07216011244121,86.76743047781557
Finland,Finland,None,delphi,93,5.573305414161387,1.1576232351051647,3.365464324633276
Finland,Finland,None,delphi_lookahead,93,5.452620454071466,1.2231582584294587,3.3378893562504626
Finland,Finland,None,delphi_constant,93,27.9671998587398,22.54135186123588,25.254275859987843
Finland,Finland,None,themis,93,27.695824915054956,22.401020633949315,25.048422774502136
Finland,Finland,None,seir,93,760.3125365577505,1700.7845600739902,1230.5485483158704
France,France,None,delphi,93,18.724999503658083,3.974944514350238,11.34997200900416
France,France,None,delphi_lookahead,93,22.145292962409435,1.0787459168331455,11.61201943962129
France,France,None,delphi_constant,93,52.665870626445624,44.0657843307809,48.36582747861326
France,France,None,themis,93,156.40977635799084,223.8553312973533,190.13255382767207
France,France,None,seir,93,854.5294395787173,3176.535576458851,2015.5325080187843
Gabon,Gabon,None,delphi,93,48.752997214141274,29.988811692708452,39.37090445342486
Gabon,Gabon,None,delphi_lookahead,93,18.071612223116873,33.83369453617552,25.952653379646197
Gabon,Gabon,None,delphi_constant,93,61.14016074682126,47.051836259764244,54.09599850329275
Gabon,Gabon,None,themis,93,524.1241721821971,391.6201100149199,457.8721410985585
Gabon,Gabon,None,seir,93,806.0160910369653,1687.6396360403141,1246.8278635386398
Gambia,Gambia,None,delphi,93,100.0,100.0,100.0
Gambia,Gambia,None,delphi_lookahead,93,100.0,100.0,100.0
Gambia,Gambia,None,delphi_constant,93,100.0,100.0,100.0
Gambia,Gambia,None,themis,93,100.0,100.0,100.0
Gambia,Gambia,None,seir,93,66.48608984724461,59.17164237989501,62.828866113569816
Georgia,Georgia,None,delphi,93,26.941429349593037,14.017249797485489,20.479339573539264
Georgia,Georgia,None,delphi_lookahead,93,23.290001306620866,6.017532366653511,14.653766836637189
Georgia,Georgia,None,delphi_constant,93,44.40015478939254,33.97406882863495,39.18711180901374
Georgia,Georgia,None,themis,93,44.28346770356491,33.84102594501699,39.06224682429095
Georgia,Georgia,None,seir,93,137.77403314963192,158.23407204834604,148.00405259898898
Germany,Germany,None,delphi,93,13.960012088788387,1.2854248448403232,7.622718466814355
Germany,Germany,None,delphi_lookahead,93,9.200161844064828,1.1213714732619222,5.160766658663375
Germany,Germany,None,delphi_constant,93,38.1314141020163,28.904871159228904,33.518142630622606
Germany,Germany,None,themis,93,38.12385443498876,28.897686729092385,33.51077058204057
Germany,Germany,None,seir,93,2099.2546597626456,3978.747204239502,3039.000932001074
Ghana,Ghana,None,delphi,93,62.00877155099684,42.13621087314225,52.072491212069544
Ghana,Ghana,None,delphi_lookahead,93,40.12162780369131,85.21885496634658,62.67024138501895
Ghana,Ghana,None,delphi_constant,93,71.29254523424234,54.84462839241956,63.06858681333095
Ghana,Ghana,None,themis,93,116.58721233698206,73.93664517159901,95.26192875429054
Ghana,Ghana,None,seir,93,298.2198231560628,401.8437649685828,350.0317940623228
Greece,Greece,None,delphi,93,39.447497901711564,13.934144019037229,26.690820960374396
Greece,Greece,None,delphi_lookahead,93,60.26888262894831,13.18491031586029,36.7268964724043
Greece,Greece,None,delphi_constant,93,52.893583026190214,32.05940571608069,42.47649437113545
Greece,Greece,None,themis,93,35.29040561796548,22.93618685747038,29.113296237717933
Greece,Greece,None,seir,93,50.870901504944705,242.1116037903972,146.49125264767096
Guatemala,Guatemala,None,delphi,93,77.12165959010125,73.47358611407822,75.29762285208973
Guatemala,Guatemala,None,delphi_lookahead,93,77.60110849979625,59.76285254057364,68.68198052018495
Guatemala,Guatemala,None,delphi_constant,93,82.73356777558277,80.01505626187416,81.37431201872846
Guatemala,Guatemala,None,themis,93,76.30856896084212,62.818814797918975,69.56369187938054
Guatemala,Guatemala,None,seir,93,1184.897621593693,850.4076626053654,1017.6526420995292
Guinea,Guinea,None,delphi,93,31.410150967677236,15.679518502216576,23.544834734946907
Guinea,Guinea,None,delphi_lookahead,93,19.427572113379732,55.93374711186536,37.68065961262255
Guinea,Guinea,None,delphi_constant,93,48.1109922651663,22.064728098140886,35.087860181653596
Guinea,Guinea,None,themis,93,6377.385529097661,4600.129950349782,5488.757739723722
Guinea,Guinea,None,seir,93,2175.4121166501563,2512.207175957457,2343.8096463038064
Guyana,Guyana,None,delphi,93,99.24945762907275,94.99230998946052,97.12088380926664
Guyana,Guyana,None,delphi_lookahead,93,99.24945762907275,94.99230998946052,97.12088380926664
Guyana,Guyana,None,delphi_constant,93,99.1903148443475,95.13011367876673,97.16021426155712
Guyana,Guyana,None,themis,93,99.19031677748498,95.13011396259448,97.16021537003974
Guyana,Guyana,None,seir,93,23.88517546266016,54.728201013427544,39.306688238043854
Haiti,Haiti,None,delphi,93,100.0,100.0,100.0
Haiti,Haiti,None,delphi_lookahead,93,100.0,100.0,100.0
Haiti,Haiti,None,delphi_constant,93,100.0,100.0,100.0
Haiti,Haiti,None,themis,93,100.0,100.0,100.0
Haiti,Haiti,None,seir,93,2854.2719951668273,5249.18615270587,4051.729073936349
Honduras,Honduras,None,delphi,93,75.97044668749615,56.56521547454096,66.26783108101856
Honduras,Honduras,None,delphi_lookahead,93,62.15427668148074,59.27526492724527,60.714770804363
Honduras,Honduras,None,delphi_constant,93,81.84221834520955,67.26264138155445,74.552429863382
Honduras,Honduras,None,themis,93,75.56037530423885,49.67683432694136,62.6186048155901
Honduras,Honduras,None,seir,93,234.90264057409016,492.90853934977935,363.90558996193477
Hungary,Hungary,None,delphi,93,16.154435448712857,3.479086789582329,9.816761119147593
Hungary,Hungary,None,delphi_lookahead,93,30.7333065327628,1.8597883300261253,16.296547431394462
Hungary,Hungary,None,delphi_constant,93,47.27024483930092,39.222989893828164,43.24661736656454
Hungary,Hungary,None,themis,93,2845.726950896258,1765.2774877451907,2305.502219320724
Hungary,Hungary,None,seir,93,436.70947630174777,402.9592514886877,419.83436389521773
Iceland,Iceland,None,delphi,93,16.65155522535047,107.63440860215054,62.1429819137505
Iceland,Iceland,None,delphi_lookahead,93,21.43772304402176,95.05376344086021,58.24574324244098
Iceland,Iceland,None,delphi_constant,93,56.85346969628993,29.52211885531203,43.18779427580098
Iceland,Iceland,None,themis,93,56.84275878805215,29.537281935425135,43.19002036173865
Iceland,Iceland,None,seir,93,496.85173672696965,282.4532168782727,389.6524768026212
India,India,None,delphi,93,75.30432296767522,62.41656797248571,68.86044547008046
India,India,None,delphi_lookahead,93,133.93694128927777,65.82908456866235,99.88301292897006
India,India,None,delphi_constant,93,82.33452441198314,73.13712819501724,77.73582630350019
India,India,None,themis,93,70.44175482335156,58.63505451539788,64.53840466937473
India,India,None,seir,93,1025.2095910863027,1701.9440891031318,1363.5768400947172
Indonesia,Indonesia,None,delphi,93,59.772297132636545,47.79936492592011,53.78583102927833
Indonesia,Indonesia,None,delphi_lookahead,93,56.892547908762985,36.08496603197775,46.48875697037037
Indonesia,Indonesia,None,delphi_constant,93,70.53162849128753,61.82000156853651,66.17581502991203
Indonesia,Indonesia,None,themis,93,49.900758067798606,38.297395756567184,44.099076912182895
Indonesia,Indonesia,None,seir,93,57.802659157253814,151.02476353173654,104.41371134449517
Iran,Iran,None,delphi,93,40.10332900828262,43.1032441339858,41.603286571134205
Iran,Iran,None,delphi_lookahead,93,19.982965860525717,25.457355773200053,22.720160816862887
Iran,Iran,None,delphi_constant,93,53.558786828747564,54.648764633176086,54.10377573096183
Iran,Iran,None,themis,93,53.05482703346652,54.4852275267272,53.77002728009686
Iran,Iran,None,seir,93,57.67893765945435,127.91717396407854,92.79805581176645
Iraq,Iraq,None,delphi,93,84.71020314447465,83.10602483043354,83.9081139874541
Iraq,Iraq,None,delphi_lookahead,93,105.99629285884116,72.57721606003032,89.28675445943574
Iraq,Iraq,None,delphi_constant,93,88.44493851655098,87.18260735771949,87.81377293713524
Iraq,Iraq,None,themis,93,85.67889250031699,85.24033360838284,85.45961305434992
Iraq,Iraq,None,seir,93,99.99927210838037,178.86645777047158,139.43286493942597
Ireland,Ireland,None,delphi,93,5.639109420383262,2.8469564889673826,4.243032954675322
Ireland,Ireland,None,delphi_lookahead,93,5.746686025847775,0.7355124139976629,3.241099219922719
Ireland,Ireland,None,delphi_constant,93,28.551548519799855,26.436158430187433,27.493853474993642
Ireland,Ireland,None,themis,93,84.74952452352082,34.02071408502394,59.38511930427238
Ireland,Ireland,None,seir,93,5456.137317369025,16866.848526864367,11161.492922116697
Israel,Israel,None,delphi,93,63.628298304648204,40.38894322424031,52.00862076444426
Israel,Israel,None,delphi_lookahead,93,87.22402946532473,54.281775045252296,70.75290225528852
Israel,Israel,None,delphi_constant,93,80.88730986755044,68.59727744626129,74.74229365690587
Israel,Israel,None,themis,93,80.70620857277751,68.42296470667233,74.56458663972492
Israel,Israel,None,seir,93,1161.7277104120628,6297.2396430130075,3729.4836767125353
Italy,Italy,None,delphi,93,6.5003692204618435,2.7066531419285598,4.603511181195202
Italy,Italy,None,delphi_lookahead,93,4.966412008072672,0.6757391667089798,2.821075587390826
Italy,Italy,None,delphi_constant,93,26.953930641892736,23.364267354364397,25.159098998128567
Italy,Italy,None,themis,93,26.80545311975223,23.32071212610859,25.06308262293041
Italy,Italy,None,seir,93,129.2248904581312,287.9181907800641,208.57154061909765
Jamaica,Jamaica,None,delphi,93,38.00931541890309,21.783932479644808,29.896623949273952
Jamaica,Jamaica,None,delphi_lookahead,93,79.64482444202005,54.606887246189665,67.12585584410486
Jamaica,Jamaica,None,delphi_constant,93,53.22059270263949,39.31237999257195,46.26648634760572
Jamaica,Jamaica,None,themis,93,52.841075922669134,38.93129256347617,45.88618424307265
Jamaica,Jamaica,None,seir,93,51.31343057749775,172.9370202836887,112.12522543059322
Japan,Japan,None,delphi,93,45.267566532185164,8.283425268137357,26.77549590016126
Japan,Japan,None,delphi_lookahead,93,70.36992391772891,10.77536374573742,40.57264383173317
Japan,Japan,None,delphi_constant,93,58.28042440682652,28.652047223235904,43.46623581503121
Japan,Japan,None,themis,93,58.07520880544586,28.341210234966535,43.208209520206196
Japan,Japan,None,seir,93,388.27667888835157,1025.813670329353,707.0451746088523
Jordan,Jordan,None,delphi,93,37.09224691324216,15.998195990456049,26.545221451849102
Jordan,Jordan,None,delphi_lookahead,93,32.58743237999332,34.850631870506035,33.719032125249676
Jordan,Jordan,None,delphi_constant,93,52.589942881779145,30.71804530958322,41.653994095681185
Jordan,Jordan,None,themis,93,52.38609700812833,30.45947114871098,41.42278407841965
Jordan,Jordan,None,seir,93,33.000913420413255,18.48989011127257,25.745401765842914
Kazakhstan,Kazakhstan,None,delphi,93,74.77963207292657,71.45477735633314,73.11720471462985
Kazakhstan,Kazakhstan,None,delphi_lookahead,93,95.39505083493839,195.79321568809098,145.59413326151468
Kazakhstan,Kazakhstan,None,delphi_constant,93,90.7011774211692,89.3070365094188,90.004106965294
Kazakhstan,Kazakhstan,None,themis,93,68.69496909534787,81.26030822968684,74.97763866251736
Kazakhstan,Kazakhstan,None,seir,93,64.41976350895699,20.38263182177677,42.40119766536688
Kenya,Kenya,None,delphi,93,76.72962645104896,50.27682540933845,63.50322593019371
Kenya,Kenya,None,delphi_lookahead,93,108.6076259589553,66.29474690408662,87.45118643152097
Kenya,Kenya,None,delphi_constant,93,82.4590004551145,62.55981870060327,72.50940957785889
Kenya,Kenya,None,themis,93,76.45656240125193,52.74430094415976,64.60043167270584
Kenya,Kenya,None,seir,93,98.29537336384134,348.451306334311,223.3733398490762
"Korea, South","Korea, South",None,delphi,93,19.77617639058668,8.60457069559955,14.190373543093116
"Korea, South","Korea, South",None,delphi_lookahead,93,18.5283761055422,5.644089923005292,12.086233014273747
"Korea, South","Korea, South",None,delphi_constant,93,26.279708330604393,14.154182071754754,20.216945201179573
"Korea, South","Korea, South",None,themis,93,26.279658246588355,14.154149726586468,20.21690398658741
"Korea, South","Korea, South",None,seir,93,23.963708427441244,6.090644754146337,15.02717659079379
Kosovo,Kosovo,None,delphi,93,75.50117129154839,70.5014049168438,73.00128810419609
Kosovo,Kosovo,None,delphi_lookahead,93,96.15911940802923,189.77214009859227,142.96562975331074
Kosovo,Kosovo,None,delphi_constant,93,89.64441665413445,87.46926868878008,88.55684267145726
Kosovo,Kosovo,None,themis,93,88.26291214557754,86.93673132678514,87.59982173618134
Kosovo,Kosovo,None,seir,93,26.587991169198748,41.606042442617024,34.097016805907884
Kuwait,Kuwait,None,delphi,93,44.63838564543366,12.856780484851594,28.747583065142628
Kuwait,Kuwait,None,delphi_lookahead,93,22.83396313113403,39.28791923906139,31.06094118509771
Kuwait,Kuwait,None,delphi_constant,93,57.45393361276224,33.19903972636533,45.326486669563785
Kuwait,Kuwait,None,themis,93,79.02673399403169,58.88758778467984,68.95716088935576
Kuwait,Kuwait,None,seir,93,1142.2759413128838,779.8492723824241,961.062606847654
Latvia,Latvia,None,delphi,93,12.247474953001198,11.022561107184966,11.635018030093082
Latvia,Latvia,None,delphi_lookahead,93,8.167097933727069,3.1863534522376415,5.676725692982355
Latvia,Latvia,None,delphi_constant,93,33.49298040375836,32.80188484909446,33.14743262642641
Latvia,Latvia,None,themis,93,33.1074205620162,32.53188898380516,32.81965477291068
Latvia,Latvia,None,seir,93,2559.3940645601633,2568.267020794653,2563.830542677408
Lebanon,Lebanon,None,delphi,93,61.731731249451556,44.87204572197844,53.301888485715
Lebanon,Lebanon,None,delphi_lookahead,93,204.64890215930282,103.28801914702395,153.9684606531634
Lebanon,Lebanon,None,delphi_constant,93,70.47094286510116,55.935348233026886,63.203145549064025
Lebanon,Lebanon,None,themis,93,70.31626321206782,55.77237584855756,63.04431953031269
Lebanon,Lebanon,None,seir,93,61.55271590723841,36.30256434828247,48.92764012776044
Lesotho,Lesotho,None,delphi,93,100.0,100.0,100.0
Lesotho,Lesotho,None,delphi_lookahead,93,100.0,100.0,100.0
Lesotho,Lesotho,None,delphi_constant,93,100.0,100.0,100.0
Lesotho,Lesotho,None,themis,93,100.0,100.0,100.0
Lesotho,Lesotho,None,seir,93,90.02806865254678,96.24420631431941,93.13613748343309
Liberia,Liberia,None,delphi,93,100.0,100.0,100.0
Liberia,Liberia,None,delphi_lookahead,93,100.0,100.0,100.0
Liberia,Liberia,None,delphi_constant,93,100.0,100.0,100.0
Liberia,Liberia,None,themis,93,100.0,100.0,100.0
Liberia,Liberia,None,seir,93,334.9792735543957,626.1096708009192,480.54447217765744
Libya,Libya,None,delphi,93,100.0,100.0,100.0
Libya,Libya,None,delphi_lookahead,93,100.0,100.0,100.0
Libya,Libya,None,delphi_constant,93,100.0,100.0,100.0
Libya,Libya,None,themis,93,100.0,100.0,100.0
Libya,Libya,None,seir,93,51.55685453966342,28.846133468647515,40.201494004155464
Liechtenstein,Liechtenstein,None,delphi,93,9.49246191615098,0.0,4.74623095807549
Liechtenstein,Liechtenstein,None,delphi_lookahead,93,10.236716669596358,0.0,5.118358334798179
Liechtenstein,Liechtenstein,None,delphi_constant,93,28.640801884470495,20.57604738667157,24.608424635571033
Liechtenstein,Liechtenstein,None,themis,93,28.640737645542128,20.57598954727965,24.60836359641089
Liechtenstein,Liechtenstein,None,seir,93,10.427360742671242,9.020231546731546,9.723796144701394
Lithuania,Lithuania,None,delphi,93,100.0,100.0,100.0
Lithuania,Lithuania,None,delphi_lookahead,93,100.0,100.0,100.0
Lithuania,Lithuania,None,delphi_constant,93,100.0,100.0,100.0
Lithuania,Lithuania,None,themis,93,100.0,100.0,100.0
Lithuania,Lithuania,None,seir,93,231.58214879017615,232.29352321095016,231.93783600056315
Luxembourg,Luxembourg,None,delphi,93,30.286329284194924,4.8662982954627045,17.576313789828813
Luxembourg,Luxembourg,None,delphi_lookahead,93,20.52164152901806,4.564530166482428,12.543085847750243
Luxembourg,Luxembourg,None,delphi_constant,93,72.01701846028205,60.99831857254308,66.50766851641256
Luxembourg,Luxembourg,None,themis,93,72.01387538386884,60.994477210359555,66.5041762971142
Luxembourg,Luxembourg,None,seir,93,15.65661201159676,12.631537358132194,14.144074684864478
Madagascar,Madagascar,None,delphi,93,100.0,100.0,100.0
Madagascar,Madagascar,None,delphi_lookahead,93,100.0,100.0,100.0
Madagascar,Madagascar,None,delphi_constant,93,100.0,100.0,100.0
Madagascar,Madagascar,None,themis,93,100.0,100.0,100.0
Madagascar,Madagascar,None,seir,93,166.99786766454451,44.755097514974246,105.87648258975938
Malawi,Malawi,None,delphi,93,100.0,100.0,100.0
Malawi,Malawi,None,delphi_lookahead,93,100.0,100.0,100.0
Malawi,Malawi,None,delphi_constant,93,100.0,100.0,100.0
Malawi,Malawi,None,themis,93,100.0,100.0,100.0
Malawi,Malawi,None,seir,93,264.0545259042902,264.4872276214168,264.2708767628535
Malaysia,Malaysia,None,delphi,93,9.815152853792556,1.6536938450563727,5.734423349424464
Malaysia,Malaysia,None,delphi_lookahead,93,3.1331704329743237,1.7182531790486884,2.425711806011506
Malaysia,Malaysia,None,delphi_constant,93,31.116137126595987,24.191543290501162,27.653840208548573
Malaysia,Malaysia,None,themis,93,29.85364926144118,23.20290658066041,26.528277921050794
Malaysia,Malaysia,None,seir,93,404.34990795683575,1207.7366553540658,806.0432816554508
Mali,Mali,None,delphi,93,100.0,100.0,100.0
Mali,Mali,None,delphi_lookahead,93,100.0,100.0,100.0
Mali,Mali,None,delphi_constant,93,100.0,100.0,100.0
Mali,Mali,None,themis,93,100.0,100.0,100.0
Mali,Mali,None,seir,93,2354.4051713320787,3721.0857669914094,3037.745469161744
Malta,Malta,None,delphi,93,30.97754043383729,10.144485144485145,20.561012789161218
Malta,Malta,None,delphi_lookahead,93,56.30848435650566,25.4936849291688,40.90108464283723
Malta,Malta,None,delphi_constant,93,47.50397792373375,24.92000239823499,36.21199016098437
Malta,Malta,None,themis,93,47.37860674406555,38.44644632685366,42.912526535459605
Malta,Malta,None,seir,93,41.785666540012706,39.406564428419465,40.596115484216085
Mauritania,Mauritania,None,delphi,93,80.00899908405265,44.82178189362432,62.41539048883848
Mauritania,Mauritania,None,delphi_lookahead,93,23.872385974329557,3.174067531922158,13.523226753125858
Mauritania,Mauritania,None,delphi_constant,93,84.88329390344303,58.332856461978736,71.60807518271088
Mauritania,Mauritania,None,themis,93,2860.6721003570183,4553.054102645127,3706.863101501073
Mauritania,Mauritania,None,seir,93,463.1051434661148,1971.3539411587,1217.2295423124074
Mauritius,Mauritius,None,delphi,93,100.0,100.0,100.0
Mauritius,Mauritius,None,delphi_lookahead,93,100.0,100.0,100.0
Mauritius,Mauritius,None,delphi_constant,93,100.0,100.0,100.0
Mauritius,Mauritius,None,themis,93,100.0,100.0,100.0
Mauritius,Mauritius,None,seir,93,48.55920675878222,61.438330525448116,54.99876864211517
Mexico,Mexico,None,delphi,93,63.186310599314545,48.79341973172612,55.98986516552033
Mexico,Mexico,None,delphi_lookahead,93,45.49816141170999,31.295047786702288,38.396604599206135
Mexico,Mexico,None,delphi_constant,93,73.97397483167174,63.87183104613448,68.9229029389031
Mexico,Mexico,None,themis,93,57.06469139041192,49.963372479674064,53.51403193504299
Mexico,Mexico,None,seir,93,3574.7137859651425,2846.0341779737264,3210.3739819694347
Moldova,Moldova,None,delphi,93,50.70282244663662,35.09232107151273,42.89757175907467
Moldova,Moldova,None,delphi_lookahead,93,36.213263079795055,19.313717272310498,27.763490176052777
Moldova,Moldova,None,delphi_constant,93,62.63268290503345,51.001474063240366,56.81707848413691
Moldova,Moldova,None,themis,93,37.56363067333901,34.555411761531644,36.05952121743533
Moldova,Moldova,None,seir,93,485.2605757405197,486.07133891313043,485.66595732682504
Monaco,Monaco,None,delphi,93,20.589987828121483,45.16129032258065,32.87563907535107
Monaco,Monaco,None,delphi_lookahead,93,17.590221359208403,51.344086021505376,34.46715369035689
Monaco,Monaco,None,delphi_constant,93,39.67104895296143,50.74994743138848,45.21049819217495
Monaco,Monaco,None,themis,93,39.67090806567242,50.74996750518783,45.21043778543013
Monaco,Monaco,None,seir,93,75.12143546060133,264.99427561881066,170.057855539706
Mongolia,Mongolia,None,delphi,93,20.86189997814144,,20.86189997814144
Mongolia,Mongolia,None,delphi_lookahead,93,11.665818417179693,,11.665818417179693
Mongolia,Mongolia,None,delphi_constant,93,40.1694508073271,,40.1694508073271
Mongolia,Mongolia,None,themis,93,75.87120487713948,,75.87120487713948
Mongolia,Mongolia,None,seir,93,205.98521285950386,,205.98521285950386
Morocco,Morocco,None,delphi,93,58.63510504095773,39.78727174912073,49.21118839503923
Morocco,Morocco,None,delphi_lookahead,93,110.31534098244703,106.03496376778291,108.17515237511498
Morocco,Morocco,None,delphi_constant,93,68.88686184449618,53.378670063241174,61.13276595386868
Morocco,Morocco,None,themis,93,41.50390710317213,26.956673916223732,34.23029050969793
Morocco,Morocco,None,seir,93,18.40863297160797,110.64360188119807,64.52611742640302
Mozambique,Mozambique,None,delphi,93,100.0,100.0,100.0
Mozambique,Mozambique,None,delphi_lookahead,93,100.0,100.0,100.0
Mozambique,Mozambique,None,delphi_constant,93,100.0,100.0,100.0
Mozambique,Mozambique,None,themis,93,100.0,100.0,100.0
Mozambique,Mozambique,None,seir,93,427.9562591154033,202.76989210754496,315.36307561147413
Namibia,Namibia,None,delphi,93,90.96362270883941,100.0,95.4818113544197
Namibia,Namibia,None,delphi_lookahead,93,1243.6829395522702,502.7971006761942,873.2400201142323
Namibia,Namibia,None,delphi_constant,93,93.06450230327565,97.02821060998144,95.04635645662854
Namibia,Namibia,None,themis,93,92.99596511068798,96.95954059366363,94.9777528521758
Namibia,Namibia,None,seir,93,91.24999330413392,98.91997135943849,95.08498233178621
Nepal,Nepal,None,delphi,93,84.24879801627972,49.47171702004956,66.86025751816464
Nepal,Nepal,None,delphi_lookahead,93,55.11856995690637,335.8737838720078,195.49617691445707
Nepal,Nepal,None,delphi_constant,93,88.10907528715252,61.66185277503587,74.88546403109419
Nepal,Nepal,None,themis,93,193.42451573259015,78.87041504945687,136.1474653910235
Nepal,Nepal,None,seir,93,1221.0995834452688,2064.6761631932495,1642.8878733192591
Netherlands,Netherlands,None,delphi,93,17.27312482178081,0.6441707383001032,8.958647780040458
Netherlands,Netherlands,None,delphi_lookahead,93,16.091924276249532,0.9202612144250927,8.506092745337313
Netherlands,Netherlands,None,delphi_constant,93,37.02531476342071,24.20742644038214,30.616370601901423
Netherlands,Netherlands,None,themis,93,38.946524978531805,25.127103696548875,32.03681433754034
Netherlands,Netherlands,None,seir,93,70.84942769213814,81.1431864751226,75.99630708363037
New Zealand,New Zealand,None,delphi,93,5.769022355442589,1.576509511993383,3.6727659337179857
New Zealand,New Zealand,None,delphi_lookahead,93,5.543860796780375,4.309850037760277,4.926855417270326
New Zealand,New Zealand,None,delphi_constant,93,29.158821505691424,24.909352789414775,27.0340871475531
New Zealand,New Zealand,None,themis,93,29.110161283394845,24.872363645399865,26.991262464397355
New Zealand,New Zealand,None,seir,93,132.22557260158942,75.88528809028021,104.05543034593481
Nicaragua,Nicaragua,None,delphi,93,100.0,100.0,100.0
Nicaragua,Nicaragua,None,delphi_lookahead,93,100.0,100.0,100.0
Nicaragua,Nicaragua,None,delphi_constant,93,100.0,100.0,100.0
Nicaragua,Nicaragua,None,themis,93,100.0,100.0,100.0
Nicaragua,Nicaragua,None,seir,93,1372.5777860781366,5110.478992615316,3241.5283893467263
Niger,Niger,None,delphi,93,100.0,100.0,100.0
Niger,Niger,None,delphi_lookahead,93,100.0,100.0,100.0
Niger,Niger,None,delphi_constant,93,100.0,100.0,100.0
Niger,Niger,None,themis,93,100.0,100.0,100.0
Niger,Niger,None,seir,93,819.5926202132966,825.1933379120693,822.392979062683
Nigeria,Nigeria,None,delphi,93,60.61530477215319,30.18437990767005,45.399842339911615
Nigeria,Nigeria,None,delphi_lookahead,93,31.84301884531566,14.092541951915758,22.96778039861571
Nigeria,Nigeria,None,delphi_constant,93,88.24525617141191,79.19945109227879,83.72235363184535
Nigeria,Nigeria,None,themis,93,87.82477016762567,78.63822190008723,83.23149603385644
Nigeria,Nigeria,None,seir,93,3053.1478618420324,4602.056211250898,3827.602036546465
Norway,Norway,None,delphi,93,11.745638869153378,4.798403999393837,8.272021434273608
Norway,Norway,None,delphi_lookahead,93,9.37281644527806,2.13572128817831,5.754268866728185
Norway,Norway,None,delphi_constant,93,33.46255768381494,27.779109788100456,30.6208337359577
Norway,Norway,None,themis,93,33.45846006233609,27.77628730990861,30.61737368612235
Norway,Norway,None,seir,93,124.9785008066535,214.8404885635578,169.90949468510564
Oman,Oman,None,delphi,93,72.05547144757728,52.7672813699791,62.41137640877819
Oman,Oman,None,delphi_lookahead,93,34.73807488171522,100.01855253701667,67.37831370936595
Oman,Oman,None,delphi_constant,93,78.73645682075284,64.01959937483595,71.37802809779438
Oman,Oman,None,themis,93,51.38011339651273,40.57988301799225,45.97999820725249
Oman,Oman,None,seir,93,552.4672679095531,385.19721211131775,468.83224001043544
Pakistan,Pakistan,None,delphi,93,54.785883482054224,38.58579598712631,46.68583973459027
Pakistan,Pakistan,None,delphi_lookahead,93,12.139875679570727,7.209550562794527,9.674713121182627
Pakistan,Pakistan,None,delphi_constant,93,65.7557477171375,53.60683430472415,59.68129101093082
Pakistan,Pakistan,None,themis,93,517.828923962893,200.95639341650585,359.39265868969943
Pakistan,Pakistan,None,seir,93,8989.619409497669,23017.184082684777,16003.401746091222
Panama,Panama,None,delphi,93,63.687234976152254,58.16323335830324,60.92523416722774
Panama,Panama,None,delphi_lookahead,93,49.15016274570171,48.54089448746163,48.84552861658167
Panama,Panama,None,delphi_constant,93,72.32051565476588,68.17760355243111,70.2490596035985
Panama,Panama,None,themis,93,240.30518395340616,156.32615810506016,198.31567102923316
Panama,Panama,None,seir,93,56.39438664561512,86.11778810765242,71.25608737663377
Papua New Guinea,Papua New Guinea,None,delphi,93,100.0,100.0,100.0
Papua New Guinea,Papua New Guinea,None,delphi_lookahead,93,100.0,100.0,100.0
Papua New Guinea,Papua New Guinea,None,delphi_constant,93,100.0,100.0,100.0
Papua New Guinea,Papua New Guinea,None,themis,93,100.0,100.0,100.0
Papua New Guinea,Papua New Guinea,None,seir,93,61.438282956825184,92.21966737796839,76.82897516739679
Paraguay,Paraguay,None,delphi,93,67.54797976328645,61.04247657876552,64.29522817102598
Paraguay,Paraguay,None,delphi_lookahead,93,200.34716147148322,409.27703562542365,304.81209854845343
Paraguay,Paraguay,None,delphi_constant,93,75.52404411684262,69.44849329970255,72.48626870827258
Paraguay,Paraguay,None,themis,93,50.96619098840607,50.97689606663773,50.9715435275219
Paraguay,Paraguay,None,seir,93,54.18573320220962,53.093913786836445,53.63982349452303
Peru,Peru,None,delphi,93,46.62313586298003,26.282909085726338,36.45302247435318
Peru,Peru,None,delphi_lookahead,93,36.02691131557678,21.270739047983863,28.648825181780325
Peru,Peru,None,delphi_constant,93,59.19810711716452,43.80781655987645,51.502961838520484
Peru,Peru,None,themis,93,542.2624946857471,529.8604537366308,536.061474211189
Peru,Peru,None,seir,93,1645.9722647179174,2082.821092617164,1864.3966786675408
Philippines,Philippines,None,delphi,93,65.50827215300457,38.06719986383583,51.7877360084202
Philippines,Philippines,None,delphi_lookahead,93,115.95015843740633,43.15479681260091,79.55247762500362
Philippines,Philippines,None,delphi_constant,93,73.94803325481074,53.06223381533819,63.505133535074464
Philippines,Philippines,None,themis,93,64.01110881938732,42.8292842723144,53.42019654585086
Philippines,Philippines,None,seir,93,920.2918048190736,7396.820696397878,4158.556250608476
Poland,Poland,None,delphi,93,35.44326659880233,25.634768337805454,30.539017468303893
Poland,Poland,None,delphi_lookahead,93,28.335225074992714,7.274939257734263,17.805082166363487
Poland,Poland,None,delphi_constant,93,51.24801163574409,43.848217945423784,47.54811479058394
Poland,Poland,None,themis,93,35.57895206693976,33.4068735929148,34.49291282992728
Poland,Poland,None,seir,93,308.45782937030646,347.60662426671263,328.03222681850957
Portugal,Portugal,None,delphi,93,29.460709620839044,10.936713360197809,20.198711490518427
Portugal,Portugal,None,delphi_lookahead,93,11.467475955741435,4.3021503541139285,7.884813154927682
Portugal,Portugal,None,delphi_constant,93,46.59301685412902,32.568329777044106,39.580673315586566
Portugal,Portugal,None,themis,93,46.30903812516242,32.22269613301281,39.26586712908761
Portugal,Portugal,None,seir,93,3383.422254034792,15221.461992709577,9302.442123372184
Qatar,Qatar,None,delphi,93,86.1222037635167,19.72018980020603,52.92119678186136
Qatar,Qatar,None,delphi_lookahead,93,64.28748662068823,133.6057533669872,98.94661999383771
Qatar,Qatar,None,delphi_constant,93,89.3348683273258,30.80066586135191,60.06776709433885
Qatar,Qatar,None,themis,93,87.08940589148763,23.137817952773965,55.1136119221308
Qatar,Qatar,None,seir,93,869.5284974117438,736.2438611012822,802.8861792565131
Romania,Romania,None,delphi,93,50.26773977798194,37.00221653028114,43.63497815413154
Romania,Romania,None,delphi_lookahead,93,60.56313649736491,29.14013811595986,44.85163730666238
Romania,Romania,None,delphi_constant,93,62.49158483990068,52.48442250788604,57.48800367389336
Romania,Romania,None,themis,93,60.79013894170185,50.2115589585065,55.50084895010417
Romania,Romania,None,seir,93,2788.8934316439627,10171.376565272607,6480.134998458285
Russia,Russia,None,delphi,93,32.67656849466866,29.27649017637554,30.9765293355221
Russia,Russia,None,delphi_lookahead,93,15.777600819466487,17.445695071381095,16.61164794542379
Russia,Russia,None,delphi_constant,93,51.18757611489843,48.89364463290016,50.0406103738993
Russia,Russia,None,themis,93,60.554193572536256,36.78996687269605,48.67208022261615
Russia,Russia,None,seir,93,5050.1772328878715,3562.2434665277747,4306.210349707823
Rwanda,Rwanda,None,delphi,93,67.4540574912548,50.34232824168406,58.89819286646943
Rwanda,Rwanda,None,delphi_lookahead,93,58.175307633598024,303.58177172705786,180.87853968032795
Rwanda,Rwanda,None,delphi_constant,93,75.45234532020311,44.92966770389266,60.191006512047885
Rwanda,Rwanda,None,themis,93,124.73068955735974,147.0710682939734,135.90087892566658
Rwanda,Rwanda,None,seir,93,38.96276862769316,70.49909201470346,54.730930321198315
San Marino,San Marino,None,delphi,93,2.4623205181554395,2.3809523809523805,2.42163644955391
San Marino,San Marino,None,delphi_lookahead,93,1.1041803358622309,0.0,0.5520901679311154
San Marino,San Marino,None,delphi_constant,93,20.944285657603043,14.558544682466405,17.751415170034726
San Marino,San Marino,None,themis,93,13.575794106619307,11.29370996101771,12.434752033818508
San Marino,San Marino,None,seir,93,113.23854709135574,288.7268719701744,200.98270953076508
Saudi Arabia,Saudi Arabia,None,delphi,93,52.026583895580664,54.99198913138368,53.509286513482174
Saudi Arabia,Saudi Arabia,None,delphi_lookahead,93,19.695940935315864,31.667927706012428,25.681934320664148
Saudi Arabia,Saudi Arabia,None,delphi_constant,93,64.02421312252451,66.36710038297993,65.19565675275223
Saudi Arabia,Saudi Arabia,None,themis,93,40.87038437663585,50.23471763301427,45.55255100482506
Saudi Arabia,Saudi Arabia,None,seir,93,1110.0896606804843,667.3453791838048,888.7175199321446
Senegal,Senegal,None,delphi,93,48.48806024515975,56.471147683554726,52.47960396435724
Senegal,Senegal,None,delphi_lookahead,93,28.405957981689763,35.77777427243971,32.09186612706473
Senegal,Senegal,None,delphi_constant,93,61.05911893555347,67.1663300447982,64.11272449017584
Senegal,Senegal,None,themis,93,351.24930737346926,108.26809117574655,229.75869927460792
Senegal,Senegal,None,seir,93,933.8363256979596,421.3814963394373,677.6089110186984
Serbia,Serbia,None,delphi,93,43.87756578349895,44.29696324736264,44.087264515430796
Serbia,Serbia,None,delphi_lookahead,93,31.58297311153636,30.55369161754736,31.06833236454186
Serbia,Serbia,None,delphi_constant,93,57.72563476664397,58.06010534360324,57.89287005512361
Serbia,Serbia,None,themis,93,37.69886004659016,43.45576976763736,40.57731490711376
Serbia,Serbia,None,seir,93,187.15835174165335,158.0311822322923,172.59476698697284
Seychelles,Seychelles,None,delphi,93,78.38982081823255,,78.38982081823255
Seychelles,Seychelles,None,delphi_lookahead,93,121.89998189298049,,121.89998189298049
Seychelles,Seychelles,None,delphi_constant,93,83.4650036097358,,83.4650036097358
Seychelles,Seychelles,None,themis,93,83.46497882727571,,83.46497882727571
Seychelles,Seychelles,None,seir,93,78.40687959667294,,78.40687959667294
Sierra Leone,Sierra Leone,None,delphi,93,100.0,100.0,100.0
Sierra Leone,Sierra Leone,None,delphi_lookahead,93,100.0,100.0,100.0
Sierra Leone,Sierra Leone,None,delphi_constant,93,100.0,100.0,100.0
Sierra Leone,Sierra Leone,None,themis,93,100.0,100.0,100.0
Sierra Leone,Sierra Leone,None,seir,93,8060.734447039385,16468.17195915917,12264.453203099276
Singapore,Singapore,None,delphi,93,88.3106157191274,110.35597218392915,99.33329395152828
Singapore,Singapore,None,delphi_lookahead,93,92.39993752628438,37.28823943877708,64.84408848253074
Singapore,Singapore,None,delphi_constant,93,91.07823647275788,60.460713340655325,75.7694749067066
Singapore,Singapore,None,themis,93,115.33211034166337,804.5345198662433,459.9333151039533
Singapore,Singapore,None,seir,93,2892.72597259682,11821.251217644338,7356.988595120579
Slovakia,Slovakia,None,delphi,93,34.376412124902494,7.6651041681985355,21.020758146550513
Slovakia,Slovakia,None,delphi_lookahead,93,43.29937451572221,9.776501883795216,26.537938199758713
Slovakia,Slovakia,None,delphi_constant,93,51.09089575444728,28.613338872527457,39.85211731348737
Slovakia,Slovakia,None,themis,93,51.00962859901969,28.49847711874758,39.75405285888364
Slovakia,Slovakia,None,seir,93,113.61373065764377,129.85662625179828,121.73517845472102
Slovenia,Slovenia,None,delphi,93,29.695574703076907,8.130502876640811,18.91303878985886
Slovenia,Slovenia,None,delphi_lookahead,93,25.474183843477896,7.662897388920871,16.568540616199382
Slovenia,Slovenia,None,delphi_constant,93,57.7455955114179,44.18493770031888,50.96526660586839
Slovenia,Slovenia,None,themis,93,57.72666300464547,44.164506976128365,50.94558499038692
Slovenia,Slovenia,None,seir,93,79.28774209652083,182.04880971019887,130.66827590335984
Somalia,Somalia,None,delphi,93,100.0,100.0,100.0
Somalia,Somalia,None,delphi_lookahead,93,100.0,100.0,100.0
Somalia,Somalia,None,delphi_constant,93,100.0,100.0,100.0
Somalia,Somalia,None,themis,93,100.0,100.0,100.0
Somalia,Somalia,None,seir,93,12761.14709149575,23972.116184233917,18366.631637864833
South Africa,South Africa,None,delphi,93,81.29877319051425,70.28013441894875,75.7894538047315
South Africa,South Africa,None,delphi_lookahead,93,87.52168268476781,97.88392990171712,92.70280629324247
South Africa,South Africa,None,delphi_constant,93,88.556150594821,81.84985880069038,85.20300469775569
South Africa,South Africa,None,themis,93,72.54189447508169,69.98163495564896,71.26176471536533
South Africa,South Africa,None,seir,93,556.6901478596664,377.12249136191366,466.90631961079
South Sudan,South Sudan,None,delphi,93,100.0,100.0,100.0
South Sudan,South Sudan,None,delphi_lookahead,93,100.0,100.0,100.0
South Sudan,South Sudan,None,delphi_constant,93,100.0,100.0,100.0
South Sudan,South Sudan,None,themis,93,100.0,100.0,100.0
South Sudan,South Sudan,None,seir,93,4842.770654356022,7517.667376797649,6180.219015576835
Spain,Spain,None,delphi,93,22.66560191876818,3.6910644458058637,13.178333182287021
Spain,Spain,None,delphi_lookahead,93,29.90642855239987,1.75088974690379,15.82865914965183
Spain,Spain,None,delphi_constant,93,55.80980014501191,44.14525531865779,49.977527731834854
Spain,Spain,None,themis,93,52.84362392963667,42.66583852038895,47.75473122501281
Spain,Spain,None,seir,93,418.8471065726046,2054.4674914384696,1236.657299005537
Sri Lanka,Sri Lanka,None,delphi,93,27.241849146967684,57.84332155299895,42.54258534998332
Sri Lanka,Sri Lanka,None,delphi_lookahead,93,19.153396992297782,79.20958969346067,49.18149334287923
Sri Lanka,Sri Lanka,None,delphi_constant,93,44.9840244555096,19.150446553496245,32.06723550450292
Sri Lanka,Sri Lanka,None,themis,93,7546.133625362736,5344.175819628292,6445.154722495514
Sri Lanka,Sri Lanka,None,seir,93,46.840491941303455,269.28175829090344,158.06112511610345
Sudan,Sudan,None,delphi,93,100.01815680957142,99.85615432500738,99.93715556728941
Sudan,Sudan,None,delphi_lookahead,93,100.01815680957142,99.85615432500738,99.93715556728941
Sudan,Sudan,None,delphi_constant,93,100.0082526299083,99.86605713704408,99.93715488347618
Sudan,Sudan,None,themis,93,100.00825276742758,99.8660571523467,99.93715495988714
Sudan,Sudan,None,seir,93,15254.679707420988,23005.017331030336,19129.848519225663
Suriname,Suriname,None,delphi,93,89.09599209960058,87.25918247632951,88.17758728796505
Suriname,Suriname,None,delphi_lookahead,93,181.67363921894054,124.67273070040694,153.17318495967373
Suriname,Suriname,None,delphi_constant,93,91.77952637602601,90.44264984021268,91.11108810811935
Suriname,Suriname,None,themis,93,87.6104775394337,87.74905921470076,87.67976837706723
Suriname,Suriname,None,seir,93,85.34000223948202,65.43380034222476,75.38690129085339
Sweden,Sweden,None,delphi,93,36.27840279688591,10.87965738519477,23.57903009104034
Sweden,Sweden,None,delphi_lookahead,93,8.503203784425711,1.5299849829112855,5.016594383668498
Sweden,Sweden,None,delphi_constant,93,51.19260995056539,31.657104137427233,41.42485704399631
Sweden,Sweden,None,themis,93,37.7950049225503,22.77892993499641,30.28696742877335
Sweden,Sweden,None,seir,93,717.9705832911083,1988.0817772644432,1353.0261802777757
Switzerland,Switzerland,None,delphi,93,14.105788726028367,0.9824106730268068,7.544099699527587
Switzerland,Switzerland,None,delphi_lookahead,93,11.998324188582306,1.017606891587028,6.507965540084667
Switzerland,Switzerland,None,delphi_constant,93,33.80445881446094,23.325382903374976,28.564920858917958
Switzerland,Switzerland,None,themis,93,33.803192033712904,23.324498657100467,28.563845345406683
Switzerland,Switzerland,None,seir,93,290.42735417835104,810.4495851023011,550.438469640326
Tajikistan,Tajikistan,None,delphi,93,100.0,100.0,100.0
Tajikistan,Tajikistan,None,delphi_lookahead,93,100.0,100.0,100.0
Tajikistan,Tajikistan,None,delphi_constant,93,100.0,100.0,100.0
Tajikistan,Tajikistan,None,themis,93,100.0,100.0,100.0
Tajikistan,Tajikistan,None,seir,93,1993.7338058832427,22928.56926895101,12461.151537417127
Tanzania,Tanzania,None,delphi,93,100.0,100.0,100.0
Tanzania,Tanzania,None,delphi_lookahead,93,100.0,100.0,100.0
Tanzania,Tanzania,None,delphi_constant,93,100.0,100.0,100.0
Tanzania,Tanzania,None,themis,93,100.0,100.0,100.0
Tanzania,Tanzania,None,seir,93,979.3645881320612,1018.135792612808,998.7501903724346
Thailand,Thailand,None,delphi,93,6.570235341058646,0.0,3.285117670529323
Thailand,Thailand,None,delphi_lookahead,93,2.845858916690955,0.0,1.4229294583454775
Thailand,Thailand,None,delphi_constant,93,60.64224499694314,57.02729907083259,58.834772033887866
Thailand,Thailand,None,themis,93,60.641355801479136,57.0265863758416,58.83397108866037
Thailand,Thailand,None,seir,93,1432.2615961585561,3096.473754194931,2264.3676751767434
Togo,Togo,None,delphi,93,36.15460735955392,25.5096260713762,30.832116715465062
Togo,Togo,None,delphi_lookahead,93,34.51582117704578,30.73928501585252,32.62755309644915
Togo,Togo,None,delphi_constant,93,54.908500345404825,40.543637212579675,47.72606877899225
Togo,Togo,None,themis,93,1136.1432428406786,733.2126963699874,934.6779696053329
Togo,Togo,None,seir,93,125.74553883610122,352.78351960970866,239.26452922290494
Trinidad and Tobago,Trinidad and Tobago,None,delphi,93,44.67930983117406,20.720710662997497,32.70001024708578
Trinidad and Tobago,Trinidad and Tobago,None,delphi_lookahead,93,363.0505985182608,88.62951014566717,225.84005433196398
Trinidad and Tobago,Trinidad and Tobago,None,delphi_constant,93,61.630432853163285,44.07787354009644,52.854153196629866
Trinidad and Tobago,Trinidad and Tobago,None,themis,93,61.62974637432832,44.077469953308665,52.85360816381849
Trinidad and Tobago,Trinidad and Tobago,None,seir,93,39.970990052702156,25.031376505430533,32.501183279066346
Tunisia,Tunisia,None,delphi,93,36.34794532359974,15.992059247699217,26.170002285649478
Tunisia,Tunisia,None,delphi_lookahead,93,78.97496022253912,24.022841191329317,51.49890070693422
Tunisia,Tunisia,None,delphi_constant,93,51.977086053180734,36.05326845867849,44.015177255929615
Tunisia,Tunisia,None,themis,93,47.74073974451404,28.913758697380192,38.32724922094712
Tunisia,Tunisia,None,seir,93,30.197445265892036,31.376992833685723,30.78721904978888
Turkey,Turkey,None,delphi,93,23.655220606013813,14.818981245498492,19.237100925756152
Turkey,Turkey,None,delphi_lookahead,93,11.05162753665341,8.26147505718585,9.65655129691963
Turkey,Turkey,None,delphi_constant,93,42.48058325444777,35.876787937406164,39.178685595926964
Turkey,Turkey,None,themis,93,29.34001532918707,29.326565843669144,29.333290586428106
Turkey,Turkey,None,seir,93,957.5306656626408,999.1212227089266,978.3259441857837
Uganda,Uganda,None,delphi,93,100.0,100.0,100.0
Uganda,Uganda,None,delphi_lookahead,93,100.0,100.0,100.0
Uganda,Uganda,None,delphi_constant,93,100.0,100.0,100.0
Uganda,Uganda,None,themis,93,100.0,100.0,100.0
Uganda,Uganda,None,seir,93,105.2254846896941,61.09222725171629,83.15885597070519
Ukraine,Ukraine,None,delphi,93,99.99849586666693,99.93889291323794,99.96869438995243
Ukraine,Ukraine,None,delphi_lookahead,93,99.99849586666693,99.93889291323794,99.96869438995243
Ukraine,Ukraine,None,delphi_constant,93,99.99721046441971,99.94141559318558,99.96931302880265
Ukraine,Ukraine,None,themis,93,99.99721049740008,99.94141560245112,99.9693130499256
Ukraine,Ukraine,None,seir,93,839.5006650948222,1139.503909303933,989.5022871993776
United Arab Emirates,United Arab Emirates,None,delphi,93,24.45171987841352,23.791287216293558,24.12150354735354
United Arab Emirates,United Arab Emirates,None,delphi_lookahead,93,12.521059984283626,47.370308341074924,29.945684162679274
United Arab Emirates,United Arab Emirates,None,delphi_constant,93,42.300033618337416,5.5867250126728,23.94337931550511
United Arab Emirates,United Arab Emirates,None,themis,93,980.014372384988,1261.0410502156117,1120.5277113002999
United Arab Emirates,United Arab Emirates,None,seir,93,1209.6534208768253,2001.0242196878396,1605.3388202823326
United Kingdom,United Kingdom,None,delphi,93,10.386976981871593,1.8696866607866045,6.128331821329098
United Kingdom,United Kingdom,None,delphi_lookahead,93,6.949290259017977,0.7378383878997734,3.8435643234588754
United Kingdom,United Kingdom,None,delphi_constant,93,31.897920856452757,25.447971786597982,28.67294632152537
United Kingdom,United Kingdom,None,themis,93,1546.530775273272,1014.128724469851,1280.3297498715615
United Kingdom,United Kingdom,None,seir,93,1248.8100582832924,4785.615074675314,3017.212566479303
Uruguay,Uruguay,None,delphi,93,30.03232754003841,29.401679776671287,29.717003658354848
Uruguay,Uruguay,None,delphi_lookahead,93,22.91354613945355,12.877452718358297,17.895499428905925
Uruguay,Uruguay,None,delphi_constant,93,47.32206401840854,47.126379551970196,47.22422178518937
Uruguay,Uruguay,None,themis,93,47.24495772523194,47.065059467009405,47.15500859612067
Uruguay,Uruguay,None,seir,93,21.084613594824432,14.26504277600949,17.674828185416963
US - Alabama,US,Alabama,delphi,93,62.685937012292214,41.646100936721545,52.16601897450688
US - Alabama,US,Alabama,delphi_lookahead,93,58.948259525119205,29.934076375966097,44.44116795054265
US - Alabama,US,Alabama,delphi_constant,93,71.56775674027027,55.64802867965686,63.607892709963565
US - Alabama,US,Alabama,themis,93,156.73325298325818,163.58299360194746,160.15812329260282
US - Alabama,US,Alabama,seir,93,274.045708010449,496.1338227079523,385.08976535920067
US - Alaska,US,Alaska,delphi,93,72.8426249264479,42.468245880244616,57.65543540334626
US - Alaska,US,Alaska,delphi_lookahead,93,100.97555136043137,71.62907788867919,86.30231462455528
US - Alaska,US,Alaska,delphi_constant,93,79.56295876056586,57.03007961612113,68.2965191883435
US - Alaska,US,Alaska,themis,93,78.84699082537217,55.62952431587757,67.23825757062487
US - Alaska,US,Alaska,seir,93,65.52528443618164,20.312101186067306,42.91869281112447
US - Arizona,US,Arizona,delphi,93,75.09306602011272,51.88062557529987,63.486845797706295
US - Arizona,US,Arizona,delphi_lookahead,93,49.4532988827508,46.89491975566918,48.17410931920999
US - Arizona,US,Arizona,delphi_constant,93,81.82287332392787,65.03956782206684,73.43122057299735
US - Arizona,US,Arizona,themis,93,56.13066207196083,43.02542011103471,49.57804109149777
US - Arizona,US,Arizona,seir,93,196.55836921798235,393.38714010147294,294.9727546597276
US - Arkansas,US,Arkansas,delphi,93,67.55383843304895,55.49222036368607,61.52302939836751
US - Arkansas,US,Arkansas,delphi_lookahead,93,54.882793879832434,51.069308067191514,52.976050973511974
US - Arkansas,US,Arkansas,delphi_constant,93,80.8681750651659,73.80852498045228,77.3383500228091
US - Arkansas,US,Arkansas,themis,93,73.76571349071905,66.87356266435812,70.31963807753858
US - Arkansas,US,Arkansas,seir,93,75.56866062016591,163.37259503235472,119.47062782626031
US - California,US,California,delphi,93,60.55505293215415,37.98122442262577,49.268138677389956
US - California,US,California,delphi_lookahead,93,53.5688960941967,27.22518754726135,40.39704182072903
US - California,US,California,delphi_constant,93,69.98347530747377,52.88145148415448,61.432463395814125
US - California,US,California,themis,93,414.01600035868677,459.50509485976295,436.7605476092249
US - California,US,California,seir,93,1747.4998029817586,11982.646958891622,6865.07338093669
US - Colorado,US,Colorado,delphi,93,33.88198556115865,7.866301302093293,20.87414343162597
US - Colorado,US,Colorado,delphi_lookahead,93,19.424865780069783,4.039263238163559,11.732064509116672
US - Colorado,US,Colorado,delphi_constant,93,49.74980945181544,30.07313883229895,39.911474142057195
US - Colorado,US,Colorado,themis,93,49.409615750589005,29.821188896969137,39.61540232377907
US - Colorado,US,Colorado,seir,93,2674.6888545679994,19684.66385918786,11179.676356877932
US - Connecticut,US,Connecticut,delphi,93,7.2482553174955,0.9271957246970102,4.087725521096255
US - Connecticut,US,Connecticut,delphi_lookahead,93,4.469682312319742,0.7824112154480937,2.626046763883918
US - Connecticut,US,Connecticut,delphi_constant,93,28.588010133123902,23.833817755833998,26.21091394447895
US - Connecticut,US,Connecticut,themis,93,20.618828776768005,19.912109882334804,20.265469329551404
US - Connecticut,US,Connecticut,seir,93,44.34537360068621,19.035645787456914,31.69050969407156
US - Delaware,US,Delaware,delphi,93,23.40822799289821,2.6130674567880514,13.010647724843132
US - Delaware,US,Delaware,delphi_lookahead,93,15.600367578090912,2.5221950987141297,9.061281338402521
US - Delaware,US,Delaware,delphi_constant,93,41.235716730956476,24.605082763794588,32.920399747375534
US - Delaware,US,Delaware,themis,93,29.31829498367479,27.936505675282227,28.627400329478508
US - Delaware,US,Delaware,seir,93,1244.6231809090352,1494.2656726419136,1369.4444267754743
US - District of Columbia,US,District of Columbia,delphi,93,100.0,100.0,100.0
US - District of Columbia,US,District of Columbia,delphi_lookahead,93,100.0,100.0,100.0
US - District of Columbia,US,District of Columbia,delphi_constant,93,100.0,100.0,100.0
US - District of Columbia,US,District of Columbia,themis,93,100.0,100.0,100.0
US - District of Columbia,US,District of Columbia,seir,93,836.7145240615123,785.6962712884283,811.2053976749703
US - Florida,US,Florida,delphi,93,74.45487384350389,46.9116716481256,60.68327274581475
US - Florida,US,Florida,delphi_lookahead,93,86.6282627572955,52.755695180894044,69.69197896909478
US - Florida,US,Florida,delphi_constant,93,80.66460520401084,59.87358092625887,70.26909306513485
US - Florida,US,Florida,themis,93,56.79959090553542,37.31703434190742,47.05831262372142
US - Florida,US,Florida,seir,93,43.22302319499702,155.32525381080708,99.27413850290205
US - Georgia,US,Georgia,delphi,93,59.43578115059106,33.374875543929406,46.40532834726024
US - Georgia,US,Georgia,delphi_lookahead,93,60.1365184932683,26.03611955082968,43.08631902204899
US - Georgia,US,Georgia,delphi_constant,93,69.15459634947328,49.30543781699557,59.23001708323443
US - Georgia,US,Georgia,themis,93,67.47587840467736,46.05442260834142,56.765150506509386
US - Georgia,US,Georgia,seir,93,1681.5464611490713,17233.876135148697,9457.711298148884
US - Hawaii,US,Hawaii,delphi,93,62.48615185549736,39.27293551506741,50.879543685282385
US - Hawaii,US,Hawaii,delphi_lookahead,93,193.07542709100295,74.59017435076326,133.8328007208831
US - Hawaii,US,Hawaii,delphi_constant,93,71.78566213698724,53.3912384251426,62.58845028106492
US - Hawaii,US,Hawaii,themis,93,71.78369842204597,53.38863576004284,62.5861670910444
US - Hawaii,US,Hawaii,seir,93,43.14091801970371,27.75787131854045,35.44939466912208
US - Idaho,US,Idaho,delphi,93,72.73091518878493,43.27939109336662,58.00515314107578
US - Idaho,US,Idaho,delphi_lookahead,93,109.31025141426129,69.35419424602887,89.33222283014507
US - Idaho,US,Idaho,delphi_constant,93,79.451857454105,57.27583780476862,68.3638476294368
US - Idaho,US,Idaho,themis,93,79.34723451602012,57.111372037460626,68.22930327674038
US - Idaho,US,Idaho,seir,93,29.928427523265263,75.26859314442994,52.5985103338476
US - Illinois,US,Illinois,delphi,93,21.05548643790899,11.600078108631532,16.32778227327026
US - Illinois,US,Illinois,delphi_lookahead,93,20.29407411292941,3.0721971215974704,11.68313561726344
US - Illinois,US,Illinois,delphi_constant,93,39.1494901187338,31.890652060600512,35.520071089667155
US - Illinois,US,Illinois,themis,93,23.573095392599065,16.679696514759787,20.126395953679427
US - Illinois,US,Illinois,seir,93,1074.0703693896276,1117.7814385205986,1095.925903955113
US - Indiana,US,Indiana,delphi,93,34.98606767570155,15.744066176152105,25.365066925926826
US - Indiana,US,Indiana,delphi_lookahead,93,30.570498718686174,5.074754289722793,17.822626504204482
US - Indiana,US,Indiana,delphi_constant,93,50.46551495575476,36.01624656948086,43.24088076261781
US - Indiana,US,Indiana,themis,93,46.08714018749359,32.745611572352125,39.41637587992285
US - Indiana,US,Indiana,seir,93,451.812088650347,812.818071890256,632.3150802703015
US - Iowa,US,Iowa,delphi,93,38.840659955154834,13.798285039259685,26.319472497207258
US - Iowa,US,Iowa,delphi_lookahead,93,33.564074308399135,13.084477827104735,23.324276067751935
US - Iowa,US,Iowa,delphi_constant,93,53.23786071652708,32.91983869820266,43.07884970736487
US - Iowa,US,Iowa,themis,93,44.979330725700876,23.399613507450493,34.189472116575686
US - Iowa,US,Iowa,seir,93,1085.8406094500513,1566.553941101209,1326.19727527563
US - Kansas,US,Kansas,delphi,93,49.97842823832798,24.686198714676028,37.332313476502
US - Kansas,US,Kansas,delphi_lookahead,93,50.48581758806945,16.213263684752715,33.349540636411085
US - Kansas,US,Kansas,delphi_constant,93,62.07424120438229,42.84793063452036,52.46108591945132
US - Kansas,US,Kansas,themis,93,61.60446943001562,42.28205870381679,51.9432640669162
US - Kansas,US,Kansas,seir,93,247.560327881983,680.7270296781426,464.14367878006277
US - Kentucky,US,Kentucky,delphi,93,49.55301706820605,26.527665828328537,38.0403414482673
US - Kentucky,US,Kentucky,delphi_lookahead,93,55.73647737919094,14.926604788414561,35.33154108380275
US - Kentucky,US,Kentucky,delphi_constant,93,61.75197204785488,44.38970287025367,53.070837459054275
US - Kentucky,US,Kentucky,themis,93,45.47762636689597,27.696612302280798,36.58711933458838
US - Kentucky,US,Kentucky,seir,93,228.8739934067402,548.4214968726569,388.64774513969854
US - Louisiana,US,Louisiana,delphi,93,52.475599001676756,21.918412117464253,37.197005559570506
US - Louisiana,US,Louisiana,delphi_lookahead,93,41.78788883050592,12.356756900557698,27.07232286553181
US - Louisiana,US,Louisiana,delphi_constant,93,63.62632096191308,40.45817484521215,52.04224790356261
US - Louisiana,US,Louisiana,themis,93,63.54789497109182,40.39514580666738,51.9715203888796
US - Louisiana,US,Louisiana,seir,93,602.5487596471793,14542.689079160093,7572.618919403636
US - Maine,US,Maine,delphi,93,24.692315790281253,10.56882890090481,17.63057234559303
US - Maine,US,Maine,delphi_lookahead,93,11.74026836410008,6.093060713183337,8.916664538641708
US - Maine,US,Maine,delphi_constant,93,42.9529446866954,32.30048380096432,37.626714243829866
US - Maine,US,Maine,themis,93,215.1651849382662,134.21202498688783,174.68860496257702
US - Maine,US,Maine,seir,93,224.9970412797176,253.4740463428798,239.2355438112987
US - Maryland,US,Maryland,delphi,93,22.600805785729197,10.568518712725579,16.58466224922739
US - Maryland,US,Maryland,delphi_lookahead,93,18.35418698411683,3.465173823668443,10.909680403892636
US - Maryland,US,Maryland,delphi_constant,93,40.311353723756795,31.415053367817265,35.86320354578703
US - Maryland,US,Maryland,themis,93,252.35845284251877,166.6507597576885,209.50460630010363
US - Maryland,US,Maryland,seir,93,1474.8512754483663,1724.9401354079557,1599.895705428161
US - Massachusetts,US,Massachusetts,delphi,93,7.656616943121518,2.62915747244162,5.142887207781569
US - Massachusetts,US,Massachusetts,delphi_lookahead,93,5.352695227804616,1.631901542862738,3.492298385333677
US - Massachusetts,US,Massachusetts,delphi_constant,93,42.28650092358332,39.19130392518652,40.73890242438492
US - Massachusetts,US,Massachusetts,themis,93,39.6361614540959,37.084911151652015,38.36053630287395
US - Massachusetts,US,Massachusetts,seir,93,3145.221101653241,6500.034262089309,4822.627681871275
US - Michigan,US,Michigan,delphi,93,24.53182966588587,4.989328335526584,14.760579000706226
US - Michigan,US,Michigan,delphi_lookahead,93,18.10115871815908,2.8626424373261425,10.48190057774261
US - Michigan,US,Michigan,delphi_constant,93,61.14262260814056,51.193062323935095,56.167842466037825
US - Michigan,US,Michigan,themis,93,49.22686106239061,44.06679070914594,46.64682588576828
US - Michigan,US,Michigan,seir,93,567.8872886267015,621.9937918832852,594.9405402549934
US - Minnesota,US,Minnesota,delphi,93,38.06867851085984,5.265721538422522,21.667200024641183
US - Minnesota,US,Minnesota,delphi_lookahead,93,30.870880000963947,4.600656066588661,17.735768033776303
US - Minnesota,US,Minnesota,delphi_constant,93,55.26079427017719,31.52262078120042,43.39170752568881
US - Minnesota,US,Minnesota,themis,93,54.55769741422289,30.936741073466344,42.74721924384462
US - Minnesota,US,Minnesota,seir,93,1382.915683288025,2414.758941346461,1898.8373123172432
US - Mississippi,US,Mississippi,delphi,93,54.585939644254196,35.49386680916925,45.03990322671172
US - Mississippi,US,Mississippi,delphi_lookahead,93,55.18052007249145,31.64329387421255,43.411906973351996
US - Mississippi,US,Mississippi,delphi_constant,93,65.31465379582735,50.95796712381881,58.13631045982308
US - Mississippi,US,Mississippi,themis,93,57.65469227685075,45.323319192742986,51.48900573479687
US - Mississippi,US,Mississippi,seir,93,340.68595210401,459.3420898666308,400.01402098532037
US - Missouri,US,Missouri,delphi,93,58.18952353145191,25.859264006216087,42.024393768834
US - Missouri,US,Missouri,delphi_lookahead,93,76.48550752175447,11.838770033992308,44.16213877787339
US - Missouri,US,Missouri,delphi_constant,93,68.41090212401132,44.01798777169847,56.21444494785489
US - Missouri,US,Missouri,themis,93,66.5174196708237,41.02411715966934,53.77076841524652
US - Missouri,US,Missouri,seir,93,191.2888132532312,450.2693406106605,320.77907693194584
US - Montana,US,Montana,delphi,93,74.26254473110352,56.740307251029385,65.50142599106645
US - Montana,US,Montana,delphi_lookahead,93,153.93127302120703,83.84494265435515,118.88810783778109
US - Montana,US,Montana,delphi_constant,93,80.61068146096743,67.41269028742477,74.0116858741961
US - Montana,US,Montana,themis,93,80.58214457359475,67.38822589364688,73.98518523362081
US - Montana,US,Montana,seir,93,60.29614821818494,40.94892458810863,50.62253640314678
US - Nebraska,US,Nebraska,delphi,93,28.269455332030024,27.259302824926216,27.76437907847812
US - Nebraska,US,Nebraska,delphi_lookahead,93,23.671713284314304,9.887733487115373,16.77972338571484
US - Nebraska,US,Nebraska,delphi_constant,93,62.596011695932205,62.16752581083308,62.381768753382644
US - Nebraska,US,Nebraska,themis,93,53.72939794107886,55.047020937448856,54.38820943926386
US - Nebraska,US,Nebraska,seir,93,1167.2101405260005,1650.1502911437638,1408.6802158348821
US - Nevada,US,Nevada,delphi,93,67.13181206992027,37.84386906636005,52.48784056814016
US - Nevada,US,Nevada,delphi_lookahead,93,73.49358318357683,37.583414389022515,55.53849878629967
US - Nevada,US,Nevada,delphi_constant,93,75.10160986557197,52.96746795234565,64.03453890895881
US - Nevada,US,Nevada,themis,93,74.03079479849714,51.611803216393625,62.82129900744538
US - Nevada,US,Nevada,seir,93,31.30863446056355,153.48968201651482,92.39915823853919
US - New Hampshire,US,New Hampshire,delphi,93,14.015529042748806,0.9939232121894954,7.504726127469151
US - New Hampshire,US,New Hampshire,delphi_lookahead,93,7.912141363860204,0.8101050233902084,4.361123193625207
US - New Hampshire,US,New Hampshire,delphi_constant,93,34.64105981181858,24.66811373248746,29.654586772153017
US - New Hampshire,US,New Hampshire,themis,93,23.44464243827432,17.471558464300635,20.45810045128748
US - New Hampshire,US,New Hampshire,seir,93,1205.6978074538745,677.7430651830556,941.7204363184651
US - New Jersey,US,New Jersey,delphi,93,8.494674037382895,5.142628767318665,6.818651402350779
US - New Jersey,US,New Jersey,delphi_lookahead,93,4.57528000010549,1.274357604014915,2.9248188020602024
US - New Jersey,US,New Jersey,delphi_constant,93,80.04049770961474,79.3449660946875,79.69273190215112
US - New Jersey,US,New Jersey,themis,93,72.7263149074374,77.34536323659859,75.03583907201799
US - New Jersey,US,New Jersey,seir,93,5.100981581879203,18.886077271906167,11.993529426892685
US - New Mexico,US,New Mexico,delphi,93,41.57295769166375,22.815723271911505,32.19434048178763
US - New Mexico,US,New Mexico,delphi_lookahead,93,30.336943473887125,11.2728921240703,20.804917798978714
US - New Mexico,US,New Mexico,delphi_constant,93,55.44931076727843,41.13549803653934,48.29240440190888
US - New Mexico,US,New Mexico,themis,93,42.38621301062645,57.09612367472663,49.74116834267654
US - New Mexico,US,New Mexico,seir,93,964.1535341413583,1090.746103750841,1027.4498189460996
US - New York,US,New York,delphi,93,8.249243354781253,2.910511341122616,5.579877347951935
US - New York,US,New York,delphi_lookahead,93,3.5661831841194753,0.808523704278719,2.187353444199097
US - New York,US,New York,delphi_constant,93,67.66618449933333,65.91936582924464,66.79277516428898
US - New York,US,New York,themis,93,66.81409267209129,65.61975073780515,66.21692170494822
US - New York,US,New York,seir,93,6.482036031813541,4.9192115290029985,5.70062378040827
US - North Carolina,US,North Carolina,delphi,93,59.666998488601706,34.69506550107275,47.18103199483723
US - North Carolina,US,North Carolina,delphi_lookahead,93,43.084806173538475,23.858068461684294,33.47143731761138
US - North Carolina,US,North Carolina,delphi_constant,93,87.41922196286095,79.6618089936901,83.54051547827552
US - North Carolina,US,North Carolina,themis,93,61.53959773864353,54.44853589868611,57.99406681866482
US - North Carolina,US,North Carolina,seir,93,534.9694593722355,860.8943283338332,697.9318938530344
US - North Dakota,US,North Dakota,delphi,93,43.48316157382757,20.17025547349399,31.826708523660784
US - North Dakota,US,North Dakota,delphi_lookahead,93,61.994631522857,20.3856427258195,41.19013712433825
US - North Dakota,US,North Dakota,delphi_constant,93,59.51878223479457,41.66051576505958,50.58964899992708
US - North Dakota,US,North Dakota,themis,93,26.573995228727185,35.65004660186995,31.11202091529857
US - North Dakota,US,North Dakota,seir,93,95.16358092521982,199.68012014324987,147.42185053423484
US - Ohio,US,Ohio,delphi,93,45.626647434771535,20.276266777194888,32.95145710598321
US - Ohio,US,Ohio,delphi_lookahead,93,37.59608894607129,10.153966805815527,23.87502787594341
US - Ohio,US,Ohio,delphi_constant,93,58.77239113780436,39.69734214345676,49.23486664063056
US - Ohio,US,Ohio,themis,93,51.635586823743694,34.064310266691116,42.8499485452174
US - Ohio,US,Ohio,seir,93,1112.6446349961248,27166.365649199575,14139.50514209785
US - Oklahoma,US,Oklahoma,delphi,93,68.17643050077275,28.0428905002346,48.10966050050368
US - Oklahoma,US,Oklahoma,delphi_lookahead,93,85.17433105359844,26.43437749866877,55.8043542761336
US - Oklahoma,US,Oklahoma,delphi_constant,93,75.98022172509484,45.61585655612946,60.79803914061215
US - Oklahoma,US,Oklahoma,themis,93,73.37070410492142,41.330967790488955,57.350835947705185
US - Oklahoma,US,Oklahoma,seir,93,37.993211670524666,312.9576139030252,175.47541278677494
US - Oregon,US,Oregon,delphi,93,63.48807129315816,39.01298128079745,51.2505262869778
US - Oregon,US,Oregon,delphi_lookahead,93,54.62504760018583,28.396065967653907,41.51055678391987
US - Oregon,US,Oregon,delphi_constant,93,72.41980512913929,53.86638563251377,63.14309538082653
US - Oregon,US,Oregon,themis,93,70.11041066711027,51.38902182418254,60.74971624564641
US - Oregon,US,Oregon,seir,93,15.600448694404154,57.1642059687377,36.38232733157093
US - Pennsylvania,US,Pennsylvania,delphi,93,25.249934859849546,5.059219653268671,15.154577256559108
US - Pennsylvania,US,Pennsylvania,delphi_lookahead,93,15.979670425886576,3.9870744422500475,9.983372434068311
US - Pennsylvania,US,Pennsylvania,delphi_constant,93,55.10123994990163,42.922685536819344,49.011962743360485
US - Pennsylvania,US,Pennsylvania,themis,93,34.99240034005861,29.51600131192021,32.25420082598941
US - Pennsylvania,US,Pennsylvania,seir,93,1637.8529471848558,1304.0116479833414,1470.9322975840987
US - Rhode Island,US,Rhode Island,delphi,93,13.30165332129132,4.736201518770364,9.018927420030842
US - Rhode Island,US,Rhode Island,delphi_lookahead,93,9.705783703264737,2.9251439549370404,6.315463829100889
US - Rhode Island,US,Rhode Island,delphi_constant,93,32.84978462933881,26.242152361775904,29.545968495557354
US - Rhode Island,US,Rhode Island,themis,93,25.70037970021819,19.82482116142336,22.762600430820775
US - Rhode Island,US,Rhode Island,seir,93,14.013556451524956,4.642842059396682,9.328199255460818
US - South Carolina,US,South Carolina,delphi,93,72.01721582222893,51.52982579912084,61.77352081067489
US - South Carolina,US,South Carolina,delphi_lookahead,93,64.95923708190197,60.6915373357117,62.82538720880684
US - South Carolina,US,South Carolina,delphi_constant,93,78.87133288547335,63.4976935071727,71.18451319632302
US - South Carolina,US,South Carolina,themis,93,198.17430016869443,168.8384399171527,183.50637004292355
US - South Carolina,US,South Carolina,seir,93,45.104073939076876,134.944952662909,90.02451330099294
US - South Dakota,US,South Dakota,delphi,93,32.022048180459,27.54893917631389,29.785493678386445
US - South Dakota,US,South Dakota,delphi_lookahead,93,30.261711210246524,18.187437139495156,24.22457417487084
US - South Dakota,US,South Dakota,delphi_constant,93,48.084348032050386,44.67607514581159,46.38021158893099
US - South Dakota,US,South Dakota,themis,93,45.7565707013046,30.014303000640123,37.88543685097236
US - South Dakota,US,South Dakota,seir,93,840.9278779482664,650.7952001925095,745.861539070388
US - Tennessee,US,Tennessee,delphi,93,60.208535243077165,48.81282274418286,54.51067899363001
US - Tennessee,US,Tennessee,delphi_lookahead,93,64.29421121303784,45.765972570556855,55.03009189179735
US - Tennessee,US,Tennessee,delphi_constant,93,74.30312479826016,66.9800895528503,70.64160717555524
US - Tennessee,US,Tennessee,themis,93,70.2058860420492,62.62232795389331,66.41410699797126
US - Tennessee,US,Tennessee,seir,93,112.37947580662102,165.84662708044704,139.11305144353403
US - Texas,US,Texas,delphi,93,71.97587811984552,55.81479173017275,63.89533492500914
US - Texas,US,Texas,delphi_lookahead,93,80.68307556715175,78.69375914184747,79.6884173544996
US - Texas,US,Texas,delphi_constant,93,79.42622230286231,67.6355845754296,73.53090343914596
US - Texas,US,Texas,themis,93,64.89112706396432,54.923590827717916,59.90735894584112
US - Texas,US,Texas,seir,93,82.69418591744383,211.61809796641006,147.15614194192693
US - Utah,US,Utah,delphi,93,58.21256495592635,42.783345179097246,50.497955067511796
US - Utah,US,Utah,delphi_lookahead,93,37.61483773931666,40.371461577087516,38.993149658202086
US - Utah,US,Utah,delphi_constant,93,68.16997760250962,56.43875038772091,62.30436399511527
US - Utah,US,Utah,themis,93,40.540458027408356,32.393441110401945,36.46694956890515
US - Utah,US,Utah,seir,93,143.81323366217774,195.60463520199278,169.70893443208524
US - Vermont,US,Vermont,delphi,93,25.811352724237704,1.7109092210081607,13.761130972622933
US - Vermont,US,Vermont,delphi_lookahead,93,10.110884145643325,1.3228758602273032,5.716880002935314
US - Vermont,US,Vermont,delphi_constant,93,66.46623384190343,55.34629906982806,60.90626645586575
US - Vermont,US,Vermont,themis,93,66.43740909530064,55.328040155927006,60.88272462561382
US - Vermont,US,Vermont,seir,93,23.6125478578101,62.626841952585806,43.11969490519795
US - Virginia,US,Virginia,delphi,93,32.54624738325854,20.989706804767025,26.76797709401278
US - Virginia,US,Virginia,delphi_lookahead,93,26.92171669396196,8.767298236917952,17.844507465439957
US - Virginia,US,Virginia,delphi_constant,93,48.36366825389552,39.71501898724654,44.03934362057103
US - Virginia,US,Virginia,themis,93,328.7855327294116,259.11061533117254,293.9480740302921
US - Virginia,US,Virginia,seir,93,947.1970596836471,1379.8415701379731,1163.5193149108102
US - Washington,US,Washington,delphi,93,49.84992823698359,22.162274434132044,36.006101335557815
US - Washington,US,Washington,delphi_lookahead,93,35.12701310136002,9.766576560070678,22.446794830715348
US - Washington,US,Washington,delphi_constant,93,61.76810702563327,40.126700731953854,50.947403878793565
US - Washington,US,Washington,themis,93,58.984384000110765,37.7629410991801,48.37366254964543
US - Washington,US,Washington,seir,93,445.998981625141,2045.6158384081823,1245.8074100166616
