Continent,Country,Province,Data Start Date,MAPE,Infection Rate,Median Day of Action,Rate of Action,Rate of Death,Mortality Rate,Rate of Mortality Rate Decay,Internal Parameter 1,Internal Parameter 2,Jump Magnitude,Jump Time,Jump Decay
Europe,Andorra,None,2020-03-15,9.986622555637062,1.25,-10.0,1.0,0.5,0.08747744022567916,0.5,7.617574546625769,6.679449237978255,1.7440654227043546,0.0,0.8601048076828682
Oceania,Australia,Australian Capital Territory,2020-03-15,0.5850154834882743,0.75,-10.0,3.0,0.157287568998444,0.02952988537924442,0.3180726236187248,3.4284427338593466,7.83542887201624,4.9949390124065145,0.0,0.9843288381643087
Oceania,Australia,New South Wales,2020-03-15,5.521504915847088,1.0320866210589292,-10.0,1.0,0.5,0.01355531435085827,0.18707466728063787,0.1,1.162731945820324,0.0,0.17995207207603325,3.6227117146995913
Oceania,Australia,South Australia,2020-03-15,7.856278856479198,0.75,-10.0,3.0,0.05,0.01,0.3337451380502898,1.617180389632161,3.2723208509488675,1.272119698567906,0.21067398391757042,0.15254501037381588
Oceania,Australia,Tasmania,2020-03-15,0.252992690552701,0.881614212013965,-3.0801282739414617,2.9989370472662653,0.14478079274847297,0.061910429726312555,0.12264064919019241,0.1,0.1,2.118971951405732,7.0,5.0
Oceania,Australia,Western Australia,2020-03-15,1.3253640529880297,0.75,-10.0,1.0179715208103395,0.32806349079939884,0.013393126296705065,0.35170156311647127,0.1,6.369742923720995,0.0,3.5918821336657794,0.3001359797580324
Europe,Belarus,None,2020-03-15,6.738882363621649,1.25,10.0,1.0,0.05,0.01,0.005137472413480282,0.14878120926310456,0.10328704827856808,5.0,7.0,0.1
North America,Canada,New Brunswick,2020-03-15,3.5604230489331212,1.25,-4.012387897168547,1.0,0.05,0.011201510891271069,0.0,0.10000894935932328,0.5537535372597683,0.0,3.785853782278729,0.27745481511339454
North America,Canada,Newfoundland and Labrador,2020-03-15,0.8040057548014063,0.75,-10.0,3.0,0.31241930363371057,0.011693077565498854,0.5,3.616141964615228,7.268044224936422,4.654638371023861,2.571788149786814,1.3876328553303392
North America,Canada,Ontario,2020-03-15,4.829418825540232,1.25,4.5652760376468144,1.0,0.5,0.08627749852229649,0.14137082088181732,0.1,0.1,0.0,1.0691754940925975,3.8990482391073926
North America,Canada,Quebec,2020-03-15,3.0513374838513014,1.25,0.2622373955236068,1.0,0.41282142758611917,0.14447388789496132,0.26931782639908425,3.5544246599114384,1.3243045111757228,1.729585458915553e-06,0.48759653182668045,0.4808927487102025
Europe,Cyprus,None,2020-03-15,10.362531921837634,1.25,-2.8057424128017745,1.0,0.5,0.022148627243272278,0.5,0.1,0.2808867722975967,0.0,4.12716874776485,0.3116963225355093
Europe,Czechia,None,2020-03-15,21.541101575410877,1.25,2.882451867935365,1.0,0.5,0.03174395913777709,0.49986686951814324,0.1,0.1,0.0,3.9409698952154884,1.2138147118750777
Europe,Denmark,None,2020-03-15,9.035135790772038,1.25,-5.350450424950358,1.0,0.5,0.06834409738023975,0.5,0.1,0.1,0.0,6.999994546403771,0.7305786762370555
North America,Dominican Republic,None,2020-03-15,24.915860915143462,1.25,10.0,1.0,0.05,0.01990748898845332,0.0,0.882080538622479,1.1122931853870561,1.0737549660960937,2.8986790556851973,0.9075311710012398
Europe,Estonia,None,2020-03-15,8.11087559093903,1.1805211836472669,-10.0,1.0,0.5,0.043954214105472976,0.5,0.1,0.2236940385638264,0.0,1.0216713827789696,2.328374089379857
Europe,Finland,None,2020-03-15,4.587851259568796,1.2017781151109255,-10.0,1.0,0.5,0.06373503865769427,0.5,0.1048753283006253,0.49566699433843314,0.0,1.0923518988266085,3.124053301504626
Europe,Germany,None,2020-03-15,6.728706247877698,1.25,-10.0,1.0,0.48488283634259227,0.05739990903850244,0.3099130407693791,0.1,0.7554001732138709,0.0,0.16804400848086232,0.24981858299054008
Europe,Ireland,None,2020-03-15,4.6533352581425165,1.111833302400277,-10.0,1.0,0.17219193267253904,0.08112732866019289,0.2167696954240407,2.3840978222524436,1.1203530531902506,1.6384667304652643,0.4977638948924905,2.2531299632897572
Europe,Italy,None,2020-03-15,4.703676960567245,1.0224464865784526,-10.0,1.0,0.5,0.16214765100539844,0.18359706938413456,0.1,0.6721554074597577,0.0,1.5648473464815367,3.6161190632635094
Europe,Latvia,None,2020-03-15,7.491134037323084,1.25,-7.591688002103022,1.0,0.05,0.03569375386647102,0.35558920200075284,0.1,0.46542514876888114,0.0,4.119060745503607,3.4882076849185464
Europe,Liechtenstein,None,2020-03-15,6.702090279243533,0.75,-10.0,1.1003164279035662,0.4999237277217543,0.010788183785592776,0.4999972339303359,0.1,0.913236312134852,0.0,5.6738460223714355,2.5488403420333463
Asia,Malaysia,None,2020-03-15,3.3585629517945734,1.2481095521853696,-10.0,1.0,0.5,0.016951503604308645,0.5,0.1,0.30157481299522204,0.0,5.0893538514104954e-05,0.23411332092683637
Europe,Monaco,None,2020-03-15,120.48034537789951,1.25,-4.9422965313917375,1.0,0.5,0.04088359762654799,0.5,0.1,0.49499759738367277,0.0,3.5417805140722405,0.4222566209594444
Oceania,New Zealand,None,2020-03-15,7.418316875632309,0.7500000755467309,2.2360116786968627,2.7139038280417864,0.08238423054723575,0.015738899743227508,0.3572638695032944,4.889895990141992,4.699572282471721,1.4573101242763908,2.255158949277347,2.0960646883658525
Europe,Norway,None,2020-03-15,7.97386398241606,1.1923116277460328,-10.0,1.0,0.5,0.0359608223876343,0.5,0.1,0.10789539856743047,0.0,6.402687443516981,4.931255824985055
Europe,San Marino,None,2020-03-15,1.250794771316685,1.104488770594872,-10.0,1.0,0.5,0.08027303636127078,0.5,0.1,0.47178712384013516,0.0,3.54341194608921,0.6487167446749472
Europe,Spain,None,2020-03-15,15.86738321847887,1.25,1.779496292517341,1.0,0.5,0.16025891756407074,0.5,0.1,0.1,0.0,0.8582218370246616,0.9388950777308732
Europe,Sweden,None,2020-03-15,5.55569348149031,1.25,2.8536031438586678,1.0,0.07982602732628245,0.15411940253006062,0.5,0.1,0.1,0.0,1.7632505989157377,3.1101760969699783
Europe,Switzerland,None,2020-03-15,8.210794880612616,1.149542372891314,-10.0,1.0,0.5,0.07550854714109342,0.5,0.1,0.4102317815872763,0.0,0.282377094325696,0.424659383568191
Asia,Thailand,None,2020-03-15,1.9155839565249553,0.75,-10.0,1.0784575075134426,0.2248958961561363,0.019987585908186153,0.4901506246263545,0.10001873334061917,3.5902375087782836,0.0,6.266783778532101,4.072317342920266
Asia,Turkey,None,2020-03-15,11.923323283522674,1.25,10.0,1.0,0.5,0.046530443812780306,0.5,9.82911208047987,9.353151966389433,0.1582196084291621,0.8021331034830144,0.7484942144703574
North America,US,Illinois,2020-03-15,12.347674690340066,1.25,10.0,1.0,0.061041600285253364,0.08503386297211026,0.5,1.9115163816563465,0.14402697610675996,0.22030199837938572,4.724169164058337,3.502207790590828
North America,US,Massachusetts,2020-03-15,3.9862711899431527,1.25,-2.011601672384311,1.0,0.07483708202074522,0.14179142765171346,0.5,1.4377054560856786,1.0718204068153403,0.0,6.593972001460543,0.777819354762498
North America,US,New Hampshire,2020-03-15,4.9838800402293,1.25,10.0,1.0,0.05,0.14438456410337847,0.5,0.6221027461290866,0.10712581031651523,0.001035053298048026,6.794819754929183,0.28034794126658313
North America,US,New Jersey,2020-03-15,3.5467439675957433,1.25,-5.105258484861623,1.0,0.24446342791238163,0.08423719961535878,0.0,5.8235039823428325,5.887823512206006,1.8400595856324427,1.8989504791892176,1.435334815396396
North America,US,North Dakota,2020-03-15,28.965954982224837,1.25,10.0,1.0,0.05,0.014878128121652604,0.0,5.178984549684848,0.4771882033524368,0.2752520515298968,0.01461523042401653,4.860528067208409
North America,US,Pennsylvania,2020-03-15,9.995099961824248,1.25,10.0,1.0,0.13525906906285867,0.13637868253733723,0.5,2.177561657599728,0.10066308959852077,0.08083925985247885,6.953612476107309,0.289969843824219
North America,US,Rhode Island,2020-03-15,7.261155714912542,1.25,10.0,1.0,0.18185458431866294,0.1137152148712345,0.5,0.1,0.3572272147665964,0.0,6.448169909168193,3.614014904667338
North America,US,South Dakota,2020-03-15,22.675254125334877,1.25,10.0,1.0,0.05,0.014110560451394047,0.0,1.030389363144765,1.0738029063357744,0.17655179624981074,5.464719203058391,3.652210450659904
