cutoff_label,horizon_months,model,split_id,n_regions,mean_ape_cases_pct,median_ape_cases_pct,mean_ape_deaths_pct,median_ape_deaths_pct
20200415,1,delphi_constant,1,31,109.27252617291747,63.35740917322875,186.79517511981223,53.763636228718916
20200415,1,delphi_constant,2,31,68.40092359921782,53.372441064065924,57.338719344969334,46.697530461792304
20200415,1,delphi_constant,3,31,73.81407834527367,43.214733795872796,134.15564189591285,64.45880122605752
20200415,1,delphi_constant,4,31,61.34315262310925,57.92695528043591,107.94252452550106,48.81132189657502
20200415,1,delphi_constant,5,31,72.59281248601363,50.60805142491862,95.18165087806788,42.91452428654802
20200415,1,delphi_constant,6,31,61.0675636511208,46.076989522392914,166.14986833485906,65.15825725692955
20200415,1,delphi_constant,7,31,85.77205295081214,73.29551416865861,73.64447697310239,42.91452428654802
20200415,1,delphi_constant,8,31,107.64011204372243,56.39180763862897,100.6931654234109,57.15142491804032
20200415,1,delphi_constant,9,31,84.18107255821866,60.81331351604764,72.61718187181076,58.537003938333534
20200415,1,delphi_constant,10,31,160.53539810637514,46.5408531881552,149.55186838058324,53.9131682221288
20200415,1,delphi_full,1,31,102.5966641326092,53.37104028577303,165.15078827912237,44.69349392031396
20200415,1,delphi_full,2,31,61.94319981125555,58.15679192140838,50.61301493703035,41.490580679415444
20200415,1,delphi_full,3,31,70.72486698911293,51.644365983064986,110.92090570293378,59.92242612474512
20200415,1,delphi_full,4,31,60.61340732148185,61.616387969045455,90.59247374564761,47.16130522667103
20200415,1,delphi_full,5,31,68.64270832001912,52.9561857169249,82.05525178132541,27.542853398772994
20200415,1,delphi_full,6,31,53.56543108674811,39.71027301856009,105.26864920257619,63.24947269852021
20200415,1,delphi_full,7,31,79.84458442180073,73.47764368585132,67.49182823888074,44.27535515170872
20200415,1,delphi_full,8,31,98.42385379153076,52.31707629317653,89.27431048146177,43.99629401943457
20200415,1,delphi_full,9,31,78.85907817207328,64.02354634264891,64.19834926291203,56.001815060086344
20200415,1,delphi_full,10,31,154.71368317744748,52.9561857169249,138.1523848454123,46.62268931955039
20200415,1,seir,1,31,35773.4720136733,16196.238326164283,18069.00593143771,10681.228120393687
20200415,1,seir,2,31,21087.544238600498,13132.925409982237,20104.931441182336,8097.829138838166
20200415,1,seir,3,31,46173.46886932938,22833.626259947305,27358.054843468497,18937.866228407438
20200415,1,seir,4,31,15917.89609604819,9518.647164737758,15385.503609456797,5485.490055948932
20200415,1,seir,5,31,41852.11298669487,13552.327051265376,21888.762058393357,12009.366598229035
20200415,1,seir,6,31,36283.72119365242,17152.382210994416,28343.85213144281,11551.396237312041
20200415,1,seir,7,31,19989.32993230528,7937.238393190255,19652.8352451063,4374.168506982598
20200415,1,seir,8,31,33955.57796742273,13962.524400577464,15405.53076446403,10681.228120393687
20200415,1,seir,9,31,38275.10039040055,12132.600167081775,14867.53113504151,6040.686820681785
20200415,1,seir,10,31,39309.26412316107,14072.427389100036,19908.354713439894,11016.429481679097
20200415,1,themis_transfer,1,31,268.65468493946656,57.400620075573386,354.3801311620368,88.1438965125314
20200415,1,themis_transfer,2,31,184.77122376985213,78.50333173545886,111.94798854342939,60.757636255557024
20200415,1,themis_transfer,3,31,385.4427089539565,48.744739202768066,226.73220708251765,61.19318452921721
20200415,1,themis_transfer,4,31,83.46695728887154,56.53154846876704,168.4339724993007,43.31423933774464
20200415,1,themis_transfer,5,31,363.5546250692427,70.61824253248213,208.0157101580324,84.37729545108715
20200415,1,themis_transfer,6,31,388.64677050737623,64.91192715763613,281.43511943329054,103.082129753352
20200415,1,themis_transfer,7,31,215.7757780393604,65.82509834362034,189.0905031739565,89.31090148495485
20200415,1,themis_transfer,8,31,224.18152228259797,57.724721705612815,157.2670849351135,68.97116209414995
20200415,1,themis_transfer,9,31,328.9203967763655,72.68996110126021,166.55560966716286,75.25483974287434
20200415,1,themis_transfer,10,31,1100.3947777421351,74.81665394946188,408.7942981591401,77.10529859498243
20200415,2,delphi_constant,1,31,110.31683345222336,66.26667540925845,133.521190641772,46.66393134153827
20200415,2,delphi_constant,2,31,75.87601666873,74.03417420941628,70.20080540634744,41.18702329060719
20200415,2,delphi_constant,3,31,93.34663752605768,59.32489312158863,110.76171525001766,62.0525349429478
20200415,2,delphi_constant,4,31,71.11924733757694,66.05973819715287,90.85812905119862,65.08199266729906
20200415,2,delphi_constant,5,31,86.62356750035477,65.48909632359002,94.07757732091018,34.33789373081302
20200415,2,delphi_constant,6,31,95.79759906673321,58.70398742497226,401.7211080609268,70.64809819976676
20200415,2,delphi_constant,7,31,108.5616298369664,81.45476765112477,84.05171605089727,60.17703309527727
20200415,2,delphi_constant,8,31,112.7246395519707,71.83566167140486,139.3478129048662,67.3789701301103
20200415,2,delphi_constant,9,31,107.13413032691409,74.09999706051389,99.95308294166621,67.3789701301103
20200415,2,delphi_constant,10,31,149.0461619402445,65.2023930200941,137.54323228339462,40.70863393791768
20200415,2,delphi_full,1,31,94.86560597672892,76.77041426948254,104.12832582770064,43.48920912896033
20200415,2,delphi_full,2,31,61.083262389050944,70.10540135505006,52.032554164999354,42.63900956963667
20200415,2,delphi_full,3,31,82.5621238315853,70.10540135505006,64.45108095909221,48.57847905586967
20200415,2,delphi_full,4,31,71.17444817744409,79.48200351002434,61.6186371257623,65.40381898069023
20200415,2,delphi_full,5,31,75.2919474480871,64.16240171264303,61.36483350605594,36.77325032380105
20200415,2,delphi_full,6,31,59.744017602142975,55.15534791002117,85.06812274015647,45.01951862951789
20200415,2,delphi_full,7,31,83.41520586761663,83.32700093351399,65.99896904122467,66.21877884236419
20200415,2,delphi_full,8,31,88.68886644787048,64.16240171264303,93.78700887754097,49.227999710624296
20200415,2,delphi_full,9,31,89.25816176349583,79.48200351002434,66.95583973563788,63.01955300836744
20200415,2,delphi_full,10,31,141.92495755772012,71.78412707348285,117.01659505399397,44.29549231902197
20200415,2,seir,1,31,301713.6911151725,53093.416644961755,282054.8325486199,56349.324098475554
20200415,2,seir,2,31,79811.52232682805,36169.10476675464,175774.48021019364,50937.84759508946
20200415,2,seir,3,31,197245.14828424217,53548.101484833605,137496.25723146833,70658.56867977136
20200415,2,seir,4,31,83867.77562107507,36169.10476675464,210576.69707807005,53479.56389253841
20200415,2,seir,5,31,158489.32578588725,38492.979961960395,109223.92238016297,76732.67403684436
20200415,2,seir,6,31,176705.21302898362,38492.979961960395,116056.15804592092,65191.94965361875
20200415,2,seir,7,31,135902.6505250129,41177.812583671854,141969.0382754168,54612.68219339663
20200415,2,seir,8,31,87797.15232903526,33974.433443962866,88037.01673899555,36921.09454956687
20200415,2,seir,9,31,321603.2854865791,36169.10476675464,176879.46772846754,54612.68219339663
20200415,2,seir,10,31,422196.7471648829,53548.101484833605,256147.3743096729,70741.90665932157
20200415,2,themis_transfer,1,31,1002.9441930549598,107.22570870798566,960.3902558144982,121.1074908540996
20200415,2,themis_transfer,2,31,960.9919164324996,139.00109259487388,862.0715666381146,104.87459499859357
20200415,2,themis_transfer,3,31,8162.123473741772,93.21001562631113,1499.2107123603168,112.96374347867972
20200415,2,themis_transfer,4,31,371.7788020648238,85.46223039528772,658.5696651461542,75.49729287731026
20200415,2,themis_transfer,5,31,6227.5197295595135,128.63154980326144,1482.8735959428727,214.1283466274375
20200415,2,themis_transfer,6,31,7309.758871088526,137.97507688846864,2002.662985814402,328.72161040887056
20200415,2,themis_transfer,7,31,1460.8199163678487,219.93664706839832,1491.446105724828,268.504293829948
20200415,2,themis_transfer,8,31,899.9694542030035,92.49828390416604,779.8270794533502,134.03871372665694
20200415,2,themis_transfer,9,31,3331.739537471187,98.08379322673993,1569.8511489953685,157.6172715364193
20200415,2,themis_transfer,10,31,16041.289344927967,304.6433939084126,3855.9928790140825,305.1526443208839
20200415,3,delphi_constant,1,31,125.49340860979476,85.707127256454,139.96518676100183,59.55880524142698
20200415,3,delphi_constant,2,31,97.92752926048664,87.77425217552197,97.28875018644761,50.50186019306554
20200415,3,delphi_constant,3,31,105.36536247045858,79.47834252440644,135.12498319758598,67.54605598724898
20200415,3,delphi_constant,4,31,88.11973945182572,84.70960871605163,100.83991797791477,67.75485612602435
20200415,3,delphi_constant,5,31,94.3925191557393,68.78436391138194,88.70102644415651,40.22796975195232
20200415,3,delphi_constant,6,31,136.43554903688835,64.80212129728201,622.1169262036822,73.73722113434167
20200415,3,delphi_constant,7,31,131.81695521558447,90.24704790294872,105.17655636122278,65.94655167219014
20200415,3,delphi_constant,8,31,132.0149419726031,84.26133667263652,174.53275427515504,73.02003922233152
20200415,3,delphi_constant,9,31,126.61386318891178,89.15078190563084,117.91011149607964,73.62386306342812
20200415,3,delphi_constant,10,31,120.7907653515866,82.87616199563391,137.1013814566805,51.14280296746652
20200415,3,delphi_full,1,31,95.96882363986627,87.40947645424923,102.13422078050198,59.382429924278945
20200415,3,delphi_full,2,31,70.19580780070147,85.68568056015539,59.56623921135862,60.23091616806717
20200415,3,delphi_full,3,31,83.65776336001967,85.94447323133878,63.82031659147019,54.052579011508286
20200415,3,delphi_full,4,31,81.81117473425223,88.31003739850438,65.14885248608643,69.19407631287669
20200415,3,delphi_full,5,31,78.24227310843496,78.45775262308369,47.2498002238411,40.54964991689367
20200415,3,delphi_full,6,31,64.2654727558004,72.08577657617494,75.20112981028184,63.027367185411975
20200415,3,delphi_full,7,31,89.20659461269665,91.63511539098963,70.62793105072747,72.7567897219042
20200415,3,delphi_full,8,31,88.24190998426019,80.1268470900612,95.61719868932015,44.03922532326638
20200415,3,delphi_full,9,31,93.3139700748932,86.56009174217112,65.8401362772005,59.59688310448692
20200415,3,delphi_full,10,31,114.51918008744948,74.88776971560175,109.2093174813031,50.718264593216446
20200415,3,seir,1,31,466645.4077654803,25935.38816767554,658428.6808776455,65112.464930147646
20200415,3,seir,2,31,91484.04679314938,25935.38816767554,271010.5516285074,57746.75207283048
20200415,3,seir,3,31,107557.70649120324,24208.540822069117,135992.11633532526,65033.40596247573
20200415,3,seir,4,31,96772.12174362768,20106.73898583467,382647.01066719426,48728.211770234426
20200415,3,seir,5,31,111983.75484301134,34684.40845516917,136274.89947000754,77656.79738770386
20200415,3,seir,6,31,104833.61338474153,25935.38816767554,132476.55334906836,61344.85947999158
20200415,3,seir,7,31,263286.0170874758,25901.085610806884,313281.477856432,69635.9959354917
20200415,3,seir,8,31,168229.1749183093,31536.780324834894,298533.3797893554,55045.17214522211
20200415,3,seir,9,31,438054.4770628876,25935.38816767554,463882.70021613233,69654.65557243416
20200415,3,seir,10,31,646734.9724882819,34106.62985963656,660671.3235577737,74813.60426675154
20200415,3,themis_transfer,1,31,6483.254673703386,186.1672315957232,5419.346405237343,295.4311944476459
20200415,3,themis_transfer,2,31,3764.0829815766506,354.49133057143484,5622.723723438468,446.12643044664765
20200415,3,themis_transfer,3,31,8518.059151078041,96.72131864010277,4138.3833448146515,485.8010759025771
20200415,3,themis_transfer,4,31,2390.7050766823463,97.16648020269047,4603.222708061928,244.16308072909487
20200415,3,themis_transfer,5,31,8317.742914510694,559.8049237002141,5284.074038543286,591.3248896844163
20200415,3,themis_transfer,6,31,7941.586988937091,309.1487641848842,5201.5233000844655,594.6471718193989
20200415,3,themis_transfer,7,31,6636.150386346583,410.8043683790771,7901.997671601524,593.285886904953
20200415,3,themis_transfer,8,31,2887.557137598461,189.89138452380206,2976.8688736764843,447.60824517528476
20200415,3,themis_transfer,9,31,21707.758883084967,153.30180887851978,11537.320625442642,464.84566329325423
20200415,3,themis_transfer,10,31,25511.075581064473,1434.302276091839,15450.84582318023,1239.8774344786812
20200515,1,delphi_constant,1,37,70.49323901964114,70.986751770077,125.3969982358413,54.38624271424614
20200515,1,delphi_constant,2,37,81.53314171718145,72.44618158354888,157.17713623149334,54.48657278873431
20200515,1,delphi_constant,3,37,57.49714214789826,57.54473453750606,86.03351248689772,52.270001739078765
20200515,1,delphi_constant,4,37,108.1859504630273,72.5595279048207,272.8363528575014,61.91054832428463
20200515,1,delphi_constant,5,37,63.00773513612267,62.513411201947946,157.4784674988402,54.38624271424614
20200515,1,delphi_constant,6,37,72.43701702386781,70.986751770077,113.53037539455741,68.93000709895122
20200515,1,delphi_constant,7,37,86.64006791516495,76.10602579756002,145.7119643785856,61.001000317280294
20200515,1,delphi_constant,8,37,78.09323631452288,63.48287900051817,135.91114440857368,60.666064466102256
20200515,1,delphi_constant,9,37,76.67798106653717,72.09587229603193,146.5641087063375,61.001000317280294
20200515,1,delphi_constant,10,37,65.40727573184907,67.71059526053733,145.17224095417265,96.23492305963327
20200515,1,delphi_full,1,37,71.33429498942208,72.72639958883255,121.72323942422717,55.92558768063238
20200515,1,delphi_full,2,37,77.5227897109844,74.15120439910842,149.8864891807559,55.241439083424254
20200515,1,delphi_full,3,37,58.16348698914623,58.99124141365667,81.10893945178914,48.80577084153882
20200515,1,delphi_full,4,37,88.33347058581664,72.72639958883255,203.25475861395967,61.482465840708585
20200515,1,delphi_full,5,37,61.94010501867907,64.53119635671035,151.64335038930642,51.713696595592666
20200515,1,delphi_full,6,37,70.49403144092108,72.72639958883255,109.14037510769678,61.4139947330186
20200515,1,delphi_full,7,37,80.01886616668354,76.88056378205366,137.95319273974553,52.57721529634192
20200515,1,delphi_full,8,37,73.75824776026136,66.93724209021529,128.4005528153566,57.751082433282384
20200515,1,delphi_full,9,37,72.59994444768057,70.71761966292812,138.02412864853724,60.45285094358227
20200515,1,delphi_full,10,37,62.36781025643926,68.33471720325264,136.66381546394527,77.18691471863706
20200515,1,seir,1,37,10579.71673401544,804.4010400015086,14182.992767038175,867.9681687691499
20200515,1,seir,2,37,14391.693953838985,2199.3002035383106,24529.005065504025,1104.9812231601277
20200515,1,seir,3,37,18459.198169490424,1834.721200574217,19786.607628605827,2413.1025508628254
20200515,1,seir,4,37,13034.58670306129,2222.079653083584,24182.203412942446,2568.33647282523
20200515,1,seir,5,37,15103.729256200608,947.0488440181381,15933.67695469543,1920.7579119097443
20200515,1,seir,6,37,17251.82962748891,1176.2796183046753,27927.462600971256,1541.8620410350193
20200515,1,seir,7,37,13840.152850672159,2352.876669733093,17330.288945691424,1890.0070846677775
20200515,1,seir,8,37,20677.29317406639,2544.7290785905802,33093.035016916525,3631.512166119677
20200515,1,seir,9,37,16162.961037315476,2503.1109899042085,42030.73209933335,2906.987371681317
20200515,1,seir,10,37,22497.87034204359,4177.174633417241,21360.33817985021,7760.461936562253
20200515,1,themis_transfer,1,37,230.8263414039737,88.9806210491527,258.24810703625735,63.501725571367786
20200515,1,themis_transfer,2,37,1030.9649122843753,78.55780246569448,504.14561017542,82.06742528059497
20200515,1,themis_transfer,3,37,361.434650862826,68.10816017990807,300.7088287827878,94.83380265189587
20200515,1,themis_transfer,4,37,221.55555931893198,76.78807435548349,278.0653285990177,79.42737461725052
20200515,1,themis_transfer,5,37,1199.7589496920186,90.39273430772491,577.1819254081183,91.64865920540564
20200515,1,themis_transfer,6,37,461.25444937978347,70.98616764181098,271.48326524437414,90.6649340689357
20200515,1,themis_transfer,7,37,167.32111025742856,79.1502562813567,199.84557492764662,88.80171127520802
20200515,1,themis_transfer,8,37,497.04247302792504,80.5914932858081,358.4209366708283,136.92335659310928
20200515,1,themis_transfer,9,37,199.86873145484307,81.48826313951332,229.67232079794897,55.36335737286089
20200515,1,themis_transfer,10,37,532.9572554316991,69.55092506977144,306.94043879350045,118.24659616716073
20200515,2,delphi_constant,1,37,89.61309390668796,86.67929937287235,171.0134582944535,66.51871705797979
20200515,2,delphi_constant,2,37,115.18231364057227,87.72138863220661,259.5797287824004,73.99888421387676
20200515,2,delphi_constant,3,37,82.4896089855419,85.10860030240715,100.00876367154432,51.42824263786592
20200515,2,delphi_constant,4,37,377.46088305780665,90.2901617293663,1206.0388843770825,76.92900509304805
20200515,2,delphi_constant,5,37,87.03654107226585,87.47839963855603,221.85879025190204,65.71906719584868
20200515,2,delphi_constant,6,37,80.9410401745387,84.48454219279657,135.10674004025861,73.65719519067115
20200515,2,delphi_constant,7,37,138.09080745841214,90.43206202224039,240.0747178371224,78.8971300089957
20200515,2,delphi_constant,8,37,122.1130065557014,85.66587780128987,213.39040965221605,72.95257692013031
20200515,2,delphi_constant,9,37,103.60143258671174,88.99750136720357,222.9855814968653,69.18757834507002
20200515,2,delphi_constant,10,37,111.88099678960393,91.16042264375614,198.1910467190793,69.52785777945672
20200515,2,delphi_full,1,37,84.9252370735657,87.69812058350061,150.48675749263725,68.97658364280797
20200515,2,delphi_full,2,37,89.8042716618275,88.44295293301377,202.10291451085567,76.20197165836613
20200515,2,delphi_full,3,37,74.34683480220006,79.9079244167063,79.65003081773486,47.499723813404685
20200515,2,delphi_full,4,37,95.79829764024892,87.27733324833852,259.2964668597676,77.25410407159224
20200515,2,delphi_full,5,37,73.19897875601707,87.7129661353269,189.11370029852884,63.93785367411655
20200515,2,delphi_full,6,37,68.77390725079901,81.82732964312639,109.67424815515723,67.98281744486022
20200515,2,delphi_full,7,37,96.55174746812196,90.14261834089962,183.43862768554257,59.52607058261431
20200515,2,delphi_full,8,37,87.24210773178397,85.405714161906,158.39984405866286,68.73370845977537
20200515,2,delphi_full,9,37,82.42474506404194,87.39422124111948,168.16700043662166,63.262083724103356
20200515,2,delphi_full,10,37,79.74027698154437,90.65848600205098,141.38632325891462,63.871511611177255
20200515,2,seir,1,37,23838.840440673674,1515.077990282703,143866.68437891026,4204.115432969046
20200515,2,seir,2,37,30581.40739067702,3390.3926129862875,150599.00138205892,5409.36611741638
20200515,2,seir,3,37,24068.116628728112,4211.414059083574,142830.5966051895,7578.760588463321
20200515,2,seir,4,37,22127.032119704523,4738.305740642552,153220.8390484087,10641.258592383283
20200515,2,seir,5,37,30002.485189636718,3371.4865746796754,61808.95839250912,10838.90977647171
20200515,2,seir,6,37,25229.233356119377,4667.123739569837,86683.6867026746,6974.398031085464
20200515,2,seir,7,37,27047.691912965518,4437.416255283387,63063.30611171906,6587.918703464513
20200515,2,seir,8,37,32433.140973045283,7345.533716595919,106656.72083974819,14850.632911838966
20200515,2,seir,9,37,25883.57974745346,6368.771716215767,122528.31148947464,11909.615537694855
20200515,2,seir,10,37,34426.55936909957,7208.262471433618,157844.37400555465,25661.94837041964
20200515,2,themis_transfer,1,37,4350.135121794261,476.4087835327115,4673.664279107027,569.9341701771167
20200515,2,themis_transfer,2,37,6890.271529455408,119.66799934460454,7380.469997782697,277.3875460976154
20200515,2,themis_transfer,3,37,3575.034565526173,199.79788521589086,3597.465543218168,437.3627848850251
20200515,2,themis_transfer,4,37,3142.5659152747976,97.45737187189378,3325.5149221301426,120.46673578907155
20200515,2,themis_transfer,5,37,8460.953688195112,695.2315299334956,7844.111298240483,812.0655308443756
20200515,2,themis_transfer,6,37,5273.408943256132,146.13849515745662,5202.605053157462,270.70970013689185
20200515,2,themis_transfer,7,37,1386.460441212581,95.58670864353493,1317.5555102298827,87.39862006877132
20200515,2,themis_transfer,8,37,4744.041231796491,264.1280961047888,5817.952952419944,579.4753175141105
20200515,2,themis_transfer,9,37,2756.8088928558795,98.83264210325778,2741.070091361252,96.65255558608118
20200515,2,themis_transfer,10,37,6179.261855971467,199.5672264236436,3774.472288514544,317.9836417937719
20200515,3,delphi_constant,1,37,103.42908713780098,90.63657570294608,226.51608402633002,79.13434906872749
20200515,3,delphi_constant,2,37,189.24717406361253,92.1773061980403,416.9556546922555,77.69752451461986
20200515,3,delphi_constant,3,37,125.52523049507795,91.93507437172855,148.20545880949467,60.51090536147092
20200515,3,delphi_constant,4,37,1649.9256706109034,94.351345971369,2926.111521444716,79.51398647224468
20200515,3,delphi_constant,5,37,128.00673128872717,92.46691145738548,339.483335817958,69.6250742631741
20200515,3,delphi_constant,6,37,129.97224687320465,90.29239136612087,218.82957595756483,81.23794076288313
20200515,3,delphi_constant,7,37,228.596972730404,95.33417217519356,369.92591490505197,83.58218790164324
20200515,3,delphi_constant,8,37,208.15198501989377,91.38055361074545,362.7227210519946,77.9641423538065
20200515,3,delphi_constant,9,37,140.41220767804256,95.26766304750815,346.6265211281718,77.69752451461986
20200515,3,delphi_constant,10,37,232.5097121894398,95.37660542916572,382.51405653128944,74.66332066529208
20200515,3,delphi_full,1,37,88.3981780358173,91.55004290950498,165.66143371070356,79.9436724840777
20200515,3,delphi_full,2,37,92.7498981440305,92.84640199519598,222.54873683077406,75.90104471333463
20200515,3,delphi_full,3,37,84.08541038270042,90.36035843047627,86.34524808630951,59.739732683238
20200515,3,delphi_full,4,37,93.99561162565055,94.52243166403966,256.9751848753817,83.67366024285164
20200515,3,delphi_full,5,37,78.45904370677937,90.83501069074916,213.38977162939466,75.90104471333463
20200515,3,delphi_full,6,37,80.12071572885739,90.09117214971761,107.97288141088313,74.28411760168
20200515,3,delphi_full,7,37,98.617997331124,94.98833156830732,174.25794286216308,74.28411760168
20200515,3,delphi_full,8,37,89.64527518505497,90.96045850621925,175.19845277583892,75.73474481587895
20200515,3,delphi_full,9,37,83.26785229272836,91.36833995097786,175.678966365959,78.90999357648984
20200515,3,delphi_full,10,37,85.93103167967958,94.52243166403966,147.84811060270903,72.11461040744933
20200515,3,seir,1,37,36768.708784396884,2972.2508838311733,244197.3203087085,9285.06902707448
20200515,3,seir,2,37,30916.37154882758,4488.64976121666,173485.41253133016,8741.353323625199
20200515,3,seir,3,37,33753.91834105655,8270.122158635515,233417.24171899626,18355.722587171735
20200515,3,seir,4,37,22520.78786986922,7571.275037486879,169333.77867651492,18817.364868840894
20200515,3,seir,5,37,58026.72620071355,4657.671167475997,185721.83330157422,23443.990681972475
20200515,3,seir,6,37,31563.00894820072,7866.4746845493755,168261.63162063362,17496.943383383397
20200515,3,seir,7,37,35191.00346523542,4801.511975907055,121827.27588568533,6835.894989157976
20200515,3,seir,8,37,33526.91994330919,11907.762541963524,134452.8883042448,28986.19402117235
20200515,3,seir,9,37,30063.43349415439,11905.603673166404,183058.46953842262,26078.247188516485
20200515,3,seir,10,37,31681.466409454588,9696.117218391239,185858.9476991437,30105.9906264988
20200515,3,themis_transfer,1,37,26742.49447600091,1020.9455371236421,125949.2728713738,1382.6405051317558
20200515,3,themis_transfer,2,37,11674.07518433183,476.4805439502999,39792.19877014439,814.5463122191986
20200515,3,themis_transfer,3,37,15311.456971621918,1867.1820529084182,55876.67871044415,2575.9152655016314
20200515,3,themis_transfer,4,37,5950.384100606134,99.59319937021569,24388.723819181007,145.49439228327918
20200515,3,themis_transfer,5,37,18792.336227627246,2369.7709286081213,66617.08442061789,2676.573812566489
20200515,3,themis_transfer,6,37,17277.317160149072,467.55540278420114,60690.10375732744,906.849818293505
20200515,3,themis_transfer,7,37,20556.756527122056,99.39171236972885,28749.503923402557,93.49941060162392
20200515,3,themis_transfer,8,37,15606.920262334623,609.6943309929645,50053.642548136944,1693.5148395986125
20200515,3,themis_transfer,9,37,20783.843304398368,216.97328266835814,41997.55858802766,281.7795661861284
20200515,3,themis_transfer,10,37,10781.873702982231,888.9256945101357,46385.854455575936,1176.8494187186038
20200615,1,delphi_constant,1,40,61.52977325901255,61.90544226414793,83.13516295087626,65.2070307740668
20200615,1,delphi_constant,2,40,90.6844788506673,91.11271135727705,92.4737861683562,76.65415718277958
20200615,1,delphi_constant,3,40,82.1222573736525,88.32884487208139,57.38706915940546,56.30792094176628
20200615,1,delphi_constant,4,40,91.947791324661,89.83455898402616,96.8106951432328,82.91933938800665
20200615,1,delphi_constant,5,40,79.77671135365739,79.428645981834,92.79497974326472,54.10320411025148
20200615,1,delphi_constant,6,40,73.23721448535109,78.46184516904306,58.18085663893192,60.7351692278132
20200615,1,delphi_constant,7,40,72.54818013753427,76.87592074783578,75.9261569777866,72.54880911914215
20200615,1,delphi_constant,8,40,75.02790528318286,85.18537691737816,104.31692350166743,74.05891097568997
20200615,1,delphi_constant,9,40,81.50851151386308,83.55900604330333,88.16733833606486,55.12224500047197
20200615,1,delphi_constant,10,40,69.47686999577454,72.6133959978554,73.14846337245802,60.67917535048153
20200615,1,delphi_full,1,40,61.75876130459655,61.289619174221876,78.92615288027261,64.1712695114576
20200615,1,delphi_full,2,40,89.60680392581457,91.45581513501813,89.30130865982504,76.77477069748895
20200615,1,delphi_full,3,40,80.53684630223115,88.04435926112338,55.75606985155964,48.95283491638819
20200615,1,delphi_full,4,40,89.99442252806166,90.02104807487399,94.17905170389831,82.44359314551808
20200615,1,delphi_full,5,40,77.48349482101501,78.05824643279493,89.76843784140533,51.249027201372414
20200615,1,delphi_full,6,40,72.42386432938709,79.18493128215432,58.315840547555304,59.4757205704358
20200615,1,delphi_full,7,40,72.42796731884584,78.17354035253837,75.13499832912983,72.39577307756507
20200615,1,delphi_full,8,40,74.07053085055372,82.5039930243188,98.64333345223461,74.29648791637652
20200615,1,delphi_full,9,40,78.78955887195663,80.91445129513379,85.94765772495288,55.609879814677974
20200615,1,delphi_full,10,40,70.47262297142717,71.17574251590972,72.19797669493913,60.89278848175752
20200615,1,seir,1,40,3907.4015553456834,595.744527427044,8093.93979860719,754.4206545446938
20200615,1,seir,2,40,2355.6999374812035,649.7841406032037,16789.893822223934,2345.6239924900774
20200615,1,seir,3,40,5516.496367031322,751.2413595309033,30543.973192168578,1784.9873427714058
20200615,1,seir,4,40,4532.898890555479,380.7880298534252,46355.66209367967,1677.8028354203918
20200615,1,seir,5,40,4017.0816583212045,2082.766693221382,12418.92868503841,4138.768693872867
20200615,1,seir,6,40,8014.578781664718,695.3913525705701,24926.068896003813,786.2886792164902
20200615,1,seir,7,40,4225.693393392052,119.48462375400425,27133.487949451897,309.68350841012466
20200615,1,seir,8,40,4833.345225903037,525.1563137844205,38204.71884216215,692.0532780154861
20200615,1,seir,9,40,4631.277165112161,841.247664188263,34133.36370531545,1591.1246879562202
20200615,1,seir,10,40,3983.210275756176,552.1308160844204,31203.90116013439,2531.9554532057355
20200615,1,themis_transfer,1,40,20939.783620126746,72.99143387218018,1909.9410660957667,66.17152567842163
20200615,1,themis_transfer,2,40,37835.115033311304,94.25413256658672,29476.921116567493,96.25866959460302
20200615,1,themis_transfer,3,40,10098.914688050674,84.67313315873164,25061.099711892664,61.28296712248975
20200615,1,themis_transfer,4,40,33552.20411185356,86.54971358755006,2292.5085604893798,92.96624022083185
20200615,1,themis_transfer,5,40,75287.80162491722,89.65040570598204,28627.033791070822,84.5691203259183
20200615,1,themis_transfer,6,40,3826.103810445721,77.56672570330463,385.529609580356,69.26078440381579
20200615,1,themis_transfer,7,40,9120.326490678519,72.85800194610061,2359.5327955811927,73.64395014468683
20200615,1,themis_transfer,8,40,9164.49837782471,80.13286600809336,22233.561232373533,86.00292856133221
20200615,1,themis_transfer,9,40,213675.26223015066,91.05125419732316,2108.3308035902605,77.2795731823078
20200615,1,themis_transfer,10,40,11170.457766884228,84.33952115510274,1823.2056822637521,65.47516851604543
20200615,2,delphi_constant,1,40,88.25959967093249,85.29456992958039,116.16619959324203,62.368467563229345
20200615,2,delphi_constant,2,40,95.99441736466301,96.65129627719554,113.41561621152479,81.05620636632196
20200615,2,delphi_constant,3,40,94.90678789419985,96.38273241150063,70.92208733218372,76.17650619243008
20200615,2,delphi_constant,4,40,103.6366904610434,98.72023565210974,119.34601200518736,93.36190466627248
20200615,2,delphi_constant,5,40,100.41131291049035,90.16671823198361,123.53864758002288,69.70172950075857
20200615,2,delphi_constant,6,40,113.74967037645669,93.5130135063739,84.81230292067663,79.85242316312576
20200615,2,delphi_constant,7,40,108.15357408756509,90.16570751255566,111.6152241911492,85.33715791707147
20200615,2,delphi_constant,8,40,106.29201349767693,95.65689898885279,146.6174099499586,88.28399667607408
20200615,2,delphi_constant,9,40,106.59241373064226,97.75159464775942,114.86048579735086,72.30975503321187
20200615,2,delphi_constant,10,40,86.27177691971809,90.95423423450274,105.29147864088085,74.83697297914728
20200615,2,delphi_full,1,40,77.33758292469376,77.313546399818,88.78769122802564,67.72056408867215
20200615,2,delphi_full,2,40,89.87097977135066,95.7960066147925,92.01304628106783,78.06411237824568
20200615,2,delphi_full,3,40,87.01402866584304,95.2961056641161,64.62829177808135,72.84437786449402
20200615,2,delphi_full,4,40,93.86031695108177,95.2961056641161,106.21372731526448,92.54612855946007
20200615,2,delphi_full,5,40,85.92682738705376,89.55650555832423,107.70147918511844,71.47607436399389
20200615,2,delphi_full,6,40,101.87653360333778,91.75475997720517,79.02690261110789,75.09233483141571
20200615,2,delphi_full,7,40,103.09487009970996,90.05617162446744,104.3473891646309,81.37839538738041
20200615,2,delphi_full,8,40,90.63763028206625,94.25863979987986,112.51387037962148,82.40074668504285
20200615,2,delphi_full,9,40,91.91537873139949,95.01345464486178,99.56995486773712,64.30348498836227
20200615,2,delphi_full,10,40,85.47277224944608,89.07773365232237,97.77960379202989,76.54016173242168
20200615,2,seir,1,40,11486.15510400252,1282.4334127680136,30052.584544377212,2125.282666258369
20200615,2,seir,2,40,6076.73866310631,752.0977740832282,50087.12115170509,4612.977869636645
20200615,2,seir,3,40,8339.028561003,1032.1977978394132,75027.68778014705,3787.690470429263
20200615,2,seir,4,40,6593.396905696325,616.4729321069218,138369.9292051013,3092.4890770259694
20200615,2,seir,5,40,11297.383241419235,2772.049727874324,46783.03718682274,8870.214715636484
20200615,2,seir,6,40,11834.89955202345,955.8260582485574,73107.72104205494,1446.5600725885467
20200615,2,seir,7,40,8089.1230848475225,497.81502292473806,85711.25190513823,690.2831165881307
20200615,2,seir,8,40,9885.189769852113,847.8025538242468,93097.56092188235,1457.5117748986456
20200615,2,seir,9,40,6554.192520052207,1474.9618148240702,99114.7072270925,2631.755097081601
20200615,2,seir,10,40,4811.231693002196,981.1689403293094,80172.55467798178,3991.4615393533877
20200615,2,themis_transfer,1,40,20786.08523903294,93.20811136183045,5006.44552075646,95.65739492615174
20200615,2,themis_transfer,2,40,25944.18492833545,99.98459990941683,42404.63743310274,235.51585096011996
20200615,2,themis_transfer,3,40,6798.302475649641,97.87846238796246,17377.66211138689,96.503949777313
20200615,2,themis_transfer,4,40,21953.35888700233,99.99873892614146,11634.661841277399,122.86755755108233
20200615,2,themis_transfer,5,40,47814.47553350306,95.80759343045138,46521.15896174736,124.14738892548294
20200615,2,themis_transfer,6,40,4487.947126946783,92.18469610263557,25617.838010360385,93.0994331896629
20200615,2,themis_transfer,7,40,21095.64014562519,90.76086864641411,6602.858080052221,92.88982787545329
20200615,2,themis_transfer,8,40,7130.856539278813,98.28844096039613,16289.317489978479,99.09178939683024
20200615,2,themis_transfer,9,40,145661.9322970938,98.69661527158439,24218.996143512093,96.70441754988126
20200615,2,themis_transfer,10,40,22349.54461838698,242.13612486390602,7337.573906724178,208.5447279423205
20200615,3,delphi_constant,1,40,113.48300769483251,92.59076118603582,161.68962403957002,86.33200377313854
20200615,3,delphi_constant,2,40,122.50279981133183,97.98372485499073,159.60053299162894,87.97017711842781
20200615,3,delphi_constant,3,40,111.45975447721136,97.61124426992613,92.04030814936812,90.56178846824265
20200615,3,delphi_constant,4,40,136.50312140847979,99.58193745959436,159.3897259792389,98.0246864822692
20200615,3,delphi_constant,5,40,124.80354855203423,94.52984843758664,161.3602685810101,75.148366425705
20200615,3,delphi_constant,6,40,180.7264518465642,96.44550999954345,142.21081037747794,82.31444993145814
20200615,3,delphi_constant,7,40,188.00224836607643,97.29745563069244,209.63320879430083,86.33200377313854
20200615,3,delphi_constant,8,40,141.30213067531866,97.81549992697771,208.02681022866233,93.09401862193151
20200615,3,delphi_constant,9,40,153.94182421400347,99.16342320148314,193.3044798491742,91.60974777558367
20200615,3,delphi_constant,10,40,104.80907104795267,94.41944414761926,126.45278601085552,81.26771867439302
20200615,3,delphi_full,1,40,83.8063003255895,89.50854810760919,96.25231769276562,76.86806738548951
20200615,3,delphi_full,2,40,103.50703595588648,97.56863756580017,100.49947107172827,84.52113732636458
20200615,3,delphi_full,3,40,91.30856748696871,98.0884651305676,72.36742571030977,76.16861552108534
20200615,3,delphi_full,4,40,110.50048799160766,98.20028388198459,120.1142031645757,93.55366432500415
20200615,3,delphi_full,5,40,93.54020954059122,93.73417481519614,131.28652333829086,76.17441811949827
20200615,3,delphi_full,6,40,133.25797400702194,96.69025041108533,113.2044755315083,83.58915676732894
20200615,3,delphi_full,7,40,162.23279104995197,95.52481319742293,168.6026968835183,86.3320683880763
20200615,3,delphi_full,8,40,99.25797989535616,97.4070480306076,125.15196902885961,87.93052362436978
20200615,3,delphi_full,9,40,107.02873834693969,98.73823812949928,135.93994705787836,79.30558382044323
20200615,3,delphi_full,10,40,97.14256864990757,93.17573763393362,108.49339804259219,83.24037912774638
20200615,3,seir,1,40,16089.229911596678,2628.1301068832827,52247.233699467986,3902.7727901376174
20200615,3,seir,2,40,9357.468785365965,1646.4867569178814,77338.43947218574,7824.415785405627
20200615,3,seir,3,40,23408.684978100595,2166.5892744814646,91444.99353244009,6828.625862801265
20200615,3,seir,4,40,17995.427582603013,1203.9943384432609,145242.84788498082,5245.831024545589
20200615,3,seir,5,40,24036.988618522973,5140.189231410612,67925.6506342969,17468.6818852033
20200615,3,seir,6,40,16212.848960754485,1678.2603996505982,105761.64956119245,5203.594321939458
20200615,3,seir,7,40,12099.247067485578,1112.1954948441835,94830.061516741,1318.8058950740344
20200615,3,seir,8,40,16585.240638081494,1359.0144872743201,149138.63552112455,3049.534706831367
20200615,3,seir,9,40,10272.275183100646,3033.2585083929844,124947.96161651086,6523.541866838498
20200615,3,seir,10,40,7813.557984771853,1951.3162663724033,96874.27884594517,10076.866825595655
20200615,3,themis_transfer,1,40,10234.024135721786,99.916644032468,23001.766475853827,99.38785276853838
20200615,3,themis_transfer,2,40,20065.148048834322,235.7955690762588,39147.90005093702,558.0300557857644
20200615,3,themis_transfer,3,40,8255.39307019564,98.73542175440662,28261.603081906494,98.01332369433938
20200615,3,themis_transfer,4,40,38755.51735196057,128.96746325725329,37180.4389253206,299.02004359771024
20200615,3,themis_transfer,5,40,27577.78769824963,97.70635184463724,46641.76163198345,99.28031438867917
20200615,3,themis_transfer,6,40,3582.174517936938,96.40659649232737,14665.62654876463,99.59471390331498
20200615,3,themis_transfer,7,40,10943.692786832884,94.05498690189302,20408.604680201497,97.59808914517431
20200615,3,themis_transfer,8,40,7341.352976513005,98.92092069409847,24867.300710475858,99.83355541551018
20200615,3,themis_transfer,9,40,102463.30303558722,99.93142757446273,22662.233187748032,97.48370069891268
20200615,3,themis_transfer,10,40,14215.204667720982,740.5009535440403,34398.89219327971,1111.645385225712
20200715,1,delphi_constant,1,42,73.65303620980058,72.75996573839953,54.3472374702966,45.20785591252555
20200715,1,delphi_constant,2,42,129.66325833353457,86.90893306928183,128.40637080968915,60.09245292081415
20200715,1,delphi_constant,3,42,82.5206410298168,88.13221090485084,105.95912262842988,59.282343853565365
20200715,1,delphi_constant,4,42,94.14490456993292,91.47083168306733,102.93792977711234,62.90225446100102
20200715,1,delphi_constant,5,42,98.21152038362686,88.72149784885072,87.71125210443827,60.41828206076612
20200715,1,delphi_constant,6,42,83.87791630954428,73.25441197672296,76.72742848417158,59.58068355755409
20200715,1,delphi_constant,7,42,118.93024399232253,80.43408952499249,121.07274262739442,66.95847264550662
20200715,1,delphi_constant,8,42,64.42605861852935,75.7223655130669,51.91149129136262,43.05273846992364
20200715,1,delphi_constant,9,42,109.85041867969474,79.77430188555918,83.53536989856067,58.25019140583582
20200715,1,delphi_constant,10,42,75.59034676165179,82.31768066834616,89.52769048914212,57.172868503386454
20200715,1,delphi_full,1,42,73.83517783433047,73.8111249345715,54.17277698791826,43.38559299973592
20200715,1,delphi_full,2,42,128.2890937939574,87.38078857657467,127.18090122442595,57.48364814560668
20200715,1,delphi_full,3,42,80.42540990974564,88.7659302372241,102.93171671080036,59.57237792669466
20200715,1,delphi_full,4,42,93.73347745386087,92.08838441014638,102.46177132961351,63.72209769857954
20200715,1,delphi_full,5,42,98.34092648358359,88.95345612935743,87.54184020641465,60.76166841675763
20200715,1,delphi_full,6,42,83.14324776086359,74.174072406593,75.76655972182286,59.83668902618784
20200715,1,delphi_full,7,42,117.95069924392216,80.97952859906322,120.18608627849143,68.4981337548302
20200715,1,delphi_full,8,42,64.2089969944548,76.24735518881843,52.05841008505536,39.9871436611463
20200715,1,delphi_full,9,42,108.0940618709305,80.31656575226663,82.17460801667056,57.68986607058183
20200715,1,delphi_full,10,42,75.27260430878388,82.68742246485101,87.22202858275065,57.006236494741316
20200715,1,seir,1,42,1503.800493585635,328.9851723702866,61279.2273675347,1207.0304775419095
20200715,1,seir,2,42,3201.395678325212,315.7037085953168,29738.054608281273,993.6066611461289
20200715,1,seir,3,42,2494.973241605082,738.0379836558579,12927.758642447525,2448.0849459833357
20200715,1,seir,4,42,2057.9849629223972,319.455149002245,23479.5312397969,301.0017649930381
20200715,1,seir,5,42,3382.6155565550102,166.04735435775882,40278.06210980194,918.5975051418502
20200715,1,seir,6,42,3224.6207300375454,374.3189902843317,25721.77347345278,1098.3039647746987
20200715,1,seir,7,42,1374.8901520486813,521.3881835321907,5975.397667231877,2006.2207223004016
20200715,1,seir,8,42,1312.291523605654,496.62824401565695,8837.033841751861,1233.3535985737888
20200715,1,seir,9,42,2722.3174371827326,440.4844104614714,16932.561462703823,1530.6264177455382
20200715,1,seir,10,42,2263.344385172567,268.3832470965772,20951.921228090505,1248.0927770275548
20200715,1,themis_transfer,1,42,10441.941830581232,79.2885965040755,4085.2064461939435,63.08099675002978
20200715,1,themis_transfer,2,42,6510.0903337006675,78.32970381280417,14684.103431380172,70.24282340549419
20200715,1,themis_transfer,3,42,5329.527539375549,95.11014111696,6910.381558202388,75.26006306059867
20200715,1,themis_transfer,4,42,98718.22405022851,85.92088928583982,20624.839118489286,77.31593275440855
20200715,1,themis_transfer,5,42,74632.04774296397,80.73520896935418,20729.157225732757,64.3248495837166
20200715,1,themis_transfer,6,42,286598.40009819536,77.522402769573,18780.88393319945,53.987642256675315
20200715,1,themis_transfer,7,42,5992.999547197546,83.15499556332823,322.3008338648798,69.39768209499192
20200715,1,themis_transfer,8,42,223953.07124210877,88.61799263547289,14938.626203405476,91.4315547449129
20200715,1,themis_transfer,9,42,1662.473618634664,71.87033869122396,1481.6889393376289,70.18447867392268
20200715,1,themis_transfer,10,42,9635.84416446267,78.57022265744754,10132.174222298363,47.36841970513764
20200715,2,delphi_constant,1,42,85.55475360374106,83.71651040607568,58.473367153674026,58.185827388403844
20200715,2,delphi_constant,2,42,197.55513235811145,93.21222597446044,212.68035334102458,78.5404660831482
20200715,2,delphi_constant,3,42,87.59572714235875,92.24725666554498,121.15551015821545,73.55328594452615
20200715,2,delphi_constant,4,42,117.2561503187909,93.66740262399682,141.07670434055174,76.68382448999374
20200715,2,delphi_constant,5,42,144.00775760733148,94.65556669941189,146.2017108315829,87.11395600436288
20200715,2,delphi_constant,6,42,108.77122805584575,86.07558053481421,103.66379559732988,76.75894661910223
20200715,2,delphi_constant,7,42,206.7348506818387,87.81765950672545,195.45031653146452,71.0444827206125
20200715,2,delphi_constant,8,42,75.08791750926606,91.69151600896008,65.13132918317048,48.36476373016863
20200715,2,delphi_constant,9,42,152.1610649467078,88.97759608751991,116.7222043058596,71.17624466530322
20200715,2,delphi_constant,10,42,83.60122896663707,91.00034117142873,100.8637956537583,70.42274739905855
20200715,2,delphi_full,1,42,84.66788901485991,86.47280440826934,58.37236821329873,58.54096809899644
20200715,2,delphi_full,2,42,182.2354901346997,93.63309636719174,201.33644831889058,78.60307742468248
20200715,2,delphi_full,3,42,81.48236063292302,93.83068529693568,111.59766395140898,73.78458395603087
20200715,2,delphi_full,4,42,113.80513055650484,93.69517684500053,137.0179161868039,76.73856666479331
20200715,2,delphi_full,5,42,141.49992695105797,95.09184648374614,144.37546407664954,87.30217958915664
20200715,2,delphi_full,6,42,101.97727364972542,86.52745113599933,96.01269130999927,77.5603511892808
20200715,2,delphi_full,7,42,194.2642503548514,89.20422663990134,189.15323533698026,68.1853982996737
20200715,2,delphi_full,8,42,71.65126177240693,92.18403775924438,66.25431248126019,52.32523461227814
20200715,2,delphi_full,9,42,137.84034779810625,89.86748383920543,106.4447981008705,71.50852604452476
20200715,2,delphi_full,10,42,82.22154885135498,91.3695897023409,94.02463344929575,70.76856917631501
20200715,2,seir,1,42,3135.246689615066,580.4051331630415,75825.98833671921,2284.500890200553
20200715,2,seir,2,42,7782.588591091332,631.0498056488259,77676.05791533086,1231.4626783671854
20200715,2,seir,3,42,8214.252825756894,1839.8990102109324,34363.30009617377,6262.890939660574
20200715,2,seir,4,42,2595.4031191634467,411.9291473365545,54509.11760036703,799.7485966850467
20200715,2,seir,5,42,4951.8121172415895,411.9291473365545,107501.77381700734,865.1867172136822
20200715,2,seir,6,42,7696.700606399522,1049.2803600136172,75261.9157650676,1554.779893743334
20200715,2,seir,7,42,3260.404741017275,1014.8833908047934,12875.808361441814,3406.936631495623
20200715,2,seir,8,42,2249.389858730903,904.9901959922831,20758.595119958394,2591.7279645618396
20200715,2,seir,9,42,7302.146303951689,779.4285084672049,59229.49703840795,3946.2654172842263
20200715,2,seir,10,42,5737.56905341857,473.9393654921537,66869.87910293507,1940.610326725211
20200715,2,themis_transfer,1,42,17681.948374047053,89.23548369917773,12699.455581998269,70.7483508196185
20200715,2,themis_transfer,2,42,4247.440106262124,96.09716813940962,12526.812698548913,97.08952847729104
20200715,2,themis_transfer,3,42,9078.505278244049,99.85221050163429,13363.577290696945,98.5225278120222
20200715,2,themis_transfer,4,42,50348.457558185066,91.26400623264334,31501.41147778921,97.19791006249974
20200715,2,themis_transfer,5,42,41514.27722800348,91.40540830807133,29083.244640318066,88.19606538276099
20200715,2,themis_transfer,6,42,170390.61040216195,90.97840135489893,29309.200261192913,97.71400312425729
20200715,2,themis_transfer,7,42,14957.83179780068,89.82281940316444,538.2675182718084,80.16921124735528
20200715,2,themis_transfer,8,42,144714.2019628356,99.24933881039661,33487.20851698466,97.38387069384294
20200715,2,themis_transfer,9,42,3378.5919937656677,90.15544338470306,10030.49741473464,73.98484803111035
20200715,2,themis_transfer,10,42,7486.838478608004,87.73576983422726,18628.71662135828,73.80566899480309
20200715,3,delphi_constant,1,42,81.39356656568592,90.20219523989229,65.73987970682916,73.57894328636844
20200715,3,delphi_constant,2,42,288.5524505594966,95.96086210530402,356.56276913798627,90.4073050593163
20200715,3,delphi_constant,3,42,93.04113704197333,96.20021653167431,131.76180166253724,89.95242832766237
20200715,3,delphi_constant,4,42,109.52990566291062,96.2441867229837,158.5049784886659,89.2029007079954
20200715,3,delphi_constant,5,42,162.34060828669726,97.328453204123,189.09550045356642,92.19471127926565
20200715,3,delphi_constant,6,42,126.17763135021461,91.43117281194358,123.53164142656465,84.77421378674518
20200715,3,delphi_constant,7,42,305.74689967218853,92.44430745565856,359.02520538040204,85.18152498555663
20200715,3,delphi_constant,8,42,82.69609179426396,95.80507109435348,83.93381565354876,77.4224101521987
20200715,3,delphi_constant,9,42,193.775338888343,94.01642608842928,150.11626911750636,83.03288567811144
20200715,3,delphi_constant,10,42,90.66873668215146,94.50117663866718,114.79100280822692,79.0067526084122
20200715,3,delphi_full,1,42,78.20450437930717,91.40627520753748,65.024468008362,73.24624288909737
20200715,3,delphi_full,2,42,241.86067255652193,96.25869726052403,318.83502716326257,90.96064975294142
20200715,3,delphi_full,3,42,83.43771598381501,96.23641192898388,115.6582861396393,88.94388309728343
20200715,3,delphi_full,4,42,103.64481644565679,96.28098259206416,150.32294970185708,88.29754961015696
20200715,3,delphi_full,5,42,155.09987139209105,97.3957049835748,184.39556263167566,90.34074639306844
20200715,3,delphi_full,6,42,107.94935655450104,91.86646765560086,103.25770762125676,84.46490768804051
20200715,3,delphi_full,7,42,265.6063424770941,92.98434333622511,332.3779391917007,77.16680300683329
20200715,3,delphi_full,8,42,75.2405040175482,95.0686098463815,84.3639523895234,76.03746708514421
20200715,3,delphi_full,9,42,152.015427126185,94.85656908491487,120.94297597834927,80.84798479958627
20200715,3,delphi_full,10,42,88.0182478066377,94.65269994564841,104.69565447815627,79.43838337060593
20200715,3,seir,1,42,4357.697396931683,923.7490134996666,68594.38241610436,3555.3841314973874
20200715,3,seir,2,42,14607.445645241412,939.2024382653801,90305.10848831019,3707.9594560144133
20200715,3,seir,3,42,17383.371709326628,3221.329981235197,73056.6534885678,10103.8128743709
20200715,3,seir,4,42,3778.3389739471604,1084.8231556076303,57817.84306301035,2254.574693043111
20200715,3,seir,5,42,4793.19467635265,529.8041536651033,95182.52284570364,1921.2511018995879
20200715,3,seir,6,42,16787.99972721868,1637.9069314594585,73643.25916549902,2635.8697060827653
20200715,3,seir,7,42,7905.344583373237,657.3992369004228,25489.515619739977,3444.7321205425765
20200715,3,seir,8,42,4005.7516463560382,1107.352109521045,28012.397690129572,2885.551413743773
20200715,3,seir,9,42,15388.002226322737,1652.1679671241181,68029.30225564682,6604.152901850548
20200715,3,seir,10,42,13742.793018238503,758.7667563035766,85668.03481326408,2975.6801136151066
20200715,3,themis_transfer,1,42,6660.6761805973765,92.81027621517993,6143.101536391974,77.76941402305881
20200715,3,themis_transfer,2,42,15564.82028535334,141.9125277245999,14767.664476119311,97.23102084479508
20200715,3,themis_transfer,3,42,17690.713666649262,99.73720012314602,16458.653145688597,99.99985760061061
20200715,3,themis_transfer,4,42,30031.836982456116,95.12489924533817,32715.401842783216,92.85402001268568
20200715,3,themis_transfer,5,42,24868.09987430839,97.0397551698171,26667.47322375407,96.31127350597967
20200715,3,themis_transfer,6,42,119593.55597245025,99.60379788868397,483043.8282537809,99.80281872272904
20200715,3,themis_transfer,7,42,4412.598616342112,96.40622492542376,1561.986987888863,86.23415665550684
20200715,3,themis_transfer,8,42,89461.4627898848,114.63700888883082,485250.1044604483,99.26481763804316
20200715,3,themis_transfer,9,42,6384.815938634043,96.17712960139043,7005.778090668951,89.40002963019481
20200715,3,themis_transfer,10,42,7902.990054966842,91.35483274141072,18101.810493466288,82.87851941350331
