region,policy_vector,month1,month2,month3,economic_costs,humanitarian_costs,total_costs,num_cases,num_deaths,d_costs,h_costs,mh_costs,hospitalization_days,icu_days
US-NY,"['No_Measure', 'No_Measure', 'No_Measure']",No_Measure,No_Measure,No_Measure,22201546521.476105,1177890743242.8281,1200092289764.3042,3110098,172867,1019199454599.7225,28231283635.0872,130460005008.01834,7417742.94117647,254503.05882352943
US-NY,"['No_Measure', 'No_Measure', 'Restrict_Mass_Gatherings']",No_Measure,No_Measure,Restrict_Mass_Gatherings,24718868844.525105,1167075796448.1982,1191794665292.7234,3053689,171130,1008960623818.8157,27912454654.855156,130202717974.52734,7338572.470588235,251400.52941176473
US-NY,"['No_Measure', 'No_Measure', 'Restrict_Mass_Gatherings_and_Schools']",No_Measure,No_Measure,Restrict_Mass_Gatherings_and_Schools,32445997822.14156,1133944251956.4727,1166390249778.6143,2881683,165815,977589176392.5753,26936893983.96394,129418181579.93335,7096261.529411765,241910.4705882353
US-NY,"['No_Measure', 'No_Measure', 'Authorize_Schools_but_Restrict_Mass_Gatherings_and_Others']",No_Measure,No_Measure,Authorize_Schools_but_Restrict_Mass_Gatherings_and_Others,26317799395.03932,1160375719666.233,1186693519061.2722,3018518,170048,1002619433057.3762,27713987047.25835,130042299561.59834,7289289.764705882,249469.23529411765
US-NY,"['No_Measure', 'No_Measure', 'Restrict_Mass_Gatherings_and_Schools_and_Others']",No_Measure,No_Measure,Restrict_Mass_Gatherings_and_Schools_and_Others,32849183605.565636,1111394868550.8252,1144244052156.3909,2767610,162194,956225938943.4711,26271046273.64765,128897883333.70634,6930627.352941177,235445.64705882355
US-NY,"['No_Measure', 'No_Measure', 'Lockdown']",No_Measure,No_Measure,Lockdown,37678140229.885056,1125275000897.5073,1162953141127.3923,2837156,164416,969380057740.2832,26679853632.46379,129215089524.76035,7032360.117647059,239412.8823529412
US-NY,"['No_Measure', 'Restrict_Mass_Gatherings', 'No_Measure']",No_Measure,Restrict_Mass_Gatherings,No_Measure,23544458318.209316,1092981401003.9438,1116525859322.153,2889172,159045,937785822539.1227,25743238814.4768,129452339650.34435,6758627.352941177,232340.64705882355
US-NY,"['No_Measure', 'Restrict_Mass_Gatherings', 'Restrict_Mass_Gatherings']",No_Measure,Restrict_Mass_Gatherings,Restrict_Mass_Gatherings,25985012825.166367,1081030542282.8811,1107015555108.0474,2822009,157132,926489386585.2264,25395153139.447235,129146002558.20735,6672664.0,228930.00000000003
US-NY,"['No_Measure', 'Restrict_Mass_Gatherings', 'Restrict_Mass_Gatherings_and_Schools']",No_Measure,Restrict_Mass_Gatherings,Restrict_Mass_Gatherings_and_Schools,33546977495.462795,1045870712525.4779,1079417690020.9407,2626866,151510,893243563364.9552,24371213144.472363,128255936016.05034,6419653.0,218904.0
US-NY,"['No_Measure', 'Restrict_Mass_Gatherings', 'Authorize_Schools_but_Restrict_Mass_Gatherings_and_Others']",No_Measure,Restrict_Mass_Gatherings,Authorize_Schools_but_Restrict_Mass_Gatherings_and_Others,27541640411.37326,1073656902996.238,1101198543407.6113,2780912,155958,919516690272.806,25181657650.827667,128958555072.60434,6619938.882352941,226838.11764705883
US-NY,"['No_Measure', 'Restrict_Mass_Gatherings', 'Restrict_Mass_Gatherings_and_Schools_and_Others']",No_Measure,Restrict_Mass_Gatherings,Restrict_Mass_Gatherings_and_Schools_and_Others,33773056200.846943,1019061004112.7985,1052834060313.6454,2487983,147198,867858473180.8988,23580054028.26633,127622476903.63335,6223119.0,211209.0
US-NY,"['No_Measure', 'Restrict_Mass_Gatherings', 'Lockdown']",No_Measure,Restrict_Mass_Gatherings,Lockdown,38675661101.028435,1034568683136.4081,1073244344237.4365,2567846,149678,882547100625.6597,24034842557.678093,127986739953.07034,6336065.176470588,215633.82352941178
US-NY,"['No_Measure', 'Restrict_Mass_Gatherings_and_Schools', 'No_Measure']",No_Measure,Restrict_Mass_Gatherings_and_Schools,No_Measure,25419722444.041138,765768971659.1123,791188694103.1534,1897409,105950,624712596040.3251,16127565195.9799,124928810422.80734,4243486.0,145092.0
US-NY,"['No_Measure', 'Restrict_Mass_Gatherings_and_Schools', 'Restrict_Mass_Gatherings']",No_Measure,Restrict_Mass_Gatherings_and_Schools,Restrict_Mass_Gatherings,27534516999.395042,748611485167.7506,776146002167.1456,1784612,103210,608562914215.9584,15634238812.887968,124414332138.90434,4122623.882352941,140210.11764705883
US-NY,"['No_Measure', 'Restrict_Mass_Gatherings_and_Schools', 'Restrict_Mass_Gatherings_and_Schools']",No_Measure,Restrict_Mass_Gatherings_and_Schools,Restrict_Mass_Gatherings_and_Schools,34675472232.3049,708259509030.98,742934981263.2849,1530492,96759,570534962707.1194,14469280662.83624,123255265661.02435,3836462.7647058824,128719.23529411765
US-NY,"['No_Measure', 'Restrict_Mass_Gatherings_and_Schools', 'Authorize_Schools_but_Restrict_Mass_Gatherings_and_Others']",No_Measure,Restrict_Mass_Gatherings_and_Schools,Authorize_Schools_but_Restrict_Mass_Gatherings_and_Others,28936466787.658802,738862594593.2405,767799061380.8993,1721847,101668,599378266600.1418,15356273232.929354,124128054760.16934,4054455.1764705884,137462.82352941178
US-NY,"['No_Measure', 'Restrict_Mass_Gatherings_and_Schools', 'Restrict_Mass_Gatherings_and_Schools_and_Others']",No_Measure,Restrict_Mass_Gatherings_and_Schools,Restrict_Mass_Gatherings_and_Schools_and_Others,35133282093.16394,689426336234.4934,724559618327.6573,1424071,93747,552735672407.204,13920794882.944134,122769868944.34535,3700955.3529411764,123347.64705882354
US-NY,"['No_Measure', 'Restrict_Mass_Gatherings_and_Schools', 'Lockdown']",No_Measure,Restrict_Mass_Gatherings_and_Schools,Lockdown,39894701028.43315,700347699940.7085,740242400969.1416,1484156,95490,563065133041.8943,14238644321.053799,123043922577.76035,3779590.882352941,126455.11764705883
US-NY,"['No_Measure', 'Authorize_Schools_but_Restrict_Mass_Gatherings_and_Others', 'No_Measure']",No_Measure,Authorize_Schools_but_Restrict_Mass_Gatherings_and_Others,No_Measure,24199374591.651543,1032578160457.1041,1056777535048.7556,2721759,149249,879921701915.1705,23967706158.476204,128688752383.45735,6291181.705882353,216380.29411764708
US-NY,"['No_Measure', 'Authorize_Schools_but_Restrict_Mass_Gatherings_and_Others', 'Restrict_Mass_Gatherings']",No_Measure,Authorize_Schools_but_Restrict_Mass_Gatherings_and_Others,Restrict_Mass_Gatherings,26576581730.187534,1019593594249.8331,1046170175980.0206,2645722,147171,867660775016.9492,23590879134.08957,128341940098.79434,6198373.529411765,212675.4705882353
US-NY,"['No_Measure', 'Authorize_Schools_but_Restrict_Mass_Gatherings_and_Others', 'Restrict_Mass_Gatherings_and_Schools']",No_Measure,Authorize_Schools_but_Restrict_Mass_Gatherings_and_Others,Restrict_Mass_Gatherings_and_Schools,33957634482.75862,981091021991.1681,1015048656473.9268,2425236,140987,831287405489.7142,22467334876.773575,127336281624.68034,5921161.176470588,201653.82352941178
US-NY,"['No_Measure', 'Authorize_Schools_but_Restrict_Mass_Gatherings_and_Others', 'Authorize_Schools_but_Restrict_Mass_Gatherings_and_Others']",No_Measure,Authorize_Schools_but_Restrict_Mass_Gatherings_and_Others,Authorize_Schools_but_Restrict_Mass_Gatherings_and_Others,28098416091.95402,1011744108041.6694,1039842524133.6234,2599751,145911,860249495657.5713,23362350567.432755,128132261816.66534,6142075.647058823,210429.35294117648
US-NY,"['No_Measure', 'Authorize_Schools_but_Restrict_Mass_Gatherings_and_Others', 'Restrict_Mass_Gatherings_and_Schools_and_Others']",No_Measure,Authorize_Schools_but_Restrict_Mass_Gatherings_and_Others,Restrict_Mass_Gatherings_and_Schools_and_Others,34200039019.963703,955512405277.9182,989712444297.882,2288640,136893,807080285243.7035,21718866288.53828,126713253745.67635,5735729.647058823,194349.35294117648
US-NY,"['No_Measure', 'Authorize_Schools_but_Restrict_Mass_Gatherings_and_Others', 'Lockdown']",No_Measure,Authorize_Schools_but_Restrict_Mass_Gatherings_and_Others,Lockdown,39116471264.36782,971081312302.153,1010197783566.5208,2370440,139377,821821611681.7025,22173348976.574047,127086351643.87634,5848408.294117647,198780.70588235295
US-NY,"['No_Measure', 'Restrict_Mass_Gatherings_and_Schools_and_Others', 'No_Measure']",No_Measure,Restrict_Mass_Gatherings_and_Schools_and_Others,No_Measure,21171174047.186935,562749920865.0771,583921094912.264,1131699,73113,431076722158.72736,10236867398.832397,121436331307.51735,2722735.0588235296,90646.94117647059
US-NY,"['No_Measure', 'Restrict_Mass_Gatherings_and_Schools_and_Others', 'Restrict_Mass_Gatherings']",No_Measure,Restrict_Mass_Gatherings_and_Schools_and_Others,Restrict_Mass_Gatherings,23593089836.660614,553079486028.4137,576672575865.0743,1061925,71583,421999208382.3538,9962192460.168491,121118085185.89134,2655687.411764706,87916.58823529413
US-NY,"['No_Measure', 'Restrict_Mass_Gatherings_and_Schools_and_Others', 'Restrict_Mass_Gatherings_and_Schools']",No_Measure,Restrict_Mass_Gatherings_and_Schools_and_Others,Restrict_Mass_Gatherings_and_Schools,31706927586.206894,535526647536.2367,567233575122.4436,944091,68771,405491037464.25366,9454977425.6577,120580632646.32535,2531334.3529411764,82901.64705882354
US-NY,"['No_Measure', 'Restrict_Mass_Gatherings_and_Schools_and_Others', 'Authorize_Schools_but_Restrict_Mass_Gatherings_and_Others']",No_Measure,Restrict_Mass_Gatherings_and_Schools_and_Others,Authorize_Schools_but_Restrict_Mass_Gatherings_and_Others,25199808529.945553,548276139380.8938,573475947910.8394,1027845,70809,417490384447.8879,9823112001.034584,120962642931.97134,2621666.3529411764,86537.64705882354
US-NY,"['No_Measure', 'Restrict_Mass_Gatherings_and_Schools_and_Others', 'Restrict_Mass_Gatherings_and_Schools_and_Others']",No_Measure,Restrict_Mass_Gatherings_and_Schools_and_Others,Restrict_Mass_Gatherings_and_Schools_and_Others,32702583303.0853,530189373025.90717,562891956328.9924,913014,67923,400449313609.1611,9301172044.043749,120438887372.70235,2493400.882352941,81392.11764705883
US-NY,"['No_Measure', 'Restrict_Mass_Gatherings_and_Schools_and_Others', 'Lockdown']",No_Measure,Restrict_Mass_Gatherings_and_Schools_and_Others,Lockdown,37151498548.094376,533002975004.04395,570154473552.1383,929322,68380,403105442913.1904,9384262315.659178,120513269775.19435,2513915.470588235,82206.52941176471
US-NY,"['No_Measure', 'Lockdown', 'No_Measure']",No_Measure,Lockdown,No_Measure,28718292437.99153,678579557138.7417,707297849576.7333,1582018,91848,541503788463.4559,13585487827.187408,123490280848.09834,3586249.117647059,121644.88235294119
US-NY,"['No_Measure', 'Lockdown', 'Restrict_Mass_Gatherings']",No_Measure,Lockdown,Restrict_Mass_Gatherings,30895192256.503326,663432741245.6119,694327933502.1152,1477921,89434,527265238213.377,13152018906.73958,123015484125.49535,3480249.470588235,117345.52941176471
US-NY,"['No_Measure', 'Lockdown', 'Restrict_Mass_Gatherings_and_Schools']",No_Measure,Lockdown,Restrict_Mass_Gatherings_and_Schools,38347223472.47429,631177050939.9302,669524274412.4044,1267378,84268,496901715840.68054,12220158440.51138,122055176658.73834,3251680.705882353,108137.29411764706
US-NY,"['No_Measure', 'Lockdown', 'Authorize_Schools_but_Restrict_Mass_Gatherings_and_Others']",No_Measure,Lockdown,Authorize_Schools_but_Restrict_Mass_Gatherings_and_Others,32351023714.45856,655278315011.0448,687629338725.5034,1422704,88130,519597292402.4377,12917388686.594738,122763633922.01234,3422818.9411764704,115021.05882352941
US-NY,"['No_Measure', 'Lockdown', 'Restrict_Mass_Gatherings_and_Schools_and_Others']",No_Measure,Lockdown,Restrict_Mass_Gatherings_and_Schools_and_Others,39034151784.634,618211259391.6775,657245411176.3115,1193053,82211,484648604048.24536,11846482367.868755,121716172975.56334,3159483.3529411764,104471.64705882354
US-NY,"['No_Measure', 'Lockdown', 'Lockdown']",No_Measure,Lockdown,Lockdown,43661323411.97822,625594840731.2153,669256164143.1936,1234332,83386,491629931997.68835,12060458152.342594,121904450581.18434,3212361.470588235,106566.52941176471
US-NY,"['Restrict_Mass_Gatherings', 'No_Measure', 'No_Measure']",Restrict_Mass_Gatherings,No_Measure,No_Measure,24221577011.494255,1056074610226.9187,1080296187238.413,2984026,152742,900631742402.145,25557889689.88324,129884978134.89035,6666582.705882353,232820.29411764708
US-NY,"['Restrict_Mass_Gatherings', 'No_Measure', 'Restrict_Mass_Gatherings']",Restrict_Mass_Gatherings,No_Measure,Restrict_Mass_Gatherings,26527063278.886875,1039760971965.1716,1066288035244.0585,2897942,150126,885189485185.2139,25079146291.38339,129492340488.57434,6547859.117647059,228153.8823529412
US-NY,"['Restrict_Mass_Gatherings', 'No_Measure', 'Restrict_Mass_Gatherings_and_Schools']",Restrict_Mass_Gatherings,No_Measure,Restrict_Mass_Gatherings_and_Schools,33560662068.965523,989124717151.1882,1022685379220.1538,2628783,142011,837266272611.9242,23593764896.430683,128264679642.83334,6179588.882352941,213671.11764705883
US-NY,"['Restrict_Mass_Gatherings', 'No_Measure', 'Authorize_Schools_but_Restrict_Mass_Gatherings_and_Others']",Restrict_Mass_Gatherings,No_Measure,Authorize_Schools_but_Restrict_Mass_Gatherings_and_Others,27988220084.694492,1029414564463.1034,1057402784547.7979,2843471,148483,875392274518.4211,24778397079.736923,129243892864.94534,6473306.05882353,225220.9411764706
US-NY,"['Restrict_Mass_Gatherings', 'No_Measure', 'Restrict_Mass_Gatherings_and_Schools_and_Others']",Restrict_Mass_Gatherings,No_Measure,Restrict_Mass_Gatherings_and_Schools_and_Others,33355330490.01815,949612257935.6195,982967588425.6377,2429466,135665,799830739949.4438,22425942912.72539,127355575073.45035,5888832.94117647,202345.05882352943
US-NY,"['Restrict_Mass_Gatherings', 'No_Measure', 'Lockdown']",Restrict_Mass_Gatherings,No_Measure,Lockdown,38508912038.71748,972350609745.3945,1010859521784.112,2544487,139314,821373314763.3243,23097097740.54094,127880197241.52934,6055837.05882353,208858.9411764706
US-NY,"['Restrict_Mass_Gatherings', 'Restrict_Mass_Gatherings', 'No_Measure']",Restrict_Mass_Gatherings,Restrict_Mass_Gatherings,No_Measure,25331101512.401695,961640107613.0933,986971209125.495,2730406,137421,810172051406.7676,22739863999.815254,128728192206.51035,5924784.294117647,207483.70588235295
US-NY,"['Restrict_Mass_Gatherings', 'Restrict_Mass_Gatherings', 'Restrict_Mass_Gatherings']",Restrict_Mass_Gatherings,Restrict_Mass_Gatherings,Restrict_Mass_Gatherings,27519187416.81791,943716888929.1394,971236076345.9573,2627876,134546,793238998635.149,22217347567.950047,128260542726.04034,5795899.823529412,202356.17647058825
US-NY,"['Restrict_Mass_Gatherings', 'Restrict_Mass_Gatherings', 'Restrict_Mass_Gatherings_and_Schools']",Restrict_Mass_Gatherings,Restrict_Mass_Gatherings,Restrict_Mass_Gatherings_and_Schools,34248934422.262554,888478969880.1111,922727904302.3737,2316152,125693,741033414255.0104,20606816923.73633,126838738701.36435,5398185.411764706,186574.58823529413
US-NY,"['Restrict_Mass_Gatherings', 'Restrict_Mass_Gatherings', 'Authorize_Schools_but_Restrict_Mass_Gatherings_and_Others']",Restrict_Mass_Gatherings,Restrict_Mass_Gatherings,Authorize_Schools_but_Restrict_Mass_Gatherings_and_Others,28917132486.388386,932681097419.5415,961598229905.9299,2564550,132771,782813884537.1804,21895506311.594738,127971706570.76634,5716510.94117647,199198.05882352943
US-NY,"['Restrict_Mass_Gatherings', 'Restrict_Mass_Gatherings', 'Restrict_Mass_Gatherings_and_Schools_and_Others']",Restrict_Mass_Gatherings,Restrict_Mass_Gatherings,Restrict_Mass_Gatherings_and_Schools_and_Others,34073763157.894737,852120694938.4387,886194458096.3335,2121060,119851,706632971508.9923,19538818654.19007,125948904775.25635,5133556.529411765,176153.4705882353
US-NY,"['Restrict_Mass_Gatherings', 'Restrict_Mass_Gatherings', 'Lockdown']",Restrict_Mass_Gatherings,Restrict_Mass_Gatherings,Lockdown,39239458802.17786,874208196734.63,913447655536.8079,2237778,123388,727540701869.0762,20186227737.21549,126481267128.33835,5294072.352941177,182465.64705882355
US-NY,"['Restrict_Mass_Gatherings', 'Restrict_Mass_Gatherings_and_Schools', 'No_Measure']",Restrict_Mass_Gatherings,Restrict_Mass_Gatherings_and_Schools,No_Measure,26340646823.956444,619936549363.206,646277196187.1625,1617369,82048,483687411509.50946,12597617594.849247,123651520258.84735,3291543.0,114483.00000000001
US-NY,"['Restrict_Mass_Gatherings', 'Restrict_Mass_Gatherings_and_Schools', 'Restrict_Mass_Gatherings']",Restrict_Mass_Gatherings,Restrict_Mass_Gatherings_and_Schools,Restrict_Mass_Gatherings,28139047186.932846,596452844980.1963,624591892167.1292,1460250,78293,461595756427.6439,11922203607.48596,122934884945.06635,3126152.882352941,107795.11764705883
US-NY,"['Restrict_Mass_Gatherings', 'Restrict_Mass_Gatherings_and_Schools', 'Restrict_Mass_Gatherings_and_Schools']",Restrict_Mass_Gatherings,Restrict_Mass_Gatherings_and_Schools,Restrict_Mass_Gatherings_and_Schools,34890145553.53902,549462020922.69324,584352166476.2323,1151517,70785,417365249844.24207,10570047910.951818,121526723167.49934,2794764.7647058824,94420.23529411765
US-NY,"['Restrict_Mass_Gatherings', 'Restrict_Mass_Gatherings_and_Schools', 'Authorize_Schools_but_Restrict_Mass_Gatherings_and_Others']",Restrict_Mass_Gatherings,Restrict_Mass_Gatherings_and_Schools,Authorize_Schools_but_Restrict_Mass_Gatherings_and_Others,29395456503.327282,584020257887.0908,613415714390.4181,1377097,76305,449900243064.11053,11564398943.060894,122555615879.91934,3038512.6470588236,104253.35294117648
US-NY,"['Restrict_Mass_Gatherings', 'Restrict_Mass_Gatherings_and_Schools', 'Restrict_Mass_Gatherings_and_Schools_and_Others']",Restrict_Mass_Gatherings,Restrict_Mass_Gatherings_and_Schools,Restrict_Mass_Gatherings_and_Schools_and_Others,35262921173.62372,528945541285.44336,564208462459.0671,1033184,67511,397983892495.56366,9974654150.347324,120986994639.53235,2647827.6470588236,88581.35294117648
US-NY,"['Restrict_Mass_Gatherings', 'Restrict_Mass_Gatherings_and_Schools', 'Lockdown']",Restrict_Mass_Gatherings,Restrict_Mass_Gatherings_and_Schools,Lockdown,40000790078.64489,538688404585.2528,578689194663.8977,1089970,69071,407184797931.9265,10257605445.9799,121246001207.34634,2717540.0,91362.0
US-NY,"['Restrict_Mass_Gatherings', 'Authorize_Schools_but_Restrict_Mass_Gatherings_and_Others', 'No_Measure']",Restrict_Mass_Gatherings,Authorize_Schools_but_Restrict_Mass_Gatherings_and_Others,No_Measure,25864241500.302483,896614706470.4706,922478947970.7731,2545934,126854,747930903102.3492,20797006216.33905,127886797151.78235,5415601.588235294,189904.4117647059
US-NY,"['Restrict_Mass_Gatherings', 'Authorize_Schools_but_Restrict_Mass_Gatherings_and_Others', 'Restrict_Mass_Gatherings']",Restrict_Mass_Gatherings,Authorize_Schools_but_Restrict_Mass_Gatherings_and_Others,Restrict_Mass_Gatherings,27898663278.886875,875168932911.2432,903067596190.13,2421878,123422,727673689402.9479,20174278054.05705,127320965454.23834,5262067.94117647,183790.05882352943
US-NY,"['Restrict_Mass_Gatherings', 'Authorize_Schools_but_Restrict_Mass_Gatherings_and_Others', 'Restrict_Mass_Gatherings_and_Schools']",Restrict_Mass_Gatherings,Authorize_Schools_but_Restrict_Mass_Gatherings_and_Others,Restrict_Mass_Gatherings_and_Schools,34398299576.52753,815998831031.1396,850397130607.6672,2077919,113932,671794765247.928,18451931379.914276,125752134403.29735,4837385.176470588,166880.82352941178
US-NY,"['Restrict_Mass_Gatherings', 'Authorize_Schools_but_Restrict_Mass_Gatherings_and_Others', 'Authorize_Schools_but_Restrict_Mass_Gatherings_and_Others']",Restrict_Mass_Gatherings,Authorize_Schools_but_Restrict_Mass_Gatherings_and_Others,Authorize_Schools_but_Restrict_Mass_Gatherings_and_Others,29231676225.045372,862954035749.81,892185711974.8555,2349456,121459,716145139482.1428,19818254725.206917,126990641542.46034,5174408.470588235,180288.52941176473
US-NY,"['Restrict_Mass_Gatherings', 'Authorize_Schools_but_Restrict_Mass_Gatherings_and_Others', 'Restrict_Mass_Gatherings_and_Schools_and_Others']",Restrict_Mass_Gatherings,Authorize_Schools_but_Restrict_Mass_Gatherings_and_Others,Restrict_Mass_Gatherings_and_Schools_and_Others,34205967271.627342,779832078722.0793,814038045993.7067,1880423,108129,637588132049.8464,17392611077.03961,124851335595.19334,4575183.352941177,156530.64705882355
US-NY,"['Restrict_Mass_Gatherings', 'Authorize_Schools_but_Restrict_Mass_Gatherings_and_Others', 'Lockdown']",Restrict_Mass_Gatherings,Authorize_Schools_but_Restrict_Mass_Gatherings_and_Others,Lockdown,39367808106.47308,801322529536.0033,840690337642.4763,1996601,111593,657915603755.6263,18025690825.56163,125381234954.81534,4732001.705882353,162710.29411764708
US-NY,"['Restrict_Mass_Gatherings', 'Restrict_Mass_Gatherings_and_Schools_and_Others', 'No_Measure']",Restrict_Mass_Gatherings,Restrict_Mass_Gatherings_and_Schools_and_Others,No_Measure,21738141258.31821,427355498610.69037,449093639869.0086,802075,50952,300421581643.3129,7001033356.636122,119932883610.74135,1859429.2352941176,62125.76470588236
US-NY,"['Restrict_Mass_Gatherings', 'Restrict_Mass_Gatherings_and_Schools_and_Others', 'Restrict_Mass_Gatherings']",Restrict_Mass_Gatherings,Restrict_Mass_Gatherings_and_Schools_and_Others,Restrict_Mass_Gatherings,24210240955.83787,419257358269.4619,443467599225.2998,739331,49658,292841191628.0834,6769464626.293231,119646702015.08534,1803081.9411764706,59815.05882352941
US-NY,"['Restrict_Mass_Gatherings', 'Restrict_Mass_Gatherings_and_Schools_and_Others', 'Restrict_Mass_Gatherings_and_Schools']",Restrict_Mass_Gatherings,Restrict_Mass_Gatherings_and_Schools_and_Others,Restrict_Mass_Gatherings_and_Schools,32440479673.321236,404662667468.1968,437103147141.518,637803,47350,279124498036.87354,6354546675.509903,119183622755.81334,1701624.5882352942,55699.41176470589
US-NY,"['Restrict_Mass_Gatherings', 'Restrict_Mass_Gatherings_and_Schools_and_Others', 'Authorize_Schools_but_Restrict_Mass_Gatherings_and_Others']",Restrict_Mass_Gatherings,Restrict_Mass_Gatherings_and_Schools_and_Others,Authorize_Schools_but_Restrict_Mass_Gatherings_and_Others,25845185420.44767,415155665464.4495,441000850884.8972,709205,49010,288992962251.07794,6653408866.760272,119509294346.61134,1774784.1176470588,58659.88235294118
US-NY,"['Restrict_Mass_Gatherings', 'Restrict_Mass_Gatherings_and_Schools_and_Others', 'Restrict_Mass_Gatherings_and_Schools_and_Others']",Restrict_Mass_Gatherings,Restrict_Mass_Gatherings_and_Schools_and_Others,Restrict_Mass_Gatherings_and_Schools_and_Others,33481929098.60859,400648445108.3412,434130374206.94977,613141,46699,275340709890.5205,6236598285.545374,119071136932.27534,1672599.4117647058,54538.58823529412
US-NY,"['Restrict_Mass_Gatherings', 'Restrict_Mass_Gatherings_and_Schools_and_Others', 'Lockdown']",Restrict_Mass_Gatherings,Restrict_Mass_Gatherings_and_Schools_and_Others,Lockdown,37905509679.37084,402871486081.2605,440776995760.63135,625900,47047,277442564182.76495,6299589904.07922,119129331994.41635,1688125.705882353,55157.29411764706
US-NY,"['Restrict_Mass_Gatherings', 'Lockdown', 'No_Measure']",Restrict_Mass_Gatherings,Lockdown,No_Measure,29538791893.52692,537957340059.5481,567496131953.0751,1287910,68804,405609384161.81866,10199130754.323086,122148825143.40634,2676659.117647059,92100.88235294119
US-NY,"['Restrict_Mass_Gatherings', 'Lockdown', 'Restrict_Mass_Gatherings']",Restrict_Mass_Gatherings,Lockdown,Restrict_Mass_Gatherings,31424410889.2922,517135221245.50824,548559632134.8004,1143009,65471,386047755625.1203,9599548283.180609,121487917337.20735,2529980.1764705884,86156.82352941178
US-NY,"['Restrict_Mass_Gatherings', 'Lockdown', 'Restrict_Mass_Gatherings_and_Schools']",Restrict_Mass_Gatherings,Lockdown,Restrict_Mass_Gatherings_and_Schools,38744007985.48094,483451700997.5558,522195708983.03674,913914,60106,354373808557.05115,8634900078.702335,120442992361.80234,2293959.705882353,76595.29411764706
US-NY,"['Restrict_Mass_Gatherings', 'Lockdown', 'Authorize_Schools_but_Restrict_Mass_Gatherings_and_Others']",Restrict_Mass_Gatherings,Lockdown,Authorize_Schools_but_Restrict_Mass_Gatherings_and_Others,32798027828.191166,507524125456.1776,540322153284.3688,1076275,63941,377015936003.6268,9324652496.00946,121183536956.54135,2462770.3529411764,83429.64705882354
US-NY,"['Restrict_Mass_Gatherings', 'Lockdown', 'Restrict_Mass_Gatherings_and_Schools_and_Others']",Restrict_Mass_Gatherings,Lockdown,Restrict_Mass_Gatherings_and_Schools_and_Others,39429151663.64186,470872466735.87756,510301618399.5194,839339,58090,342500408947.2456,8269209384.754656,120102848403.87735,2203842.470588235,73002.52941176471
US-NY,"['Restrict_Mass_Gatherings', 'Lockdown', 'Lockdown']",Restrict_Mass_Gatherings,Lockdown,Lockdown,44050405444.646095,477959912688.1211,522010318132.7672,879789,59219,349198060215.4461,8474507614.247709,120287344858.42734,2254507.117647059,75015.88235294117
US-NY,"['Restrict_Mass_Gatherings_and_Schools', 'No_Measure', 'No_Measure']",Restrict_Mass_Gatherings_and_Schools,No_Measure,No_Measure,27109713732.60738,612958172235.1398,640067885967.7472,2134151,80251,473206403347.06006,13743154765.814365,126008614122.26535,3491691.8235294116,129813.17647058824
US-NY,"['Restrict_Mass_Gatherings_and_Schools', 'No_Measure', 'Restrict_Mass_Gatherings']",Restrict_Mass_Gatherings_and_Schools,No_Measure,Restrict_Mass_Gatherings,28456002056.866302,576723426815.0671,605179428871.9335,1913698,74462,439020715967.97064,12699604682.678097,125003106164.41835,3235414.1764705884,119516.82352941178
US-NY,"['Restrict_Mass_Gatherings_and_Schools', 'No_Measure', 'Restrict_Mass_Gatherings_and_Schools']",Restrict_Mass_Gatherings_and_Schools,No_Measure,Restrict_Mass_Gatherings_and_Schools,32856787416.81791,473166718369.11816,506023505785.9361,1275722,57891,341366605222.5969,9706878677.72687,122093234468.79434,2500003.0588235296,90010.94117647059
US-NY,"['Restrict_Mass_Gatherings_and_Schools', 'No_Measure', 'Authorize_Schools_but_Restrict_Mass_Gatherings_and_Others']",Restrict_Mass_Gatherings_and_Schools,No_Measure,Authorize_Schools_but_Restrict_Mass_Gatherings_and_Others,29309326799.758015,554105210834.0491,583414537633.8071,1774079,70840,417692803070.3397,12046117680.571978,124366290083.13734,3074921.529411765,113069.4705882353
US-NY,"['Restrict_Mass_Gatherings_and_Schools', 'No_Measure', 'Restrict_Mass_Gatherings_and_Schools_and_Others']",Restrict_Mass_Gatherings_and_Schools,No_Measure,Restrict_Mass_Gatherings_and_Schools_and_Others,31860149122.807014,419480486652.73627,451340635775.5433,965555,49288,290658424095.5062,8143530481.968666,120678532075.26135,2114270.705882353,74675.29411764706
US-NY,"['Restrict_Mass_Gatherings_and_Schools', 'No_Measure', 'Lockdown']",Restrict_Mass_Gatherings_and_Schools,No_Measure,Lockdown,37445990441.62129,450465538190.34106,487911528631.96234,1141129,54263,319937128068.7586,9049067650.495123,121479342471.08734,2337951.411764706,83545.58823529413
US-NY,"['Restrict_Mass_Gatherings_and_Schools', 'Restrict_Mass_Gatherings', 'No_Measure']",Restrict_Mass_Gatherings_and_Schools,Restrict_Mass_Gatherings,No_Measure,26705740108.89292,492168858159.09674,518874598267.9897,1668513,60747,358156787411.8465,10127277641.146912,123884793106.10335,2570235.294117647,95796.70588235295
US-NY,"['Restrict_Mass_Gatherings_and_Schools', 'Restrict_Mass_Gatherings', 'Restrict_Mass_Gatherings']",Restrict_Mass_Gatherings_and_Schools,Restrict_Mass_Gatherings,Restrict_Mass_Gatherings,27987888687.23533,457733906398.86237,485721795086.0977,1439075,55259,325752476705.79645,9143126019.324564,122838303673.74135,2329626.2352941176,86032.76470588236
US-NY,"['Restrict_Mass_Gatherings_and_Schools', 'Restrict_Mass_Gatherings', 'Restrict_Mass_Gatherings_and_Schools']",Restrict_Mass_Gatherings_and_Schools,Restrict_Mass_Gatherings,Restrict_Mass_Gatherings_and_Schools,32933672716.27344,372767495625.21405,405701168341.4875,877445,41686,245788257538.08215,6702584444.760568,120276653642.37134,1732059.9411764706,61864.05882352941
US-NY,"['Restrict_Mass_Gatherings_and_Schools', 'Restrict_Mass_Gatherings', 'Authorize_Schools_but_Restrict_Mass_Gatherings_and_Others']",Restrict_Mass_Gatherings_and_Schools,Restrict_Mass_Gatherings,Authorize_Schools_but_Restrict_Mass_Gatherings_and_Others,28860466061.70599,437292249639.849,466152715701.555,1302153,51986,306522806381.03265,8555654382.3529415,122213788876.46335,2185911.294117647,80208.70588235295
US-NY,"['Restrict_Mass_Gatherings_and_Schools', 'Restrict_Mass_Gatherings', 'Restrict_Mass_Gatherings_and_Schools_and_Others']",Restrict_Mass_Gatherings_and_Schools,Restrict_Mass_Gatherings,Restrict_Mass_Gatherings_and_Schools_and_Others,32351662008.46945,328895910291.4324,361247572299.90186,625361,34651,204347645018.98682,5421391710.390186,119126873562.05534,1415487.0588235294,49318.941176470595
US-NY,"['Restrict_Mass_Gatherings_and_Schools', 'Restrict_Mass_Gatherings', 'Lockdown']",Restrict_Mass_Gatherings_and_Schools,Restrict_Mass_Gatherings,Lockdown,37703759104.658195,354728032241.5448,392431791346.203,768191,38790,228772054429.01355,6177642480.305942,119778335332.22534,1602780.3529411764,56702.64705882353
US-NY,"['Restrict_Mass_Gatherings_and_Schools', 'Restrict_Mass_Gatherings_and_Schools', 'No_Measure']",Restrict_Mass_Gatherings_and_Schools,Restrict_Mass_Gatherings_and_Schools,No_Measure,27429322807.017544,259665846501.62488,287095169308.6424,515417,23371,137747271624.32764,3293166783.6979017,118625408093.59935,852458.3529411765,30323.64705882353
US-NY,"['Restrict_Mass_Gatherings_and_Schools', 'Restrict_Mass_Gatherings_and_Schools', 'Restrict_Mass_Gatherings']",Restrict_Mass_Gatherings_and_Schools,Restrict_Mass_Gatherings_and_Schools,Restrict_Mass_Gatherings,29692377616.45493,248431541165.51056,278123918781.9655,423389,21585,127251084329.01459,2974797561.6686373,118205659274.82735,775284.8235294118,27132.176470588238
US-NY,"['Restrict_Mass_Gatherings_and_Schools', 'Restrict_Mass_Gatherings_and_Schools', 'Restrict_Mass_Gatherings_and_Schools']",Restrict_Mass_Gatherings_and_Schools,Restrict_Mass_Gatherings_and_Schools,Restrict_Mass_Gatherings_and_Schools,37570279612.825165,228352037221.23047,265922316834.05563,272504,18393,108430846472.58746,2403732896.430683,117517457852.21234,636261.8823529412,21437.117647058825
US-NY,"['Restrict_Mass_Gatherings_and_Schools', 'Restrict_Mass_Gatherings_and_Schools', 'Authorize_Schools_but_Restrict_Mass_Gatherings_and_Others']",Restrict_Mass_Gatherings_and_Schools,Restrict_Mass_Gatherings_and_Schools,Authorize_Schools_but_Restrict_Mass_Gatherings_and_Others,31248441258.31821,243289956416.0684,274538397674.3866,382213,20778,122441032613.32362,2831072340.3414125,118017851462.40335,740437.1764705882,25691.823529411766
US-NY,"['Restrict_Mass_Gatherings_and_Schools', 'Restrict_Mass_Gatherings_and_Schools', 'Restrict_Mass_Gatherings_and_Schools_and_Others']",Restrict_Mass_Gatherings_and_Schools,Restrict_Mass_Gatherings_and_Schools,Restrict_Mass_Gatherings_and_Schools_and_Others,38487311494.25288,221654828756.7871,260142140251.03998,230413,17310,102121479305.55746,2207872817.026308,117325476634.20334,588120.2941176471,19506.705882352944
US-NY,"['Restrict_Mass_Gatherings_and_Schools', 'Restrict_Mass_Gatherings_and_Schools', 'Lockdown']",Restrict_Mass_Gatherings_and_Schools,Restrict_Mass_Gatherings_and_Schools,Lockdown,42968749909.2559,224992891002.5667,267961640911.8226,251277,17862,105264475808.5155,2307775790.3118534,117420639403.73935,612699.8235294118,20490.176470588238
US-NY,"['Restrict_Mass_Gatherings_and_Schools', 'Authorize_Schools_but_Restrict_Mass_Gatherings_and_Others', 'No_Measure']",Restrict_Mass_Gatherings_and_Schools,Authorize_Schools_but_Restrict_Mass_Gatherings_and_Others,No_Measure,26891511796.73321,439228990282.3795,466120502079.11273,1435380,52209,307855870823.3672,8551669046.075968,122821450412.93634,2172114.6470588236,80805.35294117648
US-NY,"['Restrict_Mass_Gatherings_and_Schools', 'Authorize_Schools_but_Restrict_Mass_Gatherings_and_Others', 'Restrict_Mass_Gatherings']",Restrict_Mass_Gatherings_and_Schools,Authorize_Schools_but_Restrict_Mass_Gatherings_and_Others,Restrict_Mass_Gatherings,28238842347.24743,407585275193.59143,435824117540.83887,1215073,47174,278117962055.5961,7650704762.451965,121816608375.54335,1952305.1764705882,71843.82352941176
US-NY,"['Restrict_Mass_Gatherings_and_Schools', 'Authorize_Schools_but_Restrict_Mass_Gatherings_and_Others', 'Restrict_Mass_Gatherings_and_Schools']",Restrict_Mass_Gatherings_and_Schools,Authorize_Schools_but_Restrict_Mass_Gatherings_and_Others,Restrict_Mass_Gatherings_and_Schools,33529296309.73987,331265014192.5689,364794310502.3088,701726,34985,206330877869.22723,5458954436.151346,119475181887.19034,1415827.6470588236,50130.352941176476
US-NY,"['Restrict_Mass_Gatherings_and_Schools', 'Authorize_Schools_but_Restrict_Mass_Gatherings_and_Others', 'Authorize_Schools_but_Restrict_Mass_Gatherings_and_Others']",Restrict_Mass_Gatherings_and_Schools,Authorize_Schools_but_Restrict_Mass_Gatherings_and_Others,Authorize_Schools_but_Restrict_Mass_Gatherings_and_Others,29137960798.548096,388077019505.36316,417214980303.91125,1081869,44066,259775282983.52542,7092684777.490393,121209051744.34735,1815875.2352941176,66307.76470588236
US-NY,"['Restrict_Mass_Gatherings_and_Schools', 'Authorize_Schools_but_Restrict_Mass_Gatherings_and_Others', 'Restrict_Mass_Gatherings_and_Schools_and_Others']",Restrict_Mass_Gatherings_and_Schools,Authorize_Schools_but_Restrict_Mass_Gatherings_and_Others,Restrict_Mass_Gatherings_and_Schools_and_Others,33523486811.85723,303015077579.22076,336538564391.078,530359,30469,179679939328.83728,4641578215.52616,118693560034.85735,1214740.8823529412,42083.117647058825
US-NY,"['Restrict_Mass_Gatherings_and_Schools', 'Authorize_Schools_but_Restrict_Mass_Gatherings_and_Others', 'Lockdown']",Restrict_Mass_Gatherings_and_Schools,Authorize_Schools_but_Restrict_Mass_Gatherings_and_Others,Lockdown,38573338294.01089,320345192271.72815,358918530565.739,630849,33253,196045792906.7853,5147494491.575525,119151904873.36734,1339594.4117647058,47044.58823529412
US-NY,"['Restrict_Mass_Gatherings_and_Schools', 'Restrict_Mass_Gatherings_and_Schools_and_Others', 'No_Measure']",Restrict_Mass_Gatherings_and_Schools,Restrict_Mass_Gatherings_and_Schools_and_Others,No_Measure,26339098306.110104,203301511048.31268,229640609354.4228,192140,14321,84489990242.8493,1660611113.2870235,117150909692.17635,443457.64705882355,14616.352941176472
US-NY,"['Restrict_Mass_Gatherings_and_Schools', 'Restrict_Mass_Gatherings_and_Schools_and_Others', 'Restrict_Mass_Gatherings']",Restrict_Mass_Gatherings_and_Schools,Restrict_Mass_Gatherings_and_Schools_and_Others,Restrict_Mass_Gatherings,29132217967.332123,201195606480.25998,230327824447.5921,174366,13985,82525241548.2157,1600524213.4939404,117069840718.55034,428895.1176470588,14013.882352941177
US-NY,"['Restrict_Mass_Gatherings_and_Schools', 'Restrict_Mass_Gatherings_and_Schools_and_Others', 'Restrict_Mass_Gatherings_and_Schools']",Restrict_Mass_Gatherings_and_Schools,Restrict_Mass_Gatherings_and_Schools_and_Others,Restrict_Mass_Gatherings_and_Schools,37932818572.2928,198406876500.7121,236339695073.00488,152737,13549,79912948444.6645,1522739347.7682528,116971188708.27934,410009.35294117645,13235.64705882353
US-NY,"['Restrict_Mass_Gatherings_and_Schools', 'Restrict_Mass_Gatherings_and_Schools_and_Others', 'Authorize_Schools_but_Restrict_Mass_Gatherings_and_Others']",Restrict_Mass_Gatherings_and_Schools,Restrict_Mass_Gatherings_and_Schools_and_Others,Authorize_Schools_but_Restrict_Mass_Gatherings_and_Others,30937744888.082275,200362981855.00397,231300726743.08624,168136,13868,81741766578.78229,1579790204.4413242,117041425071.78035,423880.5294117647,13805.470588235296
US-NY,"['Restrict_Mass_Gatherings_and_Schools', 'Restrict_Mass_Gatherings_and_Schools_and_Others', 'Restrict_Mass_Gatherings_and_Schools_and_Others']",Restrict_Mass_Gatherings_and_Schools,Restrict_Mass_Gatherings_and_Schools_and_Others,Restrict_Mass_Gatherings_and_Schools_and_Others,39102483242.58923,197347819991.44153,236450303234.03076,146036,13373,78916263801.1911,1490931406.3700857,116940624783.88034,402175.0588235294,12922.94117647059
US-NY,"['Restrict_Mass_Gatherings_and_Schools', 'Restrict_Mass_Gatherings_and_Schools_and_Others', 'Lockdown']",Restrict_Mass_Gatherings_and_Schools,Restrict_Mass_Gatherings_and_Schools_and_Others,Lockdown,43458761705.98911,197824375996.09558,241283137702.0847,149367,13464,79361134058.94553,1507424132.500739,116955817804.64934,406240.0588235294,13084.94117647059
US-NY,"['Restrict_Mass_Gatherings_and_Schools', 'Lockdown', 'No_Measure']",Restrict_Mass_Gatherings_and_Schools,Lockdown,No_Measure,31749331639.443436,229626372094.12402,261375703733.56744,343114,18540,109366757977.56216,2420097063.959503,117839517052.60234,633967.1764705882,21911.823529411766
US-NY,"['Restrict_Mass_Gatherings_and_Schools', 'Lockdown', 'Restrict_Mass_Gatherings']",Restrict_Mass_Gatherings_and_Schools,Lockdown,Restrict_Mass_Gatherings,34292930913.490623,223276397482.58167,257569328396.0723,290386,17548,103434042372.1586,2243335685.892699,117599019424.53035,591159.0588235294,20137.94117647059
US-NY,"['Restrict_Mass_Gatherings_and_Schools', 'Lockdown', 'Restrict_Mass_Gatherings_and_Schools']",Restrict_Mass_Gatherings_and_Schools,Lockdown,Restrict_Mass_Gatherings_and_Schools,42656160556.56382,212412254649.49628,255068415206.0601,207488,15817,93257633936.95926,1933707272.908661,117220913439.62834,515814.5294117647,17048.470588235294
US-NY,"['Restrict_Mass_Gatherings_and_Schools', 'Lockdown', 'Authorize_Schools_but_Restrict_Mass_Gatherings_and_Others']",Restrict_Mass_Gatherings_and_Schools,Lockdown,Authorize_Schools_but_Restrict_Mass_Gatherings_and_Others,35997226255.2934,220882424803.49866,256879651058.79205,269975,17173,101199712999.73653,2176788970.92078,117505922832.84134,575091.2941176471,19467.705882352944
US-NY,"['Restrict_Mass_Gatherings_and_Schools', 'Lockdown', 'Restrict_Mass_Gatherings_and_Schools_and_Others']",Restrict_Mass_Gatherings_and_Schools,Lockdown,Restrict_Mass_Gatherings_and_Schools_and_Others,43706904355.71688,208500492990.7155,252207397346.4324,184128,15202,89563938199.65091,1822188624.0762637,117114366166.98834,488359.4705882353,15951.529411764706
US-NY,"['Restrict_Mass_Gatherings_and_Schools', 'Lockdown', 'Lockdown']",Restrict_Mass_Gatherings_and_Schools,Lockdown,Lockdown,48128614640.04839,210706600601.3263,258835215241.3747,196625,15548,91650062376.99426,1885172003.1407037,117171366221.19135,503907.0,16569.0
US-NY,"['Authorize_Schools_but_Restrict_Mass_Gatherings_and_Others', 'No_Measure', 'No_Measure']",Authorize_Schools_but_Restrict_Mass_Gatherings_and_Others,No_Measure,No_Measure,25285716999.39504,970491530364.8604,995777247364.2554,2873939,138681,817632443248.7296,23476226686.853386,129382860429.27734,6091305.529411765,215459.4705882353
US-NY,"['Authorize_Schools_but_Restrict_Mass_Gatherings_and_Others', 'No_Measure', 'Restrict_Mass_Gatherings']",Authorize_Schools_but_Restrict_Mass_Gatherings_and_Others,No_Measure,Restrict_Mass_Gatherings,27439802056.866306,950724869262.593,978164671319.4594,2766646,135495,798935875841.3658,22895506986.956844,128893486434.27034,5947571.764705882,209785.23529411765
US-NY,"['Authorize_Schools_but_Restrict_Mass_Gatherings_and_Others', 'No_Measure', 'Restrict_Mass_Gatherings_and_Schools']",Authorize_Schools_but_Restrict_Mass_Gatherings_and_Others,No_Measure,Restrict_Mass_Gatherings_and_Schools,33861478402.90381,885043997727.7346,918905476130.6384,2411766,124971,736796334318.5262,20972819788.057938,127274843621.15034,5471365.411764706,191014.58823529413
US-NY,"['Authorize_Schools_but_Restrict_Mass_Gatherings_and_Others', 'No_Measure', 'Authorize_Schools_but_Restrict_Mass_Gatherings_and_Others']",Authorize_Schools_but_Restrict_Mass_Gatherings_and_Others,No_Measure,Authorize_Schools_but_Restrict_Mass_Gatherings_and_Others,28784921960.072594,937554055711.1678,966338977671.2405,2695920,133393,786471540511.8229,22511617052.948566,128570898146.39635,5852513.705882353,206036.29411764708
US-NY,"['Authorize_Schools_but_Restrict_Mass_Gatherings_and_Others', 'No_Measure', 'Restrict_Mass_Gatherings_and_Schools_and_Others']",Authorize_Schools_but_Restrict_Mass_Gatherings_and_Others,No_Measure,Restrict_Mass_Gatherings_and_Schools_and_Others,33430804658.197216,841272521727.8711,874703326386.0684,2180882,117932,695367326563.8207,19683436324.4162,126221758839.63434,5151454.529411765,178454.4705882353
US-NY,"['Authorize_Schools_but_Restrict_Mass_Gatherings_and_Others', 'No_Measure', 'Lockdown']",Authorize_Schools_but_Restrict_Mass_Gatherings_and_Others,No_Measure,Lockdown,38755539745.91652,867864882929.9668,906620422675.8833,2319879,122208,720541874274.4163,20467270738.213127,126855737917.33734,5346027.764705882,186085.23529411765
US-NY,"['Authorize_Schools_but_Restrict_Mass_Gatherings_and_Others', 'Restrict_Mass_Gatherings', 'No_Measure']",Authorize_Schools_but_Restrict_Mass_Gatherings_and_Others,Restrict_Mass_Gatherings,No_Measure,26297486388.384758,876032787720.4436,902330274108.8284,2606625,123336,727250615882.2423,20618557027.01005,128163614811.19135,5343696.0,189537.0
US-NY,"['Authorize_Schools_but_Restrict_Mass_Gatherings_and_Others', 'Restrict_Mass_Gatherings', 'Restrict_Mass_Gatherings']",Authorize_Schools_but_Restrict_Mass_Gatherings_and_Others,Restrict_Mass_Gatherings,Restrict_Mass_Gatherings,28268446581.97217,852718715770.6848,880987162352.657,2473679,119602,705220918726.7189,19940562100.428616,127557234943.53734,5176458.117647059,182883.88235294117
US-NY,"['Authorize_Schools_but_Restrict_Mass_Gatherings_and_Others', 'Restrict_Mass_Gatherings', 'Restrict_Mass_Gatherings_and_Schools']",Authorize_Schools_but_Restrict_Mass_Gatherings_and_Others,Restrict_Mass_Gatherings,Restrict_Mass_Gatherings_and_Schools,34352791409.55838,782205615772.0428,816558407181.6012,2071544,108317,638592902135.6228,17889656239.24771,125723057397.17235,4670240.117647059,162774.88235294117
US-NY,"['Authorize_Schools_but_Restrict_Mass_Gatherings_and_Others', 'Restrict_Mass_Gatherings', 'Authorize_Schools_but_Restrict_Mass_Gatherings_and_Others']",Authorize_Schools_but_Restrict_Mass_Gatherings_and_Others,Restrict_Mass_Gatherings,Authorize_Schools_but_Restrict_Mass_Gatherings_and_Others,29535342407.743496,838499575748.8562,868034918156.5997,2391995,117339,691784351907.677,19530557708.357964,127184666132.82135,5075381.294117647,178857.70588235295
US-NY,"['Authorize_Schools_but_Restrict_Mass_Gatherings_and_Others', 'Restrict_Mass_Gatherings', 'Restrict_Mass_Gatherings_and_Schools_and_Others']",Authorize_Schools_but_Restrict_Mass_Gatherings_and_Others,Restrict_Mass_Gatherings,Restrict_Mass_Gatherings_and_Schools_and_Others,33877587477.313972,738577331838.469,772454919315.783,1834422,101321,597323659182.6799,16612152175.69465,124641520480.09435,4353937.294117647,150297.70588235295
US-NY,"['Authorize_Schools_but_Restrict_Mass_Gatherings_and_Others', 'Restrict_Mass_Gatherings', 'Lockdown']",Authorize_Schools_but_Restrict_Mass_Gatherings_and_Others,Restrict_Mass_Gatherings,Lockdown,39209225529.34059,764780999105.6943,803990224635.0349,1974386,105507,622123835753.2958,17377253211.868164,125279910140.53035,4543513.705882353,157763.29411764708
US-NY,"['Authorize_Schools_but_Restrict_Mass_Gatherings_and_Others', 'Restrict_Mass_Gatherings_and_Schools', 'No_Measure']",Authorize_Schools_but_Restrict_Mass_Gatherings_and_Others,Restrict_Mass_Gatherings_and_Schools,No_Measure,26381092196.007256,519526063368.5876,545907155564.59485,1363878,65647,387003713302.2257,10027027354.123558,122495322712.23834,2609946.2352941176,91615.76470588236
US-NY,"['Authorize_Schools_but_Restrict_Mass_Gatherings_and_Others', 'Restrict_Mass_Gatherings_and_Schools', 'Restrict_Mass_Gatherings']",Authorize_Schools_but_Restrict_Mass_Gatherings_and_Others,Restrict_Mass_Gatherings_and_Schools,Restrict_Mass_Gatherings,28147911675.741077,496450097757.91437,524598009433.65546,1202335,61973,365323137209.83685,9368451451.596218,121758509096.48134,2449116.0588235296,85072.94117647059
US-NY,"['Authorize_Schools_but_Restrict_Mass_Gatherings_and_Others', 'Restrict_Mass_Gatherings_and_Schools', 'Restrict_Mass_Gatherings_and_Schools']",Authorize_Schools_but_Restrict_Mass_Gatherings_and_Others,Restrict_Mass_Gatherings_and_Schools,Restrict_Mass_Gatherings_and_Schools,34908704174.228676,451384565302.11896,486293269476.34766,894960,54777,322952594723.40674,8075429287.355898,120356541291.35634,2132855.529411765,72251.4705882353
US-NY,"['Authorize_Schools_but_Restrict_Mass_Gatherings_and_Others', 'Restrict_Mass_Gatherings_and_Schools', 'Authorize_Schools_but_Restrict_Mass_Gatherings_and_Others']",Authorize_Schools_but_Restrict_Mass_Gatherings_and_Others,Restrict_Mass_Gatherings_and_Schools,Authorize_Schools_but_Restrict_Mass_Gatherings_and_Others,29386988626.73926,484258366431.9945,513645355058.73376,1116754,60009,353874366569.90125,9015834179.130949,121368165682.96234,2362934.8235294116,81573.17647058824
US-NY,"['Authorize_Schools_but_Restrict_Mass_Gatherings_and_Others', 'Restrict_Mass_Gatherings_and_Schools', 'Restrict_Mass_Gatherings_and_Schools_and_Others']",Authorize_Schools_but_Restrict_Mass_Gatherings_and_Others,Restrict_Mass_Gatherings_and_Schools,Restrict_Mass_Gatherings_and_Schools_and_Others,35352286932.849365,433196926753.5581,468549213686.4075,786546,51854,305789825627.61664,7545046821.571091,119862054304.37035,2002168.0588235294,67039.94117647059
US-NY,"['Authorize_Schools_but_Restrict_Mass_Gatherings_and_Others', 'Restrict_Mass_Gatherings_and_Schools', 'Lockdown']",Authorize_Schools_but_Restrict_Mass_Gatherings_and_Others,Restrict_Mass_Gatherings_and_Schools,Lockdown,40058582093.16395,441965672373.0856,482024254466.2495,838909,53268,314063433057.5113,7801352184.266923,120100887131.30734,2065262.6470588236,69561.35294117648
US-NY,"['Authorize_Schools_but_Restrict_Mass_Gatherings_and_Others', 'Authorize_Schools_but_Restrict_Mass_Gatherings_and_Others', 'No_Measure']",Authorize_Schools_but_Restrict_Mass_Gatherings_and_Others,Authorize_Schools_but_Restrict_Mass_Gatherings_and_Others,No_Measure,26777280096.79371,810149423538.5521,836926703635.3458,2414680,112654,664219101110.4316,18642187764.484184,127288134663.63635,4827774.94117647,171553.05882352943
US-NY,"['Authorize_Schools_but_Restrict_Mass_Gatherings_and_Others', 'Authorize_Schools_but_Restrict_Mass_Gatherings_and_Others', 'Restrict_Mass_Gatherings']",Authorize_Schools_but_Restrict_Mass_Gatherings_and_Others,Authorize_Schools_but_Restrict_Mass_Gatherings_and_Others,Restrict_Mass_Gatherings,28552023351.482155,782395282804.9531,810947306156.4353,2254247,108208,638003497305.422,17835401631.76175,126556383867.76935,4628816.235294118,163633.76470588235
US-NY,"['Authorize_Schools_but_Restrict_Mass_Gatherings_and_Others', 'Authorize_Schools_but_Restrict_Mass_Gatherings_and_Others', 'Restrict_Mass_Gatherings_and_Schools']",Authorize_Schools_but_Restrict_Mass_Gatherings_and_Others,Authorize_Schools_but_Restrict_Mass_Gatherings_and_Others,Restrict_Mass_Gatherings_and_Schools,34459767937.08409,710132750337.8782,744592518274.9623,1827373,96644,569783847227.2391,15739533817.395803,124609369293.24335,4112520.705882353,143033.29411764708
US-NY,"['Authorize_Schools_but_Restrict_Mass_Gatherings_and_Others', 'Authorize_Schools_but_Restrict_Mass_Gatherings_and_Others', 'Authorize_Schools_but_Restrict_Mass_Gatherings_and_Others']",Authorize_Schools_but_Restrict_Mass_Gatherings_and_Others,Authorize_Schools_but_Restrict_Mass_Gatherings_and_Others,Authorize_Schools_but_Restrict_Mass_Gatherings_and_Others,29705366485.178463,765691968705.8788,795397335191.0573,2156656,105541,622229316608.4073,17351390442.211056,126111261655.26035,4509512.0,158880.0
US-NY,"['Authorize_Schools_but_Restrict_Mass_Gatherings_and_Others', 'Authorize_Schools_but_Restrict_Mass_Gatherings_and_Others', 'Restrict_Mass_Gatherings_and_Schools_and_Others']",Authorize_Schools_but_Restrict_Mass_Gatherings_and_Others,Authorize_Schools_but_Restrict_Mass_Gatherings_and_Others,Restrict_Mass_Gatherings_and_Schools_and_Others,34045084513.006657,669017545826.6067,703062630339.6134,1598729,90057,530911766982.64197,14539277470.477386,123566501373.48735,3815779.0,131289.0
US-NY,"['Authorize_Schools_but_Restrict_Mass_Gatherings_and_Others', 'Authorize_Schools_but_Restrict_Mass_Gatherings_and_Others', 'Lockdown']",Authorize_Schools_but_Restrict_Mass_Gatherings_and_Others,Authorize_Schools_but_Restrict_Mass_Gatherings_and_Others,Lockdown,39326581488.20326,693307422757.6917,732634004245.8949,1731669,93951,553884733971.3057,15249834911.838604,124172853874.54735,3991613.3529411764,138233.64705882352
US-NY,"['Authorize_Schools_but_Restrict_Mass_Gatherings_and_Others', 'Restrict_Mass_Gatherings_and_Schools_and_Others', 'No_Measure']",Authorize_Schools_but_Restrict_Mass_Gatherings_and_Others,Restrict_Mass_Gatherings_and_Schools_and_Others,No_Measure,22724185662.431942,377754646214.7919,400478831877.2238,681048,42821,252504592200.91006,5869186531.813478,119380867482.06834,1557595.3529411764,52142.64705882353
US-NY,"['Authorize_Schools_but_Restrict_Mass_Gatherings_and_Others', 'Restrict_Mass_Gatherings_and_Schools_and_Others', 'Restrict_Mass_Gatherings']",Authorize_Schools_but_Restrict_Mass_Gatherings_and_Others,Restrict_Mass_Gatherings_and_Schools_and_Others,Restrict_Mass_Gatherings,25265864670.296432,371058986305.7887,396324850976.08514,628051,41773,246237657257.39825,5682186130.0251255,119139142918.36534,1512207.0,50271.0
US-NY,"['Authorize_Schools_but_Restrict_Mass_Gatherings_and_Others', 'Restrict_Mass_Gatherings_and_Schools_and_Others', 'Restrict_Mass_Gatherings_and_Schools']",Authorize_Schools_but_Restrict_Mass_Gatherings_and_Others,Restrict_Mass_Gatherings_and_Schools_and_Others,Restrict_Mass_Gatherings_and_Schools,33587162552.93406,358926632276.05304,392513794828.9871,539279,39829,234858842788.1822,5333544449.933491,118734245037.93735,1427166.705882353,46802.29411764706
US-NY,"['Authorize_Schools_but_Restrict_Mass_Gatherings_and_Others', 'Restrict_Mass_Gatherings_and_Schools_and_Others', 'Authorize_Schools_but_Restrict_Mass_Gatherings_and_Others']",Authorize_Schools_but_Restrict_Mass_Gatherings_and_Others,Restrict_Mass_Gatherings_and_Schools_and_Others,Authorize_Schools_but_Restrict_Mass_Gatherings_and_Others,26933467937.08409,367788310002.8522,394721777939.9363,602500,41247,243177506591.7592,5588201133.276678,119022602277.81635,1489357.8235294118,49332.17647058824
US-NY,"['Authorize_Schools_but_Restrict_Mass_Gatherings_and_Others', 'Restrict_Mass_Gatherings_and_Schools_and_Others', 'Restrict_Mass_Gatherings_and_Schools_and_Others']",Authorize_Schools_but_Restrict_Mass_Gatherings_and_Others,Restrict_Mass_Gatherings_and_Schools_and_Others,Restrict_Mass_Gatherings_and_Schools_and_Others,34627683968.542046,354743957395.2935,389371641363.8356,514487,39174,230907782694.2268,5215008429.537394,118621166271.52934,1397994.1764705882,45635.82352941177
US-NY,"['Authorize_Schools_but_Restrict_Mass_Gatherings_and_Others', 'Restrict_Mass_Gatherings_and_Schools_and_Others', 'Lockdown']",Authorize_Schools_but_Restrict_Mass_Gatherings_and_Others,Restrict_Mass_Gatherings_and_Schools_and_Others,Lockdown,39051899879.007866,356987138432.7886,396039038311.79645,527335,39525,233028662743.33505,5278708417.972214,118679767271.48134,1413696.5882352942,46261.41176470589
US-NY,"['Authorize_Schools_but_Restrict_Mass_Gatherings_and_Others', 'Lockdown', 'No_Measure']",Authorize_Schools_but_Restrict_Mass_Gatherings_and_Others,Lockdown,No_Measure,29822211615.24501,457521886087.1135,487344097702.3585,1068456,55654,328179989771.68604,8194022591.967189,121147873723.46034,2146766.588235294,74176.41176470589
US-NY,"['Authorize_Schools_but_Restrict_Mass_Gatherings_and_Others', 'Lockdown', 'Restrict_Mass_Gatherings']",Authorize_Schools_but_Restrict_Mass_Gatherings_and_Others,Lockdown,Restrict_Mass_Gatherings,31913977253.478523,442066352538.1501,473980329791.6286,952433,53204,313691658066.0344,7756013137.932308,120618681334.18335,2040189.4117647058,69805.58823529413
US-NY,"['Authorize_Schools_but_Restrict_Mass_Gatherings_and_Others', 'Lockdown', 'Restrict_Mass_Gatherings_and_Schools']",Authorize_Schools_but_Restrict_Mass_Gatherings_and_Others,Lockdown,Restrict_Mass_Gatherings_and_Schools,39330408590.44162,411455497259.1688,450785905849.6105,736903,48324,284939432269.8868,6880437322.568726,119635627666.71335,1826353.4705882352,61107.529411764706
US-NY,"['Authorize_Schools_but_Restrict_Mass_Gatherings_and_Others', 'Lockdown', 'Authorize_Schools_but_Restrict_Mass_Gatherings_and_Others']",Authorize_Schools_but_Restrict_Mass_Gatherings_and_Others,Lockdown,Authorize_Schools_but_Restrict_Mass_Gatherings_and_Others,33425753418.02783,436101168435.7366,469526921853.7644,905053,52258,308110544104.34143,7588047867.831806,120402576463.56334,1999519.4117647058,68119.58823529413
US-NY,"['Authorize_Schools_but_Restrict_Mass_Gatherings_and_Others', 'Lockdown', 'Restrict_Mass_Gatherings_and_Schools_and_Others']",Authorize_Schools_but_Restrict_Mass_Gatherings_and_Others,Lockdown,Restrict_Mass_Gatherings_and_Schools_and_Others,40012839624.92438,398667381927.4888,438680221552.41315,661948,46275,272865752886.8082,6507878549.512267,119293750491.16835,1734432.1764705882,57452.82352941177
US-NY,"['Authorize_Schools_but_Restrict_Mass_Gatherings_and_Others', 'Lockdown', 'Lockdown']",Authorize_Schools_but_Restrict_Mass_Gatherings_and_Others,Lockdown,Lockdown,44643209316.39443,406015808072.1684,450659017388.5628,703675,47466,279806416792.83636,6725319810.190659,119484071469.14134,1788203.1764705882,59579.82352941177
US-NY,"['Restrict_Mass_Gatherings_and_Schools_and_Others', 'No_Measure', 'No_Measure']",Restrict_Mass_Gatherings_and_Schools_and_Others,No_Measure,No_Measure,18967843496.672714,279820218149.7058,298788061646.37854,823046,26382,155588605402.17245,4203078329.663021,120028534417.87035,1056177.1764705882,40280.82352941177
US-NY,"['Restrict_Mass_Gatherings_and_Schools_and_Others', 'No_Measure', 'Restrict_Mass_Gatherings']",Restrict_Mass_Gatherings_and_Schools_and_Others,No_Measure,Restrict_Mass_Gatherings,20556477979.431335,255314288715.3944,275870766694.82574,636542,22506,132625317035.27524,3511100470.144842,119177871209.97435,887949.5294117647,33368.470588235294
US-NY,"['Restrict_Mass_Gatherings_and_Schools_and_Others', 'No_Measure', 'Restrict_Mass_Gatherings_and_Schools']",Restrict_Mass_Gatherings_and_Schools_and_Others,No_Measure,Restrict_Mass_Gatherings_and_Schools,27185186146.400482,211007163748.66162,238192349895.0621,310664,15447,91067876331.71007,2247778026.899202,117691509390.05234,580176.1764705882,20780.823529411766
US-NY,"['Restrict_Mass_Gatherings_and_Schools_and_Others', 'No_Measure', 'Authorize_Schools_but_Restrict_Mass_Gatherings_and_Others']",Restrict_Mass_Gatherings_and_Schools_and_Others,No_Measure,Authorize_Schools_but_Restrict_Mass_Gatherings_and_Others,21710891893.52692,242395307823.6126,264106199717.13953,539101,20437,120520932975.73714,3140941685.560154,118733433162.31534,797827.5882352941,29677.411764705885
US-NY,"['Restrict_Mass_Gatherings_and_Schools_and_Others', 'No_Measure', 'Restrict_Mass_Gatherings_and_Schools_and_Others']",Restrict_Mass_Gatherings_and_Schools_and_Others,No_Measure,Restrict_Mass_Gatherings_and_Schools_and_Others,27720827465.21476,195866359835.97772,223587187301.19247,215146,13030,76798854869.29547,1811662630.9119124,117255842335.77034,473142.5882352941,16474.411764705885
US-NY,"['Restrict_Mass_Gatherings_and_Schools_and_Others', 'No_Measure', 'Lockdown']",Restrict_Mass_Gatherings_and_Schools_and_Others,No_Measure,Lockdown,32395498911.07078,203637878335.68567,236033377246.75644,263079,14271,84127600993.4845,2035807848.0638487,117474469494.13734,528185.8823529412,18686.117647058825
US-NY,"['Restrict_Mass_Gatherings_and_Schools_and_Others', 'Restrict_Mass_Gatherings', 'No_Measure']",Restrict_Mass_Gatherings_and_Schools_and_Others,Restrict_Mass_Gatherings,No_Measure,19612263823.351482,225298658049.38593,244910921872.7374,504272,17646,104108618604.07506,2615464800.0665092,118574574645.24434,661826.2941176471,24837.705882352944
US-NY,"['Restrict_Mass_Gatherings_and_Schools_and_Others', 'Restrict_Mass_Gatherings', 'Restrict_Mass_Gatherings']",Restrict_Mass_Gatherings_and_Schools_and_Others,Restrict_Mass_Gatherings,Restrict_Mass_Gatherings,21758924803.38778,212241206800.9664,234000131604.3542,395939,15589,91911269198.93588,2249480494.7531776,118080457107.27734,573257.3529411765,21161.64705882353
US-NY,"['Restrict_Mass_Gatherings_and_Schools_and_Others', 'Restrict_Mass_Gatherings', 'Restrict_Mass_Gatherings_and_Schools']",Restrict_Mass_Gatherings_and_Schools_and_Others,Restrict_Mass_Gatherings,Restrict_Mass_Gatherings_and_Schools,29280720931.639442,185508361648.23273,214789082579.87216,195169,11346,66853184783.5052,1490451603.6801655,117164725261.04735,388495.9411764706,13591.058823529413
US-NY,"['Restrict_Mass_Gatherings_and_Schools_and_Others', 'Restrict_Mass_Gatherings', 'Authorize_Schools_but_Restrict_Mass_Gatherings_and_Others']",Restrict_Mass_Gatherings_and_Schools_and_Others,Restrict_Mass_Gatherings,Authorize_Schools_but_Restrict_Mass_Gatherings_and_Others,23205247731.39746,205156261626.63916,228361509358.03662,339390,14465,85284582154.63628,2049147952.0765593,117822531519.92635,524650.2941176471,19155.705882352944
US-NY,"['Restrict_Mass_Gatherings_and_Schools_and_Others', 'Restrict_Mass_Gatherings', 'Restrict_Mass_Gatherings_and_Schools_and_Others']",Restrict_Mass_Gatherings_and_Schools_and_Others,Restrict_Mass_Gatherings,Restrict_Mass_Gatherings_and_Schools_and_Others,30084478523.895947,176034552839.49792,206119031363.39386,137210,9834,57917656022.67803,1216528292.7135677,116900368524.10634,321071.0,10896.0
US-NY,"['Restrict_Mass_Gatherings_and_Schools_and_Others', 'Restrict_Mass_Gatherings', 'Lockdown']",Restrict_Mass_Gatherings_and_Schools_and_Others,Restrict_Mass_Gatherings,Lockdown,34638544404.11373,181389506245.48428,216028050649.59802,168248,10685,62976481670.21836,1371088660.397576,117041935914.86835,359222.64705882355,12411.352941176472
US-NY,"['Restrict_Mass_Gatherings_and_Schools_and_Others', 'Restrict_Mass_Gatherings_and_Schools', 'No_Measure']",Restrict_Mass_Gatherings_and_Schools_and_Others,Restrict_Mass_Gatherings_and_Schools,No_Measure,25794349485.783424,163408893442.14166,189203242927.92508,115829,7758,45781384326.48591,824661449.2684009,116802847666.38734,217868.76470588235,7375.235294117648
US-NY,"['Restrict_Mass_Gatherings_and_Schools_and_Others', 'Restrict_Mass_Gatherings_and_Schools', 'Restrict_Mass_Gatherings']",Restrict_Mass_Gatherings_and_Schools_and_Others,Restrict_Mass_Gatherings_and_Schools,Restrict_Mass_Gatherings,28608292256.503326,161723043154.4294,190331335410.93274,100972,7505,44208115066.25014,779844669.6349394,116735083418.54434,207083.9411764706,6922.058823529413
US-NY,"['Restrict_Mass_Gatherings_and_Schools_and_Others', 'Restrict_Mass_Gatherings_and_Schools', 'Restrict_Mass_Gatherings_and_Schools']",Restrict_Mass_Gatherings_and_Schools_and_Others,Restrict_Mass_Gatherings_and_Schools,Restrict_Mass_Gatherings_and_Schools,37347058862.67393,157863072310.0898,195210131172.76373,70681,6874,40599371501.64858,666777639.7058823,116596923168.73535,179559.58823529413,5794.411764705883
US-NY,"['Restrict_Mass_Gatherings_and_Schools_and_Others', 'Restrict_Mass_Gatherings_and_Schools', 'Authorize_Schools_but_Restrict_Mass_Gatherings_and_Others']",Restrict_Mass_Gatherings_and_Schools_and_Others,Restrict_Mass_Gatherings_and_Schools,Authorize_Schools_but_Restrict_Mass_Gatherings_and_Others,30387113914.095585,160472665301.8393,190859779215.93488,91001,7308,43038463141.846634,744597459.5772983,116689604700.41534,198521.35294117648,6569.64705882353
US-NY,"['Restrict_Mass_Gatherings_and_Schools_and_Others', 'Restrict_Mass_Gatherings_and_Schools', 'Restrict_Mass_Gatherings_and_Schools_and_Others']",Restrict_Mass_Gatherings_and_Schools_and_Others,Restrict_Mass_Gatherings_and_Schools,Restrict_Mass_Gatherings_and_Schools_and_Others,38514767574.10768,156626372063.69516,195141139637.80286,63706,6693,39427354450.4863,633908109.998522,116565109503.21034,171466.88235294117,5471.117647058824
US-NY,"['Restrict_Mass_Gatherings_and_Schools_and_Others', 'Restrict_Mass_Gatherings_and_Schools', 'Lockdown']",Restrict_Mass_Gatherings_and_Schools_and_Others,Restrict_Mass_Gatherings_and_Schools,Lockdown,42873109074.410164,157293077010.82217,200166186085.23233,67326,6791,40059574580.74676,651881748.4850724,116581620681.59035,175898.41176470587,5647.588235294118
US-NY,"['Restrict_Mass_Gatherings_and_Schools_and_Others', 'Authorize_Schools_but_Restrict_Mass_Gatherings_and_Others', 'No_Measure']",Restrict_Mass_Gatherings_and_Schools_and_Others,Authorize_Schools_but_Restrict_Mass_Gatherings_and_Others,No_Measure,20545961343.012703,204127360241.82355,224673321584.83624,375912,14273,84134575608.18166,2003672656.037541,117989111977.60434,509987.5882352941,18880.411764705885
US-NY,"['Restrict_Mass_Gatherings_and_Schools_and_Others', 'Authorize_Schools_but_Restrict_Mass_Gatherings_and_Others', 'Restrict_Mass_Gatherings']",Restrict_Mass_Gatherings_and_Schools_and_Others,Authorize_Schools_but_Restrict_Mass_Gatherings_and_Others,Restrict_Mass_Gatherings,22835364488.808228,193584895464.39825,216420259953.20648,287575,12589,74295259642.61539,1703437646.541531,117586198175.24135,437238.70588235295,15869.29411764706
US-NY,"['Restrict_Mass_Gatherings_and_Schools_and_Others', 'Authorize_Schools_but_Restrict_Mass_Gatherings_and_Others', 'Restrict_Mass_Gatherings_and_Schools']",Restrict_Mass_Gatherings_and_Schools_and_Others,Authorize_Schools_but_Restrict_Mass_Gatherings_and_Others,Restrict_Mass_Gatherings_and_Schools,30788392437.99153,174934811537.60187,205723203975.59338,147214,9645,56811947923.387146,1176865855.7123854,116945997758.50235,309080.70588235295,10616.29411764706
US-NY,"['Restrict_Mass_Gatherings_and_Schools_and_Others', 'Authorize_Schools_but_Restrict_Mass_Gatherings_and_Others', 'Authorize_Schools_but_Restrict_Mass_Gatherings_and_Others']",Restrict_Mass_Gatherings_and_Schools_and_Others,Authorize_Schools_but_Restrict_Mass_Gatherings_and_Others,Authorize_Schools_but_Restrict_Mass_Gatherings_and_Others,24393319842.710224,188460468276.03156,212853788118.7418,246664,11784,69500983134.74156,1559886087.237659,117399599054.05234,402429.1176470588,14430.882352941177
US-NY,"['Restrict_Mass_Gatherings_and_Schools_and_Others', 'Authorize_Schools_but_Restrict_Mass_Gatherings_and_Others', 'Restrict_Mass_Gatherings_and_Schools_and_Others']",Restrict_Mass_Gatherings_and_Schools_and_Others,Authorize_Schools_but_Restrict_Mass_Gatherings_and_Others,Restrict_Mass_Gatherings_and_Schools_and_Others,31740124742.891712,168932219525.49536,200672344268.3871,109984,8684,51153224404.94745,1002807077.8155483,116776188042.73235,266275.1176470588,8901.882352941177
US-NY,"['Restrict_Mass_Gatherings_and_Schools_and_Others', 'Authorize_Schools_but_Restrict_Mass_Gatherings_and_Others', 'Lockdown']",Restrict_Mass_Gatherings_and_Schools_and_Others,Authorize_Schools_but_Restrict_Mass_Gatherings_and_Others,Lockdown,36210027283.726555,172180070790.69336,208390098074.41992,129232,9203,54219096774.00848,1096993940.4005322,116863980076.28435,289487.8823529412,9827.117647058823
US-NY,"['Restrict_Mass_Gatherings_and_Schools_and_Others', 'Restrict_Mass_Gatherings_and_Schools_and_Others', 'No_Measure']",Restrict_Mass_Gatherings_and_Schools_and_Others,Restrict_Mass_Gatherings_and_Schools_and_Others,No_Measure,26607629885.057472,154218135457.62784,180825765342.6853,59204,6288,37113538887.28694,560021134.8285545,116544575435.51234,151859.35294117648,4814.64705882353
US-NY,"['Restrict_Mass_Gatherings_and_Schools_and_Others', 'Restrict_Mass_Gatherings_and_Schools_and_Others', 'Restrict_Mass_Gatherings']",Restrict_Mass_Gatherings_and_Schools_and_Others,Restrict_Mass_Gatherings_and_Schools_and_Others,Restrict_Mass_Gatherings,29506485541.439808,153819971800.94067,183326457342.3805,56242,6232,36738841141.58268,550065199.0836536,116531065460.27434,149444.0588235294,4714.941176470588
US-NY,"['Restrict_Mass_Gatherings_and_Schools_and_Others', 'Restrict_Mass_Gatherings_and_Schools_and_Others', 'Restrict_Mass_Gatherings_and_Schools']",Restrict_Mass_Gatherings_and_Schools_and_Others,Restrict_Mass_Gatherings_and_Schools_and_Others,Restrict_Mass_Gatherings_and_Schools,38435843920.14519,153293998604.68115,191729842524.82635,52650,6157,36242649881.265465,536666730.74933493,116514681992.66635,146181.64705882352,4581.352941176471
US-NY,"['Restrict_Mass_Gatherings_and_Schools_and_Others', 'Restrict_Mass_Gatherings_and_Schools_and_Others', 'Authorize_Schools_but_Restrict_Mass_Gatherings_and_Others']",Restrict_Mass_Gatherings_and_Schools_and_Others,Restrict_Mass_Gatherings_and_Schools_and_Others,Authorize_Schools_but_Restrict_Mass_Gatherings_and_Others,31348204839.68542,153663487304.75858,185011692144.444,55082,6210,36591693211.454,546019507.8702335,116525774585.43434,148460.4705882353,4674.529411764706
US-NY,"['Restrict_Mass_Gatherings_and_Schools_and_Others', 'Restrict_Mass_Gatherings_and_Schools_and_Others', 'Restrict_Mass_Gatherings_and_Schools_and_Others']",Restrict_Mass_Gatherings_and_Schools_and_Others,Restrict_Mass_Gatherings_and_Schools_and_Others,Restrict_Mass_Gatherings_and_Schools_and_Others,39648261282.51664,153176596283.18576,192824857565.7024,51938,6140,36131715827.18567,533445965.8217558,116511434490.17834,145390.41176470587,4549.588235294118
US-NY,"['Restrict_Mass_Gatherings_and_Schools_and_Others', 'Restrict_Mass_Gatherings_and_Schools_and_Others', 'Lockdown']",Restrict_Mass_Gatherings_and_Schools_and_Others,Restrict_Mass_Gatherings_and_Schools_and_Others,Lockdown,43983680943.738655,153251447311.76263,197235128255.50128,52347,6151,36202719496.03801,535427836.0552764,116513299979.66934,145880.0,4569.0
US-NY,"['Restrict_Mass_Gatherings_and_Schools_and_Others', 'Lockdown', 'No_Measure']",Restrict_Mass_Gatherings_and_Schools_and_Others,Lockdown,No_Measure,31099490562.61343,157845484721.47305,188944975284.0865,81528,6883,40532008614.46377,667078697.4209282,116646397409.58835,178647.70588235295,5846.2941176470595
US-NY,"['Restrict_Mass_Gatherings_and_Schools_and_Others', 'Lockdown', 'Restrict_Mass_Gatherings']",Restrict_Mass_Gatherings_and_Schools_and_Others,Lockdown,Restrict_Mass_Gatherings,33966465517.24138,157064254643.64276,191030720160.88416,74100,6755,39807404460.03802,644332617.3884127,116612517566.21634,173162.11764705883,5616.882352941177
US-NY,"['Restrict_Mass_Gatherings_and_Schools_and_Others', 'Lockdown', 'Restrict_Mass_Gatherings_and_Schools']",Restrict_Mass_Gatherings_and_Schools_and_Others,Lockdown,Restrict_Mass_Gatherings_and_Schools,42823738959.467636,155366291018.04028,198190029977.50793,60410,6473,38222426261.455536,593788635.6783919,116550076120.90634,160874.0,5112.0
US-NY,"['Restrict_Mass_Gatherings_and_Schools_and_Others', 'Lockdown', 'Authorize_Schools_but_Restrict_Mass_Gatherings_and_Others']",Restrict_Mass_Gatherings_and_Schools_and_Others,Lockdown,Authorize_Schools_but_Restrict_Mass_Gatherings_and_Others,35786119600.72595,156624632086.56116,192410751687.2871,69849,6673,39401769709.11076,629734043.0830624,116593128334.36734,169622.41176470587,5470.588235294118
US-NY,"['Restrict_Mass_Gatherings_and_Schools_and_Others', 'Lockdown', 'Restrict_Mass_Gatherings_and_Schools_and_Others']",Restrict_Mass_Gatherings_and_Schools_and_Others,Lockdown,Restrict_Mass_Gatherings_and_Schools_and_Others,44018281427.7072,154798982477.9186,198817263905.6258,57194,6390,37684718645.66171,578856205.7345551,116535407626.52234,157189.4705882353,4965.529411764706
US-NY,"['Restrict_Mass_Gatherings_and_Schools_and_Others', 'Lockdown', 'Lockdown']",Restrict_Mass_Gatherings_and_Schools_and_Others,Lockdown,Lockdown,48362552873.56322,155104617750.54462,203467170624.10785,58843,6435,37974824723.825645,586864147.9456104,116542928878.77335,159176.4705882353,5043.529411764706
US-NY,"['Lockdown', 'No_Measure', 'No_Measure']",Lockdown,No_Measure,No_Measure,29410659044.162132,475075920532.2129,504486579576.375,1679008,57895,341357411204.03925,9785847488.065327,123932661840.10834,2470563.0,93213.0
US-NY,"['Lockdown', 'No_Measure', 'Restrict_Mass_Gatherings']",Lockdown,No_Measure,Restrict_Mass_Gatherings,30669678765.88022,440435285780.0303,471104964545.9105,1446330,52360,308769022063.9041,8794869269.139816,122871394446.98634,2228463.529411765,83372.4705882353
US-NY,"['Lockdown', 'No_Measure', 'Restrict_Mass_Gatherings_and_Schools']",Lockdown,No_Measure,Restrict_Mass_Gatherings_and_Schools,35125173865.69873,343394598693.06793,378519772558.76666,816018,36882,217390968976.00623,6007150702.9633465,119996479014.09834,1545095.8823529412,55805.117647058825
US-NY,"['Lockdown', 'No_Measure', 'Authorize_Schools_but_Restrict_Mass_Gatherings_and_Others']",Lockdown,No_Measure,Authorize_Schools_but_Restrict_Mass_Gatherings_and_Others,31500252994.55535,419094632528.4313,450594885522.98663,1303524,48958,288690325484.596,8184264900.6429205,122220042143.19235,2079155.1764705882,77315.82352941178
US-NY,"['Lockdown', 'No_Measure', 'Restrict_Mass_Gatherings_and_Schools_and_Others']",Lockdown,No_Measure,Restrict_Mass_Gatherings_and_Schools_and_Others,34489067332.12341,298568997906.3714,333058065238.4948,556356,29691,175058409653.36502,4698453327.446054,118812134925.56035,1221875.705882353,42983.29411764706
US-NY,"['Lockdown', 'No_Measure', 'Lockdown']",Lockdown,No_Measure,Lockdown,39835403629.76407,323916027563.4597,363751431193.22375,698379,33753,199016697059.8574,5439414614.765001,119459915888.83734,1405201.294117647,50226.705882352944
US-NY,"['Lockdown', 'Restrict_Mass_Gatherings', 'No_Measure']",Lockdown,Restrict_Mass_Gatherings,No_Measure,29297552208.106472,381101578728.21265,410399130936.3191,1254116,42759,252107040088.80637,6999851275.60597,121994687363.80034,1768025.2352941176,66634.76470588236
US-NY,"['Lockdown', 'Restrict_Mass_Gatherings', 'Restrict_Mass_Gatherings']",Lockdown,Restrict_Mass_Gatherings,Restrict_Mass_Gatherings,30482887961.282516,346308562741.30554,376791450702.5881,1011116,37209,219416795174.67664,6005427259.828554,120886340306.80034,1525212.3529411764,56753.64705882353
US-NY,"['Lockdown', 'Restrict_Mass_Gatherings', 'Restrict_Mass_Gatherings_and_Schools']",Lockdown,Restrict_Mass_Gatherings,Restrict_Mass_Gatherings_and_Schools,36115006533.57532,279351512174.38586,315466518707.9612,545631,26546,156496016026.51096,4092279009.0895658,118763217138.78534,1057851.5294117648,37754.470588235294
US-NY,"['Lockdown', 'Restrict_Mass_Gatherings', 'Authorize_Schools_but_Restrict_Mass_Gatherings_and_Others']",Lockdown,Restrict_Mass_Gatherings,Authorize_Schools_but_Restrict_Mass_Gatherings_and_Others,31461315547.489414,329223006393.9026,360684321941.392,889022,34487,203375232326.5283,5518316581.879989,120329457485.49434,1406415.6470588236,51906.352941176476
US-NY,"['Lockdown', 'Restrict_Mass_Gatherings', 'Restrict_Mass_Gatherings_and_Schools_and_Others']",Lockdown,Restrict_Mass_Gatherings,Restrict_Mass_Gatherings_and_Schools_and_Others,36309040350.87719,256520169865.25568,292829210216.1329,402259,22901,134976083888.23683,3434802724.0614843,118109283252.95735,896521.2941176471,31260.705882352944
US-NY,"['Lockdown', 'Restrict_Mass_Gatherings', 'Lockdown']",Lockdown,Restrict_Mass_Gatherings,Lockdown,41115210768.300064,266938069844.706,308053280613.00604,468613,24565,144792255756.25958,3733883672.4430976,118411930416.00334,969710.4705882353,34224.529411764706
US-NY,"['Lockdown', 'Restrict_Mass_Gatherings_and_Schools', 'No_Measure']",Lockdown,Restrict_Mass_Gatherings_and_Schools,No_Measure,31586308892.92196,210968321155.14563,242554630048.0676,320277,15469,91200347147.38675,2032618773.0195096,117735355234.73935,527604.3529411765,18644.64705882353
US-NY,"['Lockdown', 'Restrict_Mass_Gatherings_and_Schools', 'Restrict_Mass_Gatherings']",Lockdown,Restrict_Mass_Gatherings_and_Schools,Restrict_Mass_Gatherings,34003306231.09498,202326420108.45566,236329726339.55063,249814,14087,83126818969.62248,1785634622.9308305,117413966515.90234,467635.29411764705,16173.705882352942
US-NY,"['Lockdown', 'Restrict_Mass_Gatherings_and_Schools', 'Restrict_Mass_Gatherings_and_Schools']",Lockdown,Restrict_Mass_Gatherings_and_Schools,Restrict_Mass_Gatherings_and_Schools,42343121476.10405,191088418305.70685,233431539781.8109,163636,12305,72600412940.21574,1467105239.2107596,117020900126.28035,390177.17647058825,12992.823529411766
US-NY,"['Lockdown', 'Restrict_Mass_Gatherings_and_Schools', 'Authorize_Schools_but_Restrict_Mass_Gatherings_and_Others']",Lockdown,Restrict_Mass_Gatherings_and_Schools,Authorize_Schools_but_Restrict_Mass_Gatherings_and_Others,35697293526.92075,199734053762.9214,235431347289.84213,227959,13684,80705696870.31229,1714073195.351759,117314283697.25734,450356.0,15453.000000000002
US-NY,"['Lockdown', 'Restrict_Mass_Gatherings_and_Schools', 'Restrict_Mass_Gatherings_and_Schools_and_Others']",Lockdown,Restrict_Mass_Gatherings_and_Schools,Restrict_Mass_Gatherings_and_Schools_and_Others,43391009860.85905,187187168526.75946,230578178387.6185,139876,11693,68918392814.46313,1356247298.2559857,116912528414.04034,362916.17647058825,11900.823529411766
US-NY,"['Lockdown', 'Restrict_Mass_Gatherings_and_Schools', 'Lockdown']",Lockdown,Restrict_Mass_Gatherings_and_Schools,Lockdown,47810464367.81609,189271430902.4534,237081895270.2695,152057,12020,70887743202.40154,1415600539.0925214,116968087160.95935,377536.76470588235,12484.235294117649
US-NY,"['Lockdown', 'Authorize_Schools_but_Restrict_Mass_Gatherings_and_Others', 'No_Measure']",Lockdown,Authorize_Schools_but_Restrict_Mass_Gatherings_and_Others,No_Measure,29179957531.760437,326707833390.2575,355887790922.01794,978486,34023,200566879942.83694,5403441800.990246,120737511646.43034,1368121.8235294118,51273.17647058824
US-NY,"['Lockdown', 'Authorize_Schools_but_Restrict_Mass_Gatherings_and_Others', 'Restrict_Mass_Gatherings']",Lockdown,Authorize_Schools_but_Restrict_Mass_Gatherings_and_Others,Restrict_Mass_Gatherings,30751024077.434967,301669977603.95953,332421001681.39453,789521,30044,177101046262.40237,4693307767.661839,119875623573.89534,1195466.8823529412,44180.117647058825
US-NY,"['Lockdown', 'Authorize_Schools_but_Restrict_Mass_Gatherings_and_Others', 'Restrict_Mass_Gatherings_and_Schools']",Lockdown,Authorize_Schools_but_Restrict_Mass_Gatherings_and_Others,Restrict_Mass_Gatherings_and_Schools,37072789473.68421,250153833262.27307,287226622735.9573,420645,21844,128736903372.55782,3223786270.543896,118193143619.17134,836959.2941176471,29562.705882352944
US-NY,"['Lockdown', 'Authorize_Schools_but_Restrict_Mass_Gatherings_and_Others', 'Authorize_Schools_but_Restrict_Mass_Gatherings_and_Others']",Lockdown,Authorize_Schools_but_Restrict_Mass_Gatherings_and_Others,Authorize_Schools_but_Restrict_Mass_Gatherings_and_Others,31839228070.175438,287167514604.1384,319006742674.31384,682805,27721,163501399828.21396,4277233442.9130955,119388881333.01135,1094046.8823529412,40037.117647058825
US-NY,"['Lockdown', 'Authorize_Schools_but_Restrict_Mass_Gatherings_and_Others', 'Restrict_Mass_Gatherings_and_Schools_and_Others']",Lockdown,Authorize_Schools_but_Restrict_Mass_Gatherings_and_Others,Restrict_Mass_Gatherings_and_Schools_and_Others,37452103992.74047,230953998921.4666,268406102914.2071,303228,18760,110631288337.5289,2665117526.049364,117657593057.88835,699458.5294117647,24065.470588235297
US-NY,"['Lockdown', 'Authorize_Schools_but_Restrict_Mass_Gatherings_and_Others', 'Lockdown']",Lockdown,Authorize_Schools_but_Restrict_Mass_Gatherings_and_Others,Lockdown,42201537326.07381,240801297314.86792,283002834640.9417,361634,20332,119927295949.95465,2950012758.8309193,117923988606.08235,769632.9411764706,26866.058823529413
US-NY,"['Lockdown', 'Restrict_Mass_Gatherings_and_Schools_and_Others', 'No_Measure']",Lockdown,Restrict_Mass_Gatherings_and_Schools_and_Others,No_Measure,31385353236.539623,177884104665.34814,209269457901.88776,121573,10175,59976620595.48451,1078437450.820278,116829046619.04335,289371.29411764705,9423.705882352942
US-NY,"['Lockdown', 'Restrict_Mass_Gatherings_and_Schools_and_Others', 'Restrict_Mass_Gatherings']",Lockdown,Restrict_Mass_Gatherings_and_Schools_and_Others,Restrict_Mass_Gatherings,34237894071.38536,176777602102.27075,211015496173.65613,112123,10000,58944511810.10168,1047146058.6757314,116785944233.49335,281798.5882352941,9109.411764705883
US-NY,"['Lockdown', 'Restrict_Mass_Gatherings_and_Schools_and_Others', 'Restrict_Mass_Gatherings_and_Schools']",Lockdown,Restrict_Mass_Gatherings_and_Schools_and_Others,Restrict_Mass_Gatherings_and_Schools,43102170417.42287,175084750803.59293,218186921221.0158,99414,9739,57356361076.7733,1000412500.5172924,116727977226.30234,270432.17647058825,8642.823529411766
US-NY,"['Lockdown', 'Restrict_Mass_Gatherings_and_Schools_and_Others', 'Authorize_Schools_but_Restrict_Mass_Gatherings_and_Others']",Lockdown,Restrict_Mass_Gatherings_and_Schools_and_Others,Authorize_Schools_but_Restrict_Mass_Gatherings_and_Others,36058026436.78161,176339240147.0307,212397266583.81232,107939,9918,58539884134.29844,1032495417.4549217,116766860595.27734,278246.4117647059,8962.588235294119
US-NY,"['Lockdown', 'Restrict_Mass_Gatherings_and_Schools_and_Others', 'Restrict_Mass_Gatherings_and_Schools_and_Others']",Lockdown,Restrict_Mass_Gatherings_and_Schools_and_Others,Restrict_Mass_Gatherings_and_Schools_and_Others,44297198306.1101,174672587462.96628,218969785769.0764,96266,9658,56973201488.080635,985767088.2352941,116713618886.65034,266832.5294117647,8498.470588235296
US-NY,"['Lockdown', 'Restrict_Mass_Gatherings_and_Schools_and_Others', 'Lockdown']",Lockdown,Restrict_Mass_Gatherings_and_Schools_and_Others,Lockdown,48642312099.213554,174999009815.33484,223641321914.5484,98033,9706,57282769221.29629,994562245.4552174,116721678348.58334,269002.23529411765,8584.764705882353
US-NY,"['Lockdown', 'Lockdown', 'No_Measure']",Lockdown,Lockdown,No_Measure,36376911433.756805,193283157850.586,229660069284.3428,213897,12645,74510121139.61565,1522891187.8510199,117250145523.11934,400494.9411764706,13711.058823529413
US-NY,"['Lockdown', 'Lockdown', 'Restrict_Mass_Gatherings']",Lockdown,Lockdown,Restrict_Mass_Gatherings,39036469086.50938,188931626039.78674,227968095126.2961,177413,11953,70448634758.18494,1399252894.3984628,117083738387.20334,370520.1176470588,12471.882352941177
US-NY,"['Lockdown', 'Lockdown', 'Restrict_Mass_Gatherings_and_Schools']",Lockdown,Lockdown,Restrict_Mass_Gatherings_and_Schools,47641509497.88264,182471242098.70242,230112751596.58505,128389,10931,64394713869.51209,1216393159.3629913,116860135069.82735,326015.29411764705,10647.705882352942
US-NY,"['Lockdown', 'Lockdown', 'Authorize_Schools_but_Restrict_Mass_Gatherings_and_Others']",Lockdown,Lockdown,Authorize_Schools_but_Restrict_Mass_Gatherings_and_Others,40763700544.46461,186764109555.5276,227527810099.9922,160215,11605,68421791902.000435,1337021046.9258056,117005296606.60135,355381.29411764705,11850.705882352942
US-NY,"['Lockdown', 'Lockdown', 'Restrict_Mass_Gatherings_and_Schools_and_Others']",Lockdown,Lockdown,Restrict_Mass_Gatherings_and_Schools_and_Others,48776766424.682396,180748416687.392,229525183112.0744,116868,10638,62777481847.89328,1163348191.2503695,116807586648.24835,312985.5294117647,10124.470588235296
US-NY,"['Lockdown', 'Lockdown', 'Lockdown']",Lockdown,Lockdown,Lockdown,53151776406.53358,181683649512.29645,234835425918.83002,122823,10796,63656825384.12031,1192076135.3827963,116834747992.79335,320048.4705882353,10407.529411764706
